2019-08-28T02:55:35Z,29.86723498,121.53819175,0.601,56.28
2019-08-28T02:55:36Z,29.86723588,121.53819128,0.372,74.66
2019-08-28T02:55:37Z,29.86723686,121.53819078,0.483,84.38
2019-08-28T02:55:38Z,29.86723710,121.53819073,0.231,70.98
2019-08-28T02:55:39Z,29.86723725,121.53819063,0.320,63.16
2019-08-28T02:55:40Z,29.86723771,121.53819038,0.275,51.56
2019-08-28T02:55:41Z,29.86723805,121.53819030,0.400,100.74
2019-08-28T02:55:42Z,29.86723855,121.53819035,0.477,41.57
2019-08-28T02:55:43Z,29.86723883,121.53819020,0.312,41.35
2019-08-28T02:55:44Z,29.86723961,121.53819006,0.587,18.47
2019-08-28T02:55:45Z,29.86724053,121.53819003,0.514,9.64
2019-08-28T02:55:46Z,29.86724106,121.53819000,0.637,3.15
2019-08-28T02:55:47Z,29.86724173,121.53818993,0.764,0.88
2019-08-28T02:55:48Z,29.86724240,121.53818970,0.644,12.35
2019-08-28T02:55:49Z,29.86724493,121.53818985,0.781,3.76
2019-08-28T02:55:50Z,29.86724761,121.53819023,0.801,8.34
2019-08-28T02:55:51Z,29.86725036,121.53819078,0.742,5.94
2019-08-28T02:55:52Z,29.86725313,121.53819158,0.879,15.60
2019-08-28T02:55:53Z,29.86725576,121.53819248,0.870,13.42
2019-08-28T02:55:54Z,29.86725848,121.53819368,0.918,20.54
2019-08-28T02:55:55Z,29.86726121,121.53819483,0.879,24.43
2019-08-28T02:55:56Z,29.86726378,121.53819615,0.894,28.84
2019-08-28T02:55:57Z,29.86726626,121.53819755,0.835,31.98
2019-08-28T02:55:58Z,29.86726861,121.53819903,1.022,40.65
2019-08-28T02:55:59Z,29.86727058,121.53820040,0.664,36.77
2019-08-28T02:56:00Z,29.86727286,121.53820253,1.011,50.76
2019-08-28T02:56:01Z,29.86727425,121.53820433,0.720,50.40
2019-08-28T02:56:02Z,29.86727545,121.53820606,0.788,50.85
2019-08-28T02:56:03Z,29.86727648,121.53820778,0.688,59.61
2019-08-28T02:56:04Z,29.86727750,121.53820960,0.801,60.94
2019-08-28T02:56:05Z,29.86727780,121.53820956,0.611,71.76
2019-08-28T02:56:06Z,29.86727800,121.53820951,0.681,63.23
2019-08-28T02:56:07Z,29.86727806,121.53820956,0.672,63.86
2019-08-28T02:56:08Z,29.86727820,121.53820960,0.670,73.44
2019-08-28T02:56:09Z,29.86727915,121.53821168,0.794,59.65
2019-08-28T02:56:10Z,29.86727928,121.53821176,0.664,56.80
2019-08-28T02:56:11Z,29.86727960,121.53821193,0.600,52.16
2019-08-28T02:56:12Z,29.86728010,121.53821210,0.822,65.97
2019-08-28T02:56:13Z,29.86728046,121.53821228,0.631,54.94
2019-08-28T02:56:14Z,29.86728078,121.53821270,0.663,56.32
2019-08-28T02:56:15Z,29.86728098,121.53821288,0.685,52.99
2019-08-28T02:56:16Z,29.86728143,121.53821353,0.566,55.43
2019-08-28T02:56:17Z,29.86728178,121.53821378,0.557,49.75
2019-08-28T02:56:18Z,29.86728215,121.53821423,0.666,55.73
2019-08-28T02:56:19Z,29.86728263,121.53821490,0.742,37.90
2019-08-28T02:56:20Z,29.86728311,121.53821573,0.688,45.89
2019-08-28T02:56:21Z,29.86728341,121.53821641,0.538,39.54
2019-08-28T02:56:22Z,29.86728381,121.53821723,0.720,48.60
2019-08-28T02:56:23Z,29.86728410,121.53821790,0.609,35.30
2019-08-28T02:56:24Z,29.86728438,121.53821865,0.625,44.36
2019-08-28T02:56:25Z,29.86728475,121.53821943,0.727,40.47
2019-08-28T02:56:26Z,29.86728480,121.53822020,0.561,39.48
2019-08-28T02:56:27Z,29.86728513,121.53822106,0.759,42.16
2019-08-28T02:56:28Z,29.86728553,121.53822206,0.611,41.26
2019-08-28T02:56:29Z,29.86728596,121.53822288,0.540,47.46
2019-08-28T02:56:30Z,29.86728643,121.53822378,0.651,38.62
2019-08-28T02:56:31Z,29.86728685,121.53822478,0.563,47.77
2019-08-28T02:56:32Z,29.86728736,121.53822568,0.488,39.31
2019-08-28T02:56:33Z,29.86728800,121.53822656,0.635,52.63
2019-08-28T02:56:34Z,29.86728860,121.53822730,0.440,45.25
2019-08-28T02:56:35Z,29.86728918,121.53822828,0.633,43.69
2019-08-28T02:56:36Z,29.86728970,121.53822920,0.437,44.65
2019-08-28T02:56:37Z,29.86728995,121.53822980,0.579,49.85
2019-08-28T02:56:38Z,29.86728986,121.53823008,0.644,26.56
2019-08-28T02:56:39Z,29.86728978,121.53823036,0.524,48.03
2019-08-28T02:56:40Z,29.86728995,121.53823081,0.487,33.77
2019-08-28T02:56:41Z,29.86729075,121.53823130,0.711,37.66
2019-08-28T02:56:42Z,29.86729165,121.53823186,0.444,32.07
2019-08-28T02:56:43Z,29.86729258,121.53823228,0.735,37.82
2019-08-28T02:56:44Z,29.86729371,121.53823290,0.653,21.04
2019-08-28T02:56:45Z,29.86729501,121.53823366,0.603,32.24
2019-08-28T02:56:46Z,29.86729636,121.53823428,0.744,25.39
2019-08-28T02:56:47Z,29.86729923,121.53823581,0.763,29.20
2019-08-28T02:56:48Z,29.86730225,121.53823743,0.714,21.18
2019-08-28T02:56:49Z,29.86730526,121.53823883,0.827,19.15
2019-08-28T02:56:50Z,29.86730821,121.53824036,0.813,26.33
2019-08-28T02:56:51Z,29.86731103,121.53824200,0.872,25.99
2019-08-28T02:56:52Z,29.86731371,121.53824333,0.883,17.70
2019-08-28T02:56:53Z,29.86731646,121.53824496,0.992,29.68
2019-08-28T02:56:54Z,29.86731933,121.53824686,1.013,28.39
2019-08-28T02:56:55Z,29.86732251,121.53824865,1.100,22.34
2019-08-28T02:56:56Z,29.86732586,121.53825081,1.174,32.14
2019-08-28T02:56:57Z,29.86732935,121.53825318,1.188,32.93
2019-08-28T02:56:58Z,29.86733293,121.53825563,1.329,35.07
2019-08-28T02:56:59Z,29.86733615,121.53825815,1.190,37.87
2019-08-28T02:57:00Z,29.86733903,121.53826061,1.272,40.66
2019-08-28T02:57:01Z,29.86734155,121.53826365,1.363,52.42
2019-08-28T02:57:02Z,29.86734351,121.53826665,0.994,54.76
2019-08-28T02:57:03Z,29.86734523,121.53827031,1.372,63.93
2019-08-28T02:57:04Z,29.86734660,121.53827411,1.133,75.82
2019-08-28T02:57:05Z,29.86734730,121.53827741,0.964,82.80
2019-08-28T02:57:06Z,29.86734786,121.53828105,1.170,88.13
2019-08-28T02:57:07Z,29.86734815,121.53828428,0.851,93.08
2019-08-28T02:57:08Z,29.86734835,121.53828710,0.800,91.34
2019-08-28T02:57:09Z,29.86734838,121.53828970,0.781,102.15
2019-08-28T02:57:10Z,29.86734840,121.53829198,0.714,99.56
2019-08-28T02:57:11Z,29.86734863,121.53829216,0.679,115.69
2019-08-28T02:57:12Z,29.86734896,121.53829253,0.655,103.76
2019-08-28T02:57:13Z,29.86734921,121.53829283,0.540,107.20
2019-08-28T02:57:14Z,29.86734970,121.53829320,0.581,99.55
2019-08-28T02:57:15Z,29.86734988,121.53829343,0.803,96.15
2019-08-28T02:57:16Z,29.86735015,121.53829403,0.638,74.10
2019-08-28T02:57:17Z,29.86735043,121.53829481,0.744,82.49
2019-08-28T02:57:18Z,29.86735073,121.53829546,0.505,68.40
2019-08-28T02:57:19Z,29.86735090,121.53829575,0.713,70.14
2019-08-28T02:57:20Z,29.86735116,121.53829623,0.666,83.70
2019-08-28T02:57:21Z,29.86735153,121.53829685,0.670,47.93
2019-08-28T02:57:22Z,29.86735191,121.53829735,0.579,68.22
2019-08-28T02:57:23Z,29.86735226,121.53829786,0.685,54.99
2019-08-28T02:57:24Z,29.86735270,121.53829835,0.640,47.11
2019-08-28T02:57:25Z,29.86735306,121.53829885,0.674,37.67
2019-08-28T02:57:26Z,29.86735480,121.53830073,0.913,35.82
2019-08-28T02:57:27Z,29.86735696,121.53830268,0.974,25.68
2019-08-28T02:57:28Z,29.86735921,121.53830501,1.033,40.76
2019-08-28T02:57:29Z,29.86736173,121.53830753,1.226,34.17
2019-08-28T02:57:30Z,29.86736403,121.53831038,1.098,47.66
2019-08-28T02:57:31Z,29.86736671,121.53831375,1.368,45.51
2019-08-28T02:57:32Z,29.86736913,121.53831735,1.235,53.24
2019-08-28T02:57:33Z,29.86737105,121.53832130,1.276,63.54
2019-08-28T02:57:34Z,29.86737271,121.53832543,1.342,67.64
2019-08-28T02:57:35Z,29.86737395,121.53832950,1.277,70.82
2019-08-28T02:57:36Z,29.86737496,121.53833353,1.307,74.57
2019-08-28T02:57:37Z,29.86737556,121.53833741,1.113,84.04
2019-08-28T02:57:38Z,29.86737605,121.53834126,1.177,79.57
2019-08-28T02:57:39Z,29.86737648,121.53834486,1.040,88.30
2019-08-28T02:57:40Z,29.86737691,121.53834816,0.894,86.50
2019-08-28T02:57:41Z,29.86737746,121.53835140,1.048,77.43
2019-08-28T02:57:42Z,29.86737820,121.53835448,0.929,72.37
2019-08-28T02:57:43Z,29.86737915,121.53835741,0.909,67.29
2019-08-28T02:57:44Z,29.86738013,121.53836036,1.035,66.43
2019-08-28T02:57:45Z,29.86738140,121.53836326,0.951,57.46
2019-08-28T02:57:46Z,29.86738285,121.53836595,0.822,54.61
2019-08-28T02:57:47Z,29.86738451,121.53836851,1.003,51.95
2019-08-28T02:57:48Z,29.86738616,121.53837086,0.903,49.92
2019-08-28T02:57:49Z,29.86738801,121.53837320,0.964,47.22
2019-08-28T02:57:50Z,29.86739001,121.53837560,1.087,44.50
2019-08-28T02:57:51Z,29.86739200,121.53837791,0.976,43.42
2019-08-28T02:57:52Z,29.86739415,121.53838041,1.011,47.44
2019-08-28T02:57:53Z,29.86739630,121.53838288,1.131,42.00
2019-08-28T02:57:54Z,29.86739816,121.53838520,0.911,49.45
2019-08-28T02:57:55Z,29.86740035,121.53838788,1.240,48.31
2019-08-28T02:57:56Z,29.86740275,121.53839050,1.092,42.15
2019-08-28T02:57:57Z,29.86740498,121.53839343,1.176,56.51
2019-08-28T02:57:58Z,29.86740735,121.53839611,1.138,39.38
2019-08-28T02:57:59Z,29.86740960,121.53839896,1.346,42.80
2019-08-28T02:58:00Z,29.86741168,121.53840231,1.385,53.28
2019-08-28T02:58:01Z,29.86741358,121.53840568,1.248,53.51
2019-08-28T02:58:02Z,29.86741520,121.53840931,1.444,63.46
2019-08-28T02:58:03Z,29.86741643,121.53841303,1.192,71.74
2019-08-28T02:58:04Z,29.86741750,121.53841683,1.383,71.74
2019-08-28T02:58:05Z,29.86741811,121.53842046,1.146,83.99
2019-08-28T02:58:06Z,29.86741858,121.53842428,1.385,81.59
2019-08-28T02:58:07Z,29.86741938,121.53842793,1.216,72.00
2019-08-28T02:58:08Z,29.86742008,121.53843160,1.276,80.50
2019-08-28T02:58:09Z,29.86742091,121.53843531,1.281,74.20
2019-08-28T02:58:10Z,29.86742185,121.53843885,1.177,72.87
2019-08-28T02:58:11Z,29.86742303,121.53844221,1.224,64.12
2019-08-28T02:58:12Z,29.86742411,121.53844578,1.207,74.89
2019-08-28T02:58:13Z,29.86742535,121.53844920,1.142,61.34
2019-08-28T02:58:14Z,29.86742681,121.53845246,1.179,59.05
2019-08-28T02:58:15Z,29.86742843,121.53845578,1.188,61.04
2019-08-28T02:58:16Z,29.86743018,121.53845865,1.122,52.49
2019-08-28T02:58:17Z,29.86743206,121.53846168,1.235,56.92
2019-08-28T02:58:18Z,29.86743408,121.53846486,1.185,55.35
2019-08-28T02:58:19Z,29.86743561,121.53846791,1.009,67.36
2019-08-28T02:58:20Z,29.86743673,121.53847101,1.194,73.58
2019-08-28T02:58:21Z,29.86743783,121.53847415,1.083,69.77
2019-08-28T02:58:22Z,29.86743850,121.53847740,1.109,83.38
2019-08-28T02:58:23Z,29.86743901,121.53848050,0.987,78.99
2019-08-28T02:58:24Z,29.86743946,121.53848340,0.968,81.81
2019-08-28T02:58:25Z,29.86743933,121.53848618,1.005,104.85
2019-08-28T02:58:26Z,29.86743968,121.53848955,1.301,77.15
2019-08-28T02:58:27Z,29.86744100,121.53849258,1.079,49.55
2019-08-28T02:58:28Z,29.86744345,121.53849528,1.420,36.41
2019-08-28T02:58:29Z,29.86744660,121.53849678,1.292,8.21
2019-08-28T02:58:30Z,29.86745020,121.53849725,1.390,357.43
2019-08-28T02:58:31Z,29.86745388,121.53849648,1.290,333.64
2019-08-28T02:58:32Z,29.86745711,121.53849423,1.333,310.20
2019-08-28T02:58:33Z,29.86745931,121.53849158,1.035,293.83
2019-08-28T02:58:34Z,29.86746040,121.53848823,1.401,274.84
2019-08-28T02:58:35Z,29.86746018,121.53848466,1.464,244.79
2019-08-28T02:58:36Z,29.86745798,121.53848150,1.661,216.66
2019-08-28T02:58:37Z,29.86745483,121.53847956,1.470,196.15
2019-08-28T02:58:38Z,29.86745136,121.53847745,1.703,214.22
2019-08-28T02:58:39Z,29.86744796,121.53847531,1.563,208.71
2019-08-28T02:58:40Z,29.86744451,121.53847288,1.820,212.28
2019-08-28T02:58:41Z,29.86744081,121.53847023,1.889,212.31
2019-08-28T02:58:42Z,29.86743690,121.53846740,1.942,212.60
2019-08-28T02:58:43Z,29.86743288,121.53846458,1.981,210.79
2019-08-28T02:58:44Z,29.86742866,121.53846173,2.039,208.97
2019-08-28T02:58:45Z,29.86742430,121.53845881,2.100,210.10
2019-08-28T02:58:46Z,29.86741985,121.53845585,2.189,208.50
2019-08-28T02:58:47Z,29.86741508,121.53845326,2.129,201.53
2019-08-28T02:58:48Z,29.86741035,121.53845091,2.118,202.79
2019-08-28T02:58:49Z,29.86740551,121.53844866,2.135,201.79
2019-08-28T02:58:50Z,29.86740056,121.53844693,2.059,192.60
2019-08-28T02:58:51Z,29.86739561,121.53844535,2.063,195.37
2019-08-28T02:58:52Z,29.86739051,121.53844401,2.159,191.96
2019-08-28T02:58:53Z,29.86738493,121.53844226,2.503,197.93
2019-08-28T02:58:54Z,29.86737973,121.53844075,2.166,195.65
2019-08-28T02:58:55Z,29.86737360,121.53844036,3.161,175.19
2019-08-28T02:58:56Z,29.86736781,121.53844001,2.181,187.43
2019-08-28T02:58:57Z,29.86736238,121.53844045,2.240,170.57
2019-08-28T02:58:58Z,29.86735701,121.53844060,2.252,183.19
2019-08-28T02:58:59Z,29.86735183,121.53844095,2.114,176.01
2019-08-28T02:59:00Z,29.86734666,121.53844155,2.203,175.56
2019-08-28T02:59:01Z,29.86734173,121.53844228,1.926,174.74
2019-08-28T02:59:02Z,29.86733698,121.53844255,1.929,181.38
2019-08-28T02:59:03Z,29.86733216,121.53844190,2.161,192.54
2019-08-28T02:59:04Z,29.86732801,121.53844120,1.890,186.37
2019-08-28T02:59:05Z,29.86732381,121.53843976,2.131,201.46
2019-08-28T02:59:06Z,29.86732001,121.53843810,1.520,202.68
2019-08-28T02:59:07Z,29.86731646,121.53843620,1.600,207.76
2019-08-28T02:59:08Z,29.86731321,121.53843410,1.424,212.02
2019-08-28T02:59:09Z,29.86730990,121.53843226,1.598,203.53
2019-08-28T02:59:10Z,29.86730660,121.53843015,1.776,211.61
2019-08-28T02:59:11Z,29.86730440,121.53842756,1.209,239.90
2019-08-28T02:59:12Z,29.86730380,121.53842401,1.398,273.60
2019-08-28T02:59:13Z,29.86730408,121.53842033,1.140,272.93
2019-08-28T02:59:14Z,29.86730586,121.53841696,1.385,312.91
2019-08-28T02:59:15Z,29.86730836,121.53841440,1.227,325.71
2019-08-28T02:59:16Z,29.86731158,121.53841295,1.250,351.18
2019-08-28T02:59:17Z,29.86731468,121.53841298,0.994,8.50
2019-08-28T02:59:18Z,29.86731735,121.53841408,0.855,24.44
2019-08-28T02:59:19Z,29.86731925,121.53841541,1.046,34.74
2019-08-28T02:59:20Z,29.86732061,121.53841673,0.596,48.23
2019-08-28T02:59:21Z,29.86732131,121.53841888,1.187,78.58
2019-08-28T02:59:22Z,29.86732175,121.53842088,0.635,69.49
2019-08-28T02:59:23Z,29.86732155,121.53842081,0.740,82.96
2019-08-28T02:59:24Z,29.86732103,121.53842085,0.631,112.05
2019-08-28T02:59:25Z,29.86732058,121.53842100,0.616,111.69
2019-08-28T02:59:26Z,29.86732066,121.53842133,0.579,127.70
2019-08-28T02:59:27Z,29.86732086,121.53842155,0.572,132.63
2019-08-28T02:59:28Z,29.86732111,121.53842185,0.703,156.63
2019-08-28T02:59:29Z,29.86732136,121.53842213,0.561,160.98
2019-08-28T02:59:30Z,29.86732163,121.53842256,0.622,228.14
2019-08-28T02:59:31Z,29.86732176,121.53842295,0.514,177.98
2019-08-28T02:59:32Z,29.86732188,121.53842336,0.429,182.58
2019-08-28T02:59:33Z,29.86732205,121.53842383,0.548,179.54
2019-08-28T02:59:34Z,29.86732225,121.53842433,0.420,183.99
2019-08-28T02:59:35Z,29.86732251,121.53842498,0.451,177.05
2019-08-28T02:59:36Z,29.86732266,121.53842536,0.331,152.14
2019-08-28T02:59:37Z,29.86732276,121.53842566,0.370,175.36
2019-08-28T02:59:38Z,29.86732285,121.53842600,0.346,158.41
2019-08-28T02:59:39Z,29.86732281,121.53842646,0.303,161.30
2019-08-28T02:59:40Z,29.86732266,121.53842738,0.390,162.83
2019-08-28T02:59:41Z,29.86732235,121.53842813,0.238,160.96
2019-08-28T02:59:42Z,29.86732203,121.53842898,0.222,153.29
2019-08-28T02:59:43Z,29.86732163,121.53842976,0.229,161.70
2019-08-28T02:59:44Z,29.86732151,121.53843033,0.201,180.36
2019-08-28T02:59:45Z,29.86732150,121.53843075,0.172,0.00
2019-08-28T02:59:46Z,29.86732141,121.53843088,0.235,171.58
2019-08-28T02:59:47Z,29.86732140,121.53843098,0.209,203.68
2019-08-28T02:59:48Z,29.86732131,121.53843096,0.227,0.00
2019-08-28T02:59:49Z,29.86732115,121.53843118,0.544,175.68
2019-08-28T02:59:50Z,29.86732106,121.53843136,0.440,174.14
2019-08-28T02:59:51Z,29.86732103,121.53843148,0.409,150.13
2019-08-28T02:59:52Z,29.86732091,121.53843150,0.488,182.91
2019-08-28T02:59:53Z,29.86732078,121.53843145,0.933,229.49
2019-08-28T02:59:54Z,29.86732046,121.53843123,0.616,258.63
2019-08-28T02:59:55Z,29.86732010,121.53843093,0.590,228.95
2019-08-28T02:59:56Z,29.86731991,121.53843078,0.637,231.25
2019-08-28T02:59:57Z,29.86731978,121.53843060,0.783,222.88
2019-08-28T02:59:58Z,29.86731961,121.53843063,0.611,212.14
2019-08-28T02:59:59Z,29.86731950,121.53843041,0.625,192.48
2019-08-28T03:00:00Z,29.86731930,121.53843015,0.655,192.46
2019-08-28T03:00:01Z,29.86731900,121.53842985,0.531,199.61
2019-08-28T03:00:02Z,29.86731858,121.53842953,0.640,171.88
2019-08-28T03:00:03Z,29.86731811,121.53842943,0.492,186.56
2019-08-28T03:00:04Z,29.86731735,121.53842938,0.400,186.36
2019-08-28T03:00:05Z,29.86731646,121.53842935,0.455,175.97
2019-08-28T03:00:06Z,29.86731603,121.53842936,0.559,180.97
2019-08-28T03:00:07Z,29.86731568,121.53842943,0.453,183.71
2019-08-28T03:00:08Z,29.86731515,121.53842941,0.525,178.75
2019-08-28T03:00:09Z,29.86731475,121.53842943,0.422,176.62
2019-08-28T03:00:10Z,29.86731423,121.53842940,0.472,177.99
2019-08-28T03:00:11Z,29.86731368,121.53842918,0.351,181.78
2019-08-28T03:00:12Z,29.86731313,121.53842903,0.353,163.89
2019-08-28T03:00:13Z,29.86731231,121.53842885,0.329,186.79
2019-08-28T03:00:14Z,29.86731128,121.53842856,0.296,160.14
2019-08-28T03:00:15Z,29.86731010,121.53842800,0.294,170.96
2019-08-28T03:00:16Z,29.86730963,121.53842776,0.253,171.99
2019-08-28T03:00:17Z,29.86730903,121.53842758,0.351,163.46
2019-08-28T03:00:18Z,29.86730831,121.53842743,0.231,168.60
2019-08-28T03:00:19Z,29.86730745,121.53842743,0.444,147.01
2019-08-28T03:00:20Z,29.86730663,121.53842751,0.259,0.00
2019-08-28T03:00:21Z,29.86730573,121.53842756,0.301,155.63
2019-08-28T03:00:22Z,29.86730476,121.53842765,0.201,179.00
2019-08-28T03:00:23Z,29.86730398,121.53842743,0.253,150.00
2019-08-28T03:00:24Z,29.86730323,121.53842723,0.307,170.23
2019-08-28T03:00:25Z,29.86730261,121.53842718,0.192,165.22
2019-08-28T03:00:26Z,29.86730198,121.53842721,0.242,157.32
2019-08-28T03:00:27Z,29.86730115,121.53842730,0.238,184.45
2019-08-28T03:00:28Z,29.86730046,121.53842736,0.270,178.63
2019-08-28T03:00:29Z,29.86729981,121.53842746,0.357,169.59
2019-08-28T03:00:30Z,29.86729905,121.53842770,0.372,110.21
2019-08-28T03:00:31Z,29.86729855,121.53842780,0.488,156.42
2019-08-28T03:00:32Z,29.86729806,121.53842790,0.438,179.48
2019-08-28T03:00:33Z,29.86729763,121.53842815,0.514,176.09
2019-08-28T03:00:34Z,29.86729730,121.53842806,0.561,176.57
2019-08-28T03:00:35Z,29.86729556,121.53842623,1.639,241.06
2019-08-28T03:00:36Z,29.86729226,121.53842613,1.974,154.42
2019-08-28T03:00:37Z,29.86729206,121.53842603,0.651,35.56
2019-08-28T03:00:38Z,29.86729058,121.53842293,2.327,251.40
2019-08-28T03:00:39Z,29.86728886,121.53841968,0.551,246.10
2019-08-28T03:00:40Z,29.86728795,121.53841898,0.924,193.26
2019-08-28T03:00:41Z,29.86728733,121.53841856,0.864,258.51
2019-08-28T03:00:42Z,29.86728680,121.53841838,0.661,258.31
2019-08-28T03:00:43Z,29.86728551,121.53841776,0.544,264.49
2019-08-28T03:00:44Z,29.86728420,121.53841730,0.581,268.33
2019-08-28T03:00:45Z,29.86728270,121.53841708,0.574,292.12
2019-08-28T03:00:46Z,29.86728120,121.53841721,0.588,287.52
2019-08-28T03:00:47Z,29.86727986,121.53841718,0.483,311.33
2019-08-28T03:00:48Z,29.86727870,121.53841716,0.579,312.39
2019-08-28T03:00:49Z,29.86727765,121.53841703,0.477,326.91
2019-08-28T03:00:50Z,29.86727695,121.53841676,0.583,13.16
2019-08-28T03:00:51Z,29.86727648,121.53841623,0.544,4.76
2019-08-28T03:00:52Z,29.86727603,121.53841603,0.524,341.45
2019-08-28T03:00:53Z,29.86727543,121.53841573,0.492,357.40
2019-08-28T03:00:54Z,29.86727493,121.53841533,0.551,334.29
2019-08-28T03:00:55Z,29.86727478,121.53841500,0.492,337.90
2019-08-28T03:00:56Z,29.86727480,121.53841485,0.472,332.19
2019-08-28T03:00:57Z,29.86727480,121.53841438,0.513,321.15
2019-08-28T03:00:58Z,29.86727475,121.53841416,0.464,315.75
2019-08-28T03:00:59Z,29.86727455,121.53841373,0.557,312.45
2019-08-28T03:01:00Z,29.86727435,121.53841363,0.587,292.52
2019-08-28T03:01:01Z,29.86727400,121.53841373,0.670,289.87
2019-08-28T03:01:02Z,29.86727373,121.53841381,0.637,282.95
2019-08-28T03:01:03Z,29.86727348,121.53841186,0.792,269.13
2019-08-28T03:01:04Z,29.86727330,121.53841185,0.670,248.84
2019-08-28T03:01:05Z,29.86727256,121.53840983,0.764,244.17
2019-08-28T03:01:06Z,29.86727140,121.53840763,0.903,237.57
2019-08-28T03:01:07Z,29.86727126,121.53840748,0.922,222.54
2019-08-28T03:01:08Z,29.86726963,121.53840591,0.861,214.40
2019-08-28T03:01:09Z,29.86726776,121.53840480,0.759,193.68
2019-08-28T03:01:10Z,29.86726768,121.53840453,0.709,163.20
2019-08-28T03:01:11Z,29.86726568,121.53840446,0.729,179.71
2019-08-28T03:01:12Z,29.86726358,121.53840426,0.792,176.74
2019-08-28T03:01:13Z,29.86726136,121.53840396,0.959,180.06
2019-08-28T03:01:14Z,29.86725931,121.53840313,0.881,207.65
2019-08-28T03:01:15Z,29.86725700,121.53840208,1.035,191.55
2019-08-28T03:01:16Z,29.86725455,121.53840156,1.014,169.18
2019-08-28T03:01:17Z,29.86725246,121.53840166,0.705,159.06
2019-08-28T03:01:18Z,29.86725045,121.53840226,0.844,149.47
2019-08-28T03:01:19Z,29.86724861,121.53840310,0.679,134.60
2019-08-28T03:01:20Z,29.86724823,121.53840283,0.581,139.00
2019-08-28T03:01:21Z,29.86724783,121.53840260,0.648,121.96
2019-08-28T03:01:22Z,29.86724751,121.53840243,0.514,119.25
2019-08-28T03:01:23Z,29.86724733,121.53840231,0.424,110.28
2019-08-28T03:01:24Z,29.86724716,121.53840223,0.485,94.27
2019-08-28T03:01:25Z,29.86724696,121.53840236,0.581,106.45
2019-08-28T03:01:26Z,29.86724685,121.53840263,0.331,78.02
2019-08-28T03:01:27Z,29.86724735,121.53840298,0.285,63.42
2019-08-28T03:01:28Z,29.86724793,121.53840323,0.414,75.07
2019-08-28T03:01:29Z,29.86724828,121.53840360,0.416,50.98
2019-08-28T03:01:30Z,29.86724836,121.53840380,0.314,25.82
2019-08-28T03:01:31Z,29.86724850,121.53840385,0.275,33.98
2019-08-28T03:01:32Z,29.86724858,121.53840381,0.385,26.33
2019-08-28T03:01:33Z,29.86724841,121.53840395,0.442,5.28
2019-08-28T03:01:34Z,29.86724836,121.53840410,0.485,350.80
2019-08-28T03:01:35Z,29.86724821,121.53840415,0.529,351.13
2019-08-28T03:01:36Z,29.86724803,121.53840428,0.638,331.45
2019-08-28T03:01:37Z,29.86724805,121.53840436,0.674,320.47
2019-08-28T03:01:38Z,29.86724808,121.53840441,0.740,312.99
2019-08-28T03:01:39Z,29.86724910,121.53840273,0.757,292.29
2019-08-28T03:01:40Z,29.86724998,121.53840053,0.976,290.04
2019-08-28T03:01:41Z,29.86725043,121.53839773,0.963,271.06
2019-08-28T03:01:42Z,29.86725033,121.53839470,1.055,258.98
2019-08-28T03:01:43Z,29.86724936,121.53839190,1.050,234.36
2019-08-28T03:01:44Z,29.86724806,121.53838975,0.727,231.72
2019-08-28T03:01:45Z,29.86724635,121.53838761,1.161,226.05
2019-08-28T03:01:46Z,29.86724451,121.53838625,0.966,200.22
2019-08-28T03:01:47Z,29.86724200,121.53838551,1.287,181.45
2019-08-28T03:01:48Z,29.86723926,121.53838563,1.014,163.28
2019-08-28T03:01:49Z,29.86723685,121.53838658,0.918,149.04
2019-08-28T03:01:50Z,29.86723446,121.53838773,1.057,155.67
2019-08-28T03:01:51Z,29.86723205,121.53838891,1.001,151.79
2019-08-28T03:01:52Z,29.86722955,121.53839006,1.044,156.45
2019-08-28T03:01:53Z,29.86722713,121.53839121,0.994,154.72
2019-08-28T03:01:54Z,29.86722461,121.53839258,1.287,151.13
2019-08-28T03:01:55Z,29.86722211,121.53839385,0.981,153.87
2019-08-28T03:01:56Z,29.86721965,121.53839508,1.022,155.24
2019-08-28T03:01:57Z,29.86721743,121.53839631,0.963,149.90
2019-08-28T03:01:58Z,29.86721491,121.53839745,1.179,161.79
2019-08-28T03:01:59Z,29.86721245,121.53839861,1.088,154.32
2019-08-28T03:02:00Z,29.86720986,121.53839973,1.161,163.00
2019-08-28T03:02:01Z,29.86720731,121.53840103,1.242,155.83
2019-08-28T03:02:02Z,29.86720450,121.53840203,1.261,167.98
2019-08-28T03:02:03Z,29.86720163,121.53840265,1.244,171.67
2019-08-28T03:02:04Z,29.86719850,121.53840323,1.318,167.43
2019-08-28T03:02:05Z,29.86719523,121.53840308,1.290,183.78
2019-08-28T03:02:06Z,29.86719201,121.53840311,1.222,170.43
2019-08-28T03:02:07Z,29.86718845,121.53840340,1.524,174.58
2019-08-28T03:02:08Z,29.86718556,121.53840206,1.350,226.36
2019-08-28T03:02:09Z,29.86718281,121.53839966,1.950,221.11
2019-08-28T03:02:10Z,29.86718153,121.53839650,1.296,268.18
2019-08-28T03:02:11Z,29.86718121,121.53839300,1.231,269.93
2019-08-28T03:02:12Z,29.86718176,121.53838961,1.194,293.03
2019-08-28T03:02:13Z,29.86718305,121.53838688,1.164,309.94
2019-08-28T03:02:14Z,29.86718503,121.53838483,0.922,328.43
2019-08-28T03:02:15Z,29.86718740,121.53838348,0.896,344.65
2019-08-28T03:02:16Z,29.86718978,121.53838271,0.800,355.32
2019-08-28T03:02:17Z,29.86719205,121.53838273,0.857,6.09
2019-08-28T03:02:18Z,29.86719420,121.53838348,0.887,25.82
2019-08-28T03:02:19Z,29.86719620,121.53838478,0.796,35.52
2019-08-28T03:02:20Z,29.86719790,121.53838586,0.727,45.11
2019-08-28T03:02:21Z,29.86719900,121.53838785,1.050,72.95
2019-08-28T03:02:22Z,29.86719945,121.53838986,0.605,85.84
2019-08-28T03:02:23Z,29.86719935,121.53839010,0.544,91.87
2019-08-28T03:02:24Z,29.86719920,121.53839046,0.655,94.05
2019-08-28T03:02:25Z,29.86719910,121.53839083,0.553,127.31
2019-08-28T03:02:26Z,29.86719890,121.53839111,0.475,130.39
2019-08-28T03:02:27Z,29.86719873,121.53839131,0.603,179.16
2019-08-28T03:02:28Z,29.86719855,121.53839151,0.416,142.95
2019-08-28T03:02:29Z,29.86719840,121.53839166,0.537,142.39
2019-08-28T03:02:30Z,29.86719823,121.53839171,0.446,146.98
2019-08-28T03:02:31Z,29.86719806,121.53839190,0.461,144.27
2019-08-28T03:02:32Z,29.86719793,121.53839203,0.455,135.44
2019-08-28T03:02:33Z,29.86719795,121.53839198,0.538,114.22
2019-08-28T03:02:34Z,29.86719788,121.53839213,0.287,114.91
2019-08-28T03:02:35Z,29.86719785,121.53839241,0.314,99.78
2019-08-28T03:02:36Z,29.86719781,121.53839253,0.348,80.21
2019-08-28T03:02:37Z,29.86719783,121.53839303,0.412,86.70
2019-08-28T03:02:38Z,29.86719810,121.53839381,0.409,74.29
2019-08-28T03:02:39Z,29.86719841,121.53839448,0.296,58.77
2019-08-28T03:02:40Z,29.86719845,121.53839481,0.361,62.32
2019-08-28T03:02:41Z,29.86719828,121.53839516,0.335,53.16
2019-08-28T03:02:42Z,29.86719831,121.53839551,0.324,35.56
2019-08-28T03:02:43Z,29.86719831,121.53839591,0.327,38.93
2019-08-28T03:02:44Z,29.86719813,121.53839623,0.288,35.50
2019-08-28T03:02:45Z,29.86719803,121.53839650,0.335,10.04
2019-08-28T03:02:46Z,29.86719803,121.53839675,0.329,31.26
2019-08-28T03:02:47Z,29.86719805,121.53839705,0.524,324.43
2019-08-28T03:02:48Z,29.86719810,121.53839716,0.329,357.95
2019-08-28T03:02:49Z,29.86719820,121.53839720,0.348,356.28
2019-08-28T03:02:50Z,29.86719833,121.53839723,0.435,334.74
2019-08-28T03:02:51Z,29.86719846,121.53839735,0.450,60.07
2019-08-28T03:02:52Z,29.86719870,121.53839748,0.309,3.04
2019-08-28T03:02:53Z,29.86719883,121.53839763,0.364,1.46
2019-08-28T03:02:54Z,29.86719905,121.53839770,0.361,21.02
2019-08-28T03:02:55Z,29.86719913,121.53839781,0.379,355.45
2019-08-28T03:02:56Z,29.86719920,121.53839780,0.340,4.42
2019-08-28T03:02:57Z,29.86719940,121.53839786,0.385,355.15
2019-08-28T03:02:58Z,29.86719958,121.53839796,0.383,345.39
2019-08-28T03:02:59Z,29.86719968,121.53839828,0.359,352.18
2019-08-28T03:03:00Z,29.86719968,121.53839868,0.372,354.84
2019-08-28T03:03:01Z,29.86719973,121.53839915,0.390,324.98
2019-08-28T03:03:02Z,29.86719988,121.53839936,0.338,346.06
2019-08-28T03:03:03Z,29.86720011,121.53839946,0.412,338.32
2019-08-28T03:03:04Z,29.86720036,121.53839961,0.348,321.87
2019-08-28T03:03:05Z,29.86720060,121.53839970,0.353,328.49
2019-08-28T03:03:06Z,29.86720093,121.53839953,0.357,337.25
2019-08-28T03:03:07Z,29.86720120,121.53839958,0.390,328.72
2019-08-28T03:03:08Z,29.86720153,121.53839961,0.390,313.49
2019-08-28T03:03:09Z,29.86720178,121.53839960,0.329,313.57
2019-08-28T03:03:10Z,29.86720196,121.53839945,0.353,308.89
2019-08-28T03:03:11Z,29.86720218,121.53839915,0.301,312.16
2019-08-28T03:03:12Z,29.86720241,121.53839896,0.300,279.13
2019-08-28T03:03:13Z,29.86720260,121.53839891,0.316,317.64
2019-08-28T03:03:14Z,29.86720288,121.53839880,0.387,283.60
2019-08-28T03:03:15Z,29.86720321,121.53839843,0.255,297.12
2019-08-28T03:03:16Z,29.86720353,121.53839821,0.385,273.24
2019-08-28T03:03:17Z,29.86720395,121.53839798,0.255,315.94
2019-08-28T03:03:18Z,29.86720441,121.53839785,0.364,278.09
2019-08-28T03:03:19Z,29.86720468,121.53839785,0.257,263.45
2019-08-28T03:03:20Z,29.86720478,121.53839783,0.216,88.19
2019-08-28T03:03:21Z,29.86720485,121.53839781,0.092,0.00
2019-08-28T03:03:22Z,29.86720488,121.53839781,0.000,0.00
2019-08-28T03:03:23Z,29.86720491,121.53839783,0.000,0.00
2019-08-28T03:03:24Z,29.86720490,121.53839781,0.000,0.00
2019-08-28T03:03:25Z,29.86720493,121.53839786,0.000,0.00
2019-08-28T03:03:26Z,29.86720496,121.53839793,0.000,0.00
2019-08-28T03:03:27Z,29.86720506,121.53839805,0.000,0.00
2019-08-28T03:03:28Z,29.86720516,121.53839803,0.000,0.00
2019-08-28T03:03:29Z,29.86720525,121.53839800,0.000,0.00
2019-08-28T03:03:30Z,29.86720533,121.53839785,0.000,0.00
2019-08-28T03:03:31Z,29.86720541,121.53839756,0.000,0.00
2019-08-28T03:03:32Z,29.86720546,121.53839755,0.000,0.00
2019-08-28T03:03:33Z,29.86720550,121.53839758,0.000,0.00
2019-08-28T03:03:34Z,29.86720556,121.53839766,0.000,0.00
2019-08-28T03:03:35Z,29.86720563,121.53839768,0.000,0.00
2019-08-28T03:03:36Z,29.86720568,121.53839775,0.000,0.00
2019-08-28T03:03:37Z,29.86720575,121.53839780,0.000,0.00
2019-08-28T03:03:38Z,29.86720591,121.53839773,0.000,0.00
2019-08-28T03:03:39Z,29.86720605,121.53839760,0.000,0.00
2019-08-28T03:03:40Z,29.86720618,121.53839740,0.000,0.00
2019-08-28T03:03:41Z,29.86720636,121.53839715,0.000,0.00
2019-08-28T03:03:42Z,29.86720643,121.53839683,0.000,0.00
2019-08-28T03:03:43Z,29.86720658,121.53839641,0.000,0.00
2019-08-28T03:03:44Z,29.86720681,121.53839598,0.000,0.00
2019-08-28T03:03:45Z,29.86720688,121.53839570,0.000,0.00
2019-08-28T03:03:46Z,29.86720705,121.53839541,0.000,0.00
2019-08-28T03:03:47Z,29.86720726,121.53839510,0.000,0.00
2019-08-28T03:03:48Z,29.86720748,121.53839468,1.037,305.17
2019-08-28T03:03:49Z,29.86720771,121.53839425,0.664,290.05
2019-08-28T03:03:50Z,29.86720868,121.53839095,1.277,281.37
2019-08-28T03:03:51Z,29.86720901,121.53838703,1.377,265.88
2019-08-28T03:03:52Z,29.86720828,121.53838366,1.303,239.45
2019-08-28T03:03:53Z,29.86720655,121.53838060,1.739,228.55
2019-08-28T03:03:54Z,29.86720455,121.53837825,1.014,221.36
2019-08-28T03:03:55Z,29.86720275,121.53837676,0.763,201.47
2019-08-28T03:03:56Z,29.86720103,121.53837575,0.813,202.13
2019-08-28T03:03:57Z,29.86719936,121.53837508,0.675,192.48
2019-08-28T03:03:58Z,29.86719921,121.53837493,0.687,187.38
2019-08-28T03:03:59Z,29.86719916,121.53837480,0.511,192.15
2019-08-28T03:04:00Z,29.86719896,121.53837458,0.566,194.89
2019-08-28T03:04:01Z,29.86719875,121.53837448,0.509,195.37
2019-08-28T03:04:02Z,29.86719851,121.53837430,0.481,184.10
2019-08-28T03:04:03Z,29.86719840,121.53837411,0.538,212.86
2019-08-28T03:04:04Z,29.86719836,121.53837375,0.392,206.31
2019-08-28T03:04:05Z,29.86719830,121.53837351,0.485,190.30
2019-08-28T03:04:06Z,29.86719826,121.53837325,0.546,214.21
2019-08-28T03:04:07Z,29.86719808,121.53837295,0.381,183.00
2019-08-28T03:04:08Z,29.86719801,121.53837278,0.501,181.15
2019-08-28T03:04:09Z,29.86719776,121.53837246,0.607,204.00
2019-08-28T03:04:10Z,29.86719741,121.53837215,0.655,213.06
2019-08-28T03:04:11Z,29.86719706,121.53837180,0.729,240.69
2019-08-28T03:04:12Z,29.86719570,121.53836961,0.751,241.24
2019-08-28T03:04:13Z,29.86719530,121.53836921,0.611,223.82
2019-08-28T03:04:14Z,29.86719503,121.53836890,0.722,226.79
2019-08-28T03:04:15Z,29.86719483,121.53836861,0.622,231.45
2019-08-28T03:04:16Z,29.86719453,121.53836826,0.516,201.71
2019-08-28T03:04:17Z,29.86719436,121.53836793,0.653,210.68
2019-08-28T03:04:18Z,29.86719413,121.53836763,0.525,214.26
2019-08-28T03:04:19Z,29.86719401,121.53836723,0.570,200.76
2019-08-28T03:04:20Z,29.86719388,121.53836673,0.594,210.64
2019-08-28T03:04:21Z,29.86719368,121.53836611,0.629,209.04
2019-08-28T03:04:22Z,29.86719351,121.53836550,0.596,211.14
2019-08-28T03:04:23Z,29.86719330,121.53836485,0.729,212.04
2019-08-28T03:04:24Z,29.86719306,121.53836411,0.774,206.48
2019-08-28T03:04:25Z,29.86719270,121.53836308,0.713,214.23
2019-08-28T03:04:26Z,29.86719230,121.53836156,0.646,203.82
2019-08-28T03:04:27Z,29.86719188,121.53836050,0.616,195.47
2019-08-28T03:04:28Z,29.86719138,121.53835951,0.609,209.72
2019-08-28T03:04:29Z,29.86719080,121.53835873,0.629,188.32
2019-08-28T03:04:30Z,29.86719045,121.53835818,0.492,185.36
2019-08-28T03:04:31Z,29.86718990,121.53835778,0.570,183.05
2019-08-28T03:04:32Z,29.86718945,121.53835715,0.485,185.38
2019-08-28T03:04:33Z,29.86718911,121.53835660,0.435,178.62
2019-08-28T03:04:34Z,29.86718861,121.53835586,0.431,176.82
2019-08-28T03:04:35Z,29.86718795,121.53835495,0.457,174.85
2019-08-28T03:04:36Z,29.86718703,121.53835408,0.351,169.28
2019-08-28T03:04:37Z,29.86718621,121.53835333,0.353,168.08
2019-08-28T03:04:38Z,29.86718536,121.53835248,0.292,181.79
2019-08-28T03:04:39Z,29.86718440,121.53835155,0.272,173.84
2019-08-28T03:04:40Z,29.86718340,121.53835056,0.309,172.29
2019-08-28T03:04:41Z,29.86718295,121.53835013,0.238,185.70
2019-08-28T03:04:42Z,29.86718255,121.53834951,0.200,0.00
2019-08-28T03:04:43Z,29.86718180,121.53834866,0.327,177.62
2019-08-28T03:04:44Z,29.86718118,121.53834791,0.175,0.00
2019-08-28T03:04:45Z,29.86718056,121.53834721,0.118,0.00
2019-08-28T03:04:46Z,29.86718015,121.53834673,0.053,0.00
2019-08-28T03:04:47Z,29.86717971,121.53834626,0.000,0.00
2019-08-28T03:04:48Z,29.86717928,121.53834593,0.000,0.00
2019-08-28T03:04:49Z,29.86717891,121.53834576,0.000,0.00
2019-08-28T03:04:50Z,29.86717851,121.53834571,0.000,0.00
2019-08-28T03:04:51Z,29.86717758,121.53834540,0.000,0.00
2019-08-28T03:04:52Z,29.86717710,121.53834526,0.000,0.00
2019-08-28T03:04:53Z,29.86717683,121.53834510,0.000,0.00
2019-08-28T03:04:54Z,29.86717670,121.53834505,0.000,0.00
2019-08-28T03:04:55Z,29.86717283,121.53834211,7.800,214.00
2019-08-28T03:04:56Z,29.86717088,121.53834005,4.405,358.76
2019-08-28T03:04:57Z,29.86716883,121.53833548,2.739,245.70
2019-08-28T03:04:58Z,29.86716658,121.53833368,1.681,166.18
2019-08-28T03:04:59Z,29.86716563,121.53833033,1.805,273.06
2019-08-28T03:05:00Z,29.86716538,121.53832623,1.331,268.56
2019-08-28T03:05:01Z,29.86716638,121.53832285,1.205,312.46
2019-08-28T03:05:02Z,29.86716753,121.53831973,1.137,305.36
2019-08-28T03:05:03Z,29.86716941,121.53831740,1.235,341.04
2019-08-28T03:05:04Z,29.86717165,121.53831591,1.137,346.82
2019-08-28T03:05:05Z,29.86717370,121.53831550,0.994,16.23
2019-08-28T03:05:06Z,29.86717563,121.53831600,1.037,24.87
2019-08-28T03:05:07Z,29.86717678,121.53831701,0.748,64.34
2019-08-28T03:05:08Z,29.86717671,121.53831876,0.887,103.57
2019-08-28T03:05:09Z,29.86717603,121.53831836,0.740,43.16
2019-08-28T03:05:10Z,29.86717526,121.53831795,0.742,58.27
2019-08-28T03:05:11Z,29.86717475,121.53831776,0.683,31.53
2019-08-28T03:05:12Z,29.86717435,121.53831791,0.522,29.16
2019-08-28T03:05:13Z,29.86717405,121.53831795,0.637,18.17
2019-08-28T03:05:14Z,29.86717368,121.53831810,0.600,357.55
2019-08-28T03:05:15Z,29.86717350,121.53831815,0.685,356.75
2019-08-28T03:05:16Z,29.86717320,121.53831843,0.551,336.56
2019-08-28T03:05:17Z,29.86717303,121.53831851,0.587,324.67
2019-08-28T03:05:18Z,29.86717318,121.53831851,0.663,324.85
2019-08-28T03:05:19Z,29.86717321,121.53831828,0.653,323.37
2019-08-28T03:05:20Z,29.86717343,121.53831803,0.698,303.32
2019-08-28T03:05:21Z,29.86717358,121.53831780,0.618,287.56
2019-08-28T03:05:22Z,29.86717375,121.53831758,0.487,291.35
2019-08-28T03:05:23Z,29.86717385,121.53831761,0.588,287.55
2019-08-28T03:05:24Z,29.86717400,121.53831795,0.609,280.79
2019-08-28T03:05:25Z,29.86717411,121.53831801,0.709,264.84
2019-08-28T03:05:26Z,29.86717338,121.53831595,1.620,234.56
2019-08-28T03:05:27Z,29.86717276,121.53831381,1.346,266.09
2019-08-28T03:05:28Z,29.86717135,121.53831220,1.863,204.60
2019-08-28T03:05:29Z,29.86717130,121.53831201,0.842,249.46
2019-08-28T03:05:30Z,29.86717113,121.53831166,0.724,225.85
2019-08-28T03:05:31Z,29.86717091,121.53831125,0.700,223.15
2019-08-28T03:05:32Z,29.86717085,121.53831110,0.759,249.25
2019-08-28T03:05:33Z,29.86716946,121.53830963,0.961,205.86
2019-08-28T03:05:34Z,29.86716951,121.53830945,0.566,196.10
2019-08-28T03:05:35Z,29.86716963,121.53830913,0.663,196.27
2019-08-28T03:05:36Z,29.86716966,121.53830876,0.583,183.75
2019-08-28T03:05:37Z,29.86716961,121.53830843,0.675,179.88
2019-08-28T03:05:38Z,29.86716903,121.53830785,0.542,156.91
2019-08-28T03:05:39Z,29.86716810,121.53830733,0.470,170.57
2019-08-28T03:05:40Z,29.86716725,121.53830708,0.551,151.25
2019-08-28T03:05:41Z,29.86716663,121.53830681,0.451,150.41
2019-08-28T03:05:42Z,29.86716598,121.53830650,0.429,137.13
2019-08-28T03:05:43Z,29.86716571,121.53830616,0.370,148.58
2019-08-28T03:05:44Z,29.86716555,121.53830573,0.453,111.16
2019-08-28T03:05:45Z,29.86716543,121.53830540,0.316,134.32
2019-08-28T03:05:46Z,29.86716525,121.53830526,0.348,112.62
2019-08-28T03:05:47Z,29.86716511,121.53830503,0.235,118.77
2019-08-28T03:05:48Z,29.86716506,121.53830503,0.209,107.96
2019-08-28T03:05:49Z,29.86716498,121.53830513,0.453,97.28
2019-08-28T03:05:50Z,29.86716466,121.53830533,0.294,277.72
2019-08-28T03:05:51Z,29.86716433,121.53830555,0.557,81.75
2019-08-28T03:05:52Z,29.86716401,121.53830576,0.212,43.71
2019-08-28T03:05:53Z,29.86716388,121.53830603,0.396,51.71
2019-08-28T03:05:54Z,29.86716376,121.53830598,0.513,20.40
2019-08-28T03:05:55Z,29.86716373,121.53830600,0.414,22.35
2019-08-28T03:05:56Z,29.86716380,121.53830608,0.568,1.85
2019-08-28T03:05:57Z,29.86716388,121.53830581,0.600,1.04
2019-08-28T03:05:58Z,29.86716390,121.53830555,0.642,1.19
2019-08-28T03:05:59Z,29.86716388,121.53830531,0.738,336.05
2019-08-28T03:06:00Z,29.86716361,121.53830545,0.707,328.87
2019-08-28T03:06:01Z,29.86716521,121.53830420,0.805,326.74
2019-08-28T03:06:02Z,29.86716580,121.53830181,1.114,261.85
2019-08-28T03:06:03Z,29.86716681,121.53829936,0.926,315.91
2019-08-28T03:06:04Z,29.86716878,121.53829788,1.050,349.86
2019-08-28T03:06:05Z,29.86717053,121.53829613,0.937,300.08
2019-08-28T03:06:06Z,29.86717190,121.53829411,0.909,296.75
2019-08-28T03:06:07Z,29.86717291,121.53829128,1.096,286.80
2019-08-28T03:06:08Z,29.86717305,121.53828846,1.707,259.81
2019-08-28T03:06:09Z,29.86717306,121.53828560,1.727,275.15
2019-08-28T03:06:10Z,29.86717235,121.53828350,1.051,217.42
2019-08-28T03:06:11Z,29.86717120,121.53828118,1.007,242.00
2019-08-28T03:06:12Z,29.86716975,121.53827895,0.940,228.57
2019-08-28T03:06:13Z,29.86716780,121.53827696,1.066,208.97
2019-08-28T03:06:14Z,29.86716533,121.53827581,1.092,184.17
2019-08-28T03:06:15Z,29.86716253,121.53827553,1.083,174.87
2019-08-28T03:06:16Z,29.86716001,121.53827621,1.024,149.37
2019-08-28T03:06:17Z,29.86715785,121.53827810,1.222,135.16
2019-08-28T03:06:18Z,29.86715590,121.53828028,1.063,134.54
2019-08-28T03:06:19Z,29.86715376,121.53828240,1.211,142.54
2019-08-28T03:06:20Z,29.86715171,121.53828458,1.164,133.41
2019-08-28T03:06:21Z,29.86714950,121.53828691,1.251,135.90
2019-08-28T03:06:22Z,29.86714723,121.53828920,1.190,137.79
2019-08-28T03:06:23Z,29.86714496,121.53829128,1.172,137.81
2019-08-28T03:06:24Z,29.86714281,121.53829363,1.311,131.22
2019-08-28T03:06:25Z,29.86714075,121.53829573,1.137,136.67
2019-08-28T03:06:26Z,29.86713870,121.53829788,1.205,133.30
2019-08-28T03:06:27Z,29.86713665,121.53830020,1.198,133.51
2019-08-28T03:06:28Z,29.86713456,121.53830231,1.050,139.03
2019-08-28T03:06:29Z,29.86713246,121.53830440,1.240,138.80
2019-08-28T03:06:30Z,29.86712993,121.53830638,1.342,149.85
2019-08-28T03:06:31Z,29.86712728,121.53830803,1.188,151.31
2019-08-28T03:06:32Z,29.86712451,121.53830956,1.224,154.81
2019-08-28T03:06:33Z,29.86712170,121.53831115,1.298,156.93
2019-08-28T03:06:34Z,29.86711880,121.53831218,1.220,167.65
2019-08-28T03:06:35Z,29.86711591,121.53831300,1.214,166.75
2019-08-28T03:06:36Z,29.86711296,121.53831373,1.314,167.04
2019-08-28T03:06:37Z,29.86711025,121.53831433,1.057,168.81
2019-08-28T03:06:38Z,29.86710725,121.53831520,1.318,159.29
2019-08-28T03:06:39Z,29.86710416,121.53831520,1.194,191.79
2019-08-28T03:06:40Z,29.86710238,121.53831396,1.301,249.71
2019-08-28T03:06:41Z,29.86710061,121.53831143,1.551,231.89
2019-08-28T03:06:42Z,29.86709960,121.53831000,0.731,221.53
2019-08-28T03:06:43Z,29.86709905,121.53830806,1.118,260.66
2019-08-28T03:06:44Z,29.86709861,121.53830541,0.935,263.92
2019-08-28T03:06:45Z,29.86709888,121.53830280,1.014,290.73
2019-08-28T03:06:46Z,29.86709991,121.53830041,0.976,309.73
2019-08-28T03:06:47Z,29.86710110,121.53829846,0.790,309.03
2019-08-28T03:06:48Z,29.86710280,121.53829686,0.861,325.94
2019-08-28T03:06:49Z,29.86710495,121.53829585,0.883,340.57
2019-08-28T03:06:50Z,29.86710518,121.53829600,0.498,348.26
