2019-08-26T09:00:36Z,29.86778833,121.5390267,0,167.76
2019-08-26T09:00:37Z,29.86778833,121.5390267,0,167.76
2019-08-26T09:00:37Z,29.86778833,121.5390267,0,167.76
2019-08-26T09:00:38Z,29.86778833,121.5390267,0,167.76
2019-08-26T09:00:38Z,29.86778833,121.5390267,0,167.76
2019-08-26T09:00:39Z,29.86778833,121.5390267,0,167.76
2019-08-26T09:00:39Z,29.86778833,121.5390267,0,167.76
2019-08-26T09:00:40Z,29.86778833,121.539025,0,167.76
2019-08-26T09:00:40Z,29.86778833,121.539025,0,167.76
2019-08-26T09:00:41Z,29.86778833,121.539025,0,167.76
2019-08-26T09:00:41Z,29.86778833,121.539025,0,167.76
2019-08-26T09:00:42Z,29.86778833,121.539025,0,167.76
2019-08-26T09:00:42Z,29.86778833,121.539025,0,167.76
2019-08-26T09:00:43Z,29.86778833,121.539025,0,167.76
2019-08-26T09:00:43Z,29.86778833,121.539025,0,167.76
2019-08-26T09:00:44Z,29.86778833,121.539025,0,167.76
2019-08-26T09:00:44Z,29.86778833,121.539025,0,167.76
2019-08-26T09:00:45Z,29.86778833,121.539025,0,167.76
2019-08-26T09:00:45Z,29.86778833,121.539025,0,167.76
2019-08-26T09:00:46Z,29.86778833,121.5390267,0,167.76
2019-08-26T09:00:46Z,29.86778833,121.5390267,0.16462208,167.76
2019-08-26T09:00:47Z,29.86778833,121.5390267,0.16462208,167.76
2019-08-26T09:00:47Z,29.86778833,121.5390267,0.01028888,167.76
2019-08-26T09:00:48Z,29.86778667,121.5390267,0.01028888,167.76
2019-08-26T09:00:48Z,29.86778667,121.5390267,0.08745548,167.76
2019-08-26T09:00:49Z,29.867785,121.5390283,0.08745548,167.76
2019-08-26T09:00:49Z,29.867785,121.5390283,0.13375544,167.76
2019-08-26T09:00:50Z,29.86778167,121.5390283,0.13375544,167.76
2019-08-26T09:00:50Z,29.86778167,121.5390283,0.09774436,167.76
2019-08-26T09:00:51Z,29.86778167,121.5390283,0.09774436,167.76
2019-08-26T09:00:51Z,29.86778167,121.5390283,0,167.76
2019-08-26T09:00:52Z,29.86778167,121.5390283,0,167.76
2019-08-26T09:00:52Z,29.86778167,121.5390283,0,167.76
2019-08-26T09:00:53Z,29.86777833,121.5390283,0,167.76
2019-08-26T09:00:53Z,29.86777833,121.5390283,0.26751088,167.76
2019-08-26T09:00:54Z,29.86777333,121.53903,0.26751088,167.76
2019-08-26T09:00:54Z,29.86777333,121.53903,0.50929956,167.76
2019-08-26T09:00:55Z,29.86777,121.5390333,0.50929956,167.76
2019-08-26T09:00:55Z,29.86777,121.5390333,0.58132172,167.76
2019-08-26T09:00:56Z,29.86776667,121.5390367,0.58132172,167.76
2019-08-26T09:00:56Z,29.86776667,121.5390367,0.60704392,137.95
2019-08-26T09:00:57Z,29.867765,121.53904,0.60704392,137.95
2019-08-26T09:00:57Z,29.867765,121.53904,0.66363276,134.45
2019-08-26T09:00:58Z,29.86776333,121.5390433,0.66363276,134.45
2019-08-26T09:00:58Z,29.86776333,121.5390433,0.643055,132.13
2019-08-26T09:00:59Z,29.86776,121.5390467,0.643055,132.13
2019-08-26T09:00:59Z,29.86776,121.5390467,0.67392164,131.51
2019-08-26T09:01:0Z,29.86775667,121.5390517,0.67392164,131.51
2019-08-26T09:01:0Z,29.86775667,121.5390517,0.67392164,131.19
2019-08-26T09:01:1Z,29.86775333,121.5390567,0.67392164,131.19
2019-08-26T09:01:1Z,29.86775333,121.5390567,0.62247724,129.61
2019-08-26T09:01:2Z,29.86775167,121.53906,0.62247724,129.61
2019-08-26T09:01:2Z,29.86775167,121.53906,0.5916106,129.61
2019-08-26T09:01:3Z,29.86774833,121.539065,0.5916106,129.61
2019-08-26T09:01:3Z,29.86774833,121.539065,0.55045508,129.61
2019-08-26T09:01:4Z,29.86774667,121.5390683,0.55045508,129.61
2019-08-26T09:01:4Z,29.86774667,121.5390683,0.514444,129.61
2019-08-26T09:01:5Z,29.867745,121.5390733,0.514444,129.61
2019-08-26T09:01:5Z,29.867745,121.5390733,0.45785516,129.61
2019-08-26T09:01:6Z,29.86774167,121.539075,0.45785516,129.61
2019-08-26T09:01:6Z,29.86774167,121.539075,0.40126632,129.61
2019-08-26T09:01:7Z,29.86774,121.5390783,0.40126632,129.61
2019-08-26T09:01:7Z,29.86774,121.5390783,0.38068856,129.61
2019-08-26T09:01:8Z,29.86773667,121.5390817,0.38068856,129.61
2019-08-26T09:01:8Z,29.86773667,121.5390817,0.35496636,129.61
2019-08-26T09:01:9Z,29.867735,121.5390833,0.35496636,129.61
2019-08-26T09:01:9Z,29.867735,121.5390833,0.3086664,129.61
2019-08-26T09:01:10Z,29.86773333,121.539085,0.3086664,129.61
2019-08-26T09:01:10Z,29.86773333,121.539085,0.29323308,129.61
2019-08-26T09:01:11Z,29.86773167,121.5390867,0.29323308,129.61
2019-08-26T09:01:11Z,29.86773167,121.5390867,0.27265532,129.61
2019-08-26T09:01:12Z,29.86773,121.5390883,0.27265532,129.61
2019-08-26T09:01:12Z,29.86773,121.5390883,0.27265532,129.61
2019-08-26T09:01:13Z,29.86772833,121.5390917,0.27265532,129.61
2019-08-26T09:01:13Z,29.86772833,121.5390917,0.257222,129.61
2019-08-26T09:01:14Z,29.86772667,121.5390933,0.257222,129.61
2019-08-26T09:01:14Z,29.86772667,121.5390933,0.24178868,129.61
2019-08-26T09:01:15Z,29.867725,121.5390933,0.24178868,129.61
2019-08-26T09:01:15Z,29.867725,121.5390933,0.24178868,129.61
2019-08-26T09:01:16Z,29.86772333,121.5390967,0.24178868,129.61
2019-08-26T09:01:16Z,29.86772333,121.5390967,0.257222,129.61
2019-08-26T09:01:17Z,29.86772167,121.5390983,0.257222,129.61
2019-08-26T09:01:17Z,29.86772167,121.5390983,0.257222,129.61
2019-08-26T09:01:18Z,29.86772,121.5391,0.257222,129.61
2019-08-26T09:01:18Z,29.86772,121.5391,0.24693312,129.61
2019-08-26T09:01:19Z,29.86771833,121.5391017,0.24693312,129.61
2019-08-26T09:01:19Z,29.86771833,121.5391017,0.23664424,129.61
2019-08-26T09:01:20Z,29.86771667,121.5391033,0.23664424,129.61
2019-08-26T09:01:20Z,29.86771667,121.5391033,0.2314998,129.61
2019-08-26T09:01:21Z,29.867715,121.5391033,0.2314998,129.61
2019-08-26T09:01:21Z,29.867715,121.5391033,0.2057776,129.61
2019-08-26T09:01:22Z,29.867715,121.539105,0.2057776,129.61
2019-08-26T09:01:22Z,29.867715,121.539105,0.20063316,129.61
2019-08-26T09:01:23Z,29.86771333,121.5391067,0.20063316,129.61
2019-08-26T09:01:23Z,29.86771333,121.5391067,0.18519984,129.61
2019-08-26T09:01:24Z,29.86771167,121.5391083,0.18519984,129.61
2019-08-26T09:01:24Z,29.86771167,121.5391083,0.19034428,129.61
2019-08-26T09:01:25Z,29.86771,121.5391083,0.19034428,129.61
2019-08-26T09:01:25Z,29.86771,121.5391083,0.15947764,129.61
2019-08-26T09:01:26Z,29.86771,121.53911,0.15947764,129.61
2019-08-26T09:01:26Z,29.86771,121.53911,0.16462208,129.61
2019-08-26T09:01:27Z,29.86770833,121.5391117,0.16462208,129.61
2019-08-26T09:01:27Z,29.86770833,121.5391117,0.14404432,129.61
2019-08-26T09:01:28Z,29.86770667,121.5391117,0.14404432,129.61
2019-08-26T09:01:28Z,29.86770667,121.5391117,0.13889988,129.61
2019-08-26T09:01:29Z,29.86770667,121.5391133,0.13889988,129.61
2019-08-26T09:01:29Z,29.86770667,121.5391133,0.13889988,129.61
2019-08-26T09:01:30Z,29.86770667,121.5391133,0.13889988,129.61
2019-08-26T09:01:30Z,29.86770667,121.5391133,0.0257222,129.61
2019-08-26T09:01:31Z,29.86770667,121.5391133,0.0257222,129.61
2019-08-26T09:01:31Z,29.86770667,121.5391133,0.00514444,129.61
2019-08-26T09:01:32Z,29.86770667,121.5391133,0.00514444,129.61
2019-08-26T09:01:32Z,29.86770667,121.5391133,0,129.61
2019-08-26T09:01:33Z,29.86770667,121.5391133,0,129.61
2019-08-26T09:01:33Z,29.86770667,121.5391133,0,129.61
2019-08-26T09:01:34Z,29.86770667,121.5391133,0,129.61
2019-08-26T09:01:34Z,29.86770667,121.5391133,0,129.61
2019-08-26T09:01:35Z,29.86770667,121.5391133,0,129.61
2019-08-26T09:01:35Z,29.86770667,121.5391133,0,129.61
2019-08-26T09:01:36Z,29.86770667,121.5391133,0,129.61
2019-08-26T09:01:36Z,29.86770667,121.5391133,0,129.61
2019-08-26T09:01:37Z,29.867705,121.539115,0,129.61
2019-08-26T09:01:37Z,29.867705,121.539115,0.18519984,129.61
2019-08-26T09:01:38Z,29.867705,121.5391167,0.18519984,129.61
2019-08-26T09:01:38Z,29.867705,121.5391167,0.25207756,129.61
2019-08-26T09:01:39Z,29.867705,121.53912,0.25207756,129.61
2019-08-26T09:01:39Z,29.867705,121.53912,0.3086664,129.61
2019-08-26T09:01:40Z,29.86770333,121.5391233,0.3086664,129.61
2019-08-26T09:01:40Z,29.86770333,121.5391233,0.34982192,129.61
2019-08-26T09:01:41Z,29.8677,121.5391267,0.34982192,129.61
2019-08-26T09:01:41Z,29.8677,121.5391267,0.4372774,129.61
2019-08-26T09:01:42Z,29.86769833,121.53913,0.4372774,129.61
2019-08-26T09:01:42Z,29.86769833,121.53913,0.52987732,129.61
2019-08-26T09:01:43Z,29.867695,121.539135,0.52987732,129.61
2019-08-26T09:01:43Z,29.867695,121.539135,0.61218836,140.78
2019-08-26T09:01:44Z,29.86769,121.5391383,0.61218836,140.78
2019-08-26T09:01:44Z,29.86769,121.5391383,0.65848832,143.64
2019-08-26T09:01:45Z,29.867685,121.5391433,0.65848832,143.64
2019-08-26T09:01:45Z,29.867685,121.5391433,0.6944994,145.6
2019-08-26T09:01:46Z,29.86768,121.5391467,0.6944994,145.6
2019-08-26T09:01:46Z,29.86768,121.5391467,0.69964384,148.26
2019-08-26T09:01:47Z,29.86767333,121.53915,0.69964384,148.26
2019-08-26T09:01:47Z,29.86767333,121.53915,0.70478828,150.66
2019-08-26T09:01:48Z,29.86766833,121.5391533,0.70478828,150.66
2019-08-26T09:01:48Z,29.86766833,121.5391533,0.73565492,153.79
2019-08-26T09:01:49Z,29.86766167,121.5391567,0.73565492,153.79
2019-08-26T09:01:49Z,29.86766167,121.5391567,0.7202216,155.15
2019-08-26T09:01:50Z,29.867655,121.53916,0.7202216,155.15
2019-08-26T09:01:50Z,29.867655,121.53916,0.74079936,155.43
2019-08-26T09:01:51Z,29.86765,121.5391633,0.74079936,155.43
2019-08-26T09:01:51Z,29.86765,121.5391633,0.771666,151.88
2019-08-26T09:01:52Z,29.867645,121.5391667,0.771666,151.88
2019-08-26T09:01:52Z,29.867645,121.5391667,0.70993272,148.72
2019-08-26T09:01:53Z,29.86763833,121.5391717,0.70993272,148.72
2019-08-26T09:01:53Z,29.86763833,121.5391717,0.67392164,148.96
2019-08-26T09:01:54Z,29.86763167,121.5391733,0.67392164,148.96
2019-08-26T09:01:54Z,29.86763167,121.5391733,0.62247724,154.32
2019-08-26T09:01:55Z,29.867625,121.5391733,0.62247724,154.32
2019-08-26T09:01:55Z,29.867625,121.5391733,0.514444,154.32
2019-08-26T09:01:56Z,29.86762,121.53917,0.514444,154.32
2019-08-26T09:01:56Z,29.86762,121.53917,0.47328848,154.32
2019-08-26T09:01:57Z,29.867615,121.5391667,0.47328848,154.32
2019-08-26T09:01:57Z,29.867615,121.5391667,0.4115552,154.32
2019-08-26T09:01:58Z,29.86761333,121.5391633,0.4115552,154.32
2019-08-26T09:01:58Z,29.86761333,121.5391633,0.34467748,154.32
2019-08-26T09:01:59Z,29.86761,121.53916,0.34467748,154.32
2019-08-26T09:01:59Z,29.86761,121.53916,0.3601108,154.32
2019-08-26T09:02:0Z,29.86760667,121.5391583,0.3601108,154.32
2019-08-26T09:02:0Z,29.86760667,121.5391583,0.37554412,154.32
2019-08-26T09:02:1Z,29.86760333,121.539155,0.37554412,154.32
2019-08-26T09:02:1Z,29.86760333,121.539155,0.35496636,154.32
2019-08-26T09:02:2Z,29.8676,121.5391533,0.35496636,154.32
2019-08-26T09:02:2Z,29.8676,121.5391533,0.31895528,154.32
2019-08-26T09:02:3Z,29.86759833,121.53915,0.31895528,154.32
2019-08-26T09:02:3Z,29.86759833,121.53915,0.29837752,154.32
2019-08-26T09:02:4Z,29.86759667,121.5391467,0.29837752,154.32
2019-08-26T09:02:4Z,29.86759667,121.5391467,0.29837752,154.32
2019-08-26T09:02:5Z,29.867595,121.5391433,0.29837752,154.32
2019-08-26T09:02:5Z,29.867595,121.5391433,0.32409972,154.32
2019-08-26T09:02:6Z,29.86759333,121.53914,0.32409972,154.32
2019-08-26T09:02:6Z,29.86759333,121.53914,0.3343886,154.32
2019-08-26T09:02:7Z,29.86759167,121.5391367,0.3343886,154.32
2019-08-26T09:02:7Z,29.86759167,121.5391367,0.35496636,154.32
2019-08-26T09:02:8Z,29.86759,121.5391333,0.35496636,154.32
2019-08-26T09:02:8Z,29.86759,121.5391333,0.37554412,154.32
2019-08-26T09:02:9Z,29.86758833,121.5391283,0.37554412,154.32
2019-08-26T09:02:9Z,29.86758833,121.5391283,0.39097744,154.32
2019-08-26T09:02:10Z,29.86758833,121.5391233,0.39097744,154.32
2019-08-26T09:02:10Z,29.86758833,121.5391233,0.4887218,154.32
2019-08-26T09:02:11Z,29.86758833,121.5391183,0.4887218,154.32
2019-08-26T09:02:11Z,29.86758833,121.5391183,0.5916106,154.32
2019-08-26T09:02:12Z,29.867585,121.5391133,0.5916106,154.32
2019-08-26T09:02:12Z,29.867585,121.5391133,0.68935496,222.31
2019-08-26T09:02:13Z,29.86758167,121.5391083,0.68935496,222.31
2019-08-26T09:02:13Z,29.86758167,121.5391083,0.74079936,226.72
2019-08-26T09:02:14Z,29.86757667,121.5391033,0.74079936,226.72
2019-08-26T09:02:14Z,29.86757667,121.5391033,0.74079936,225.11
2019-08-26T09:02:15Z,29.86757167,121.5390983,0.74079936,225.11
2019-08-26T09:02:15Z,29.86757167,121.5390983,0.75623268,223.23
2019-08-26T09:02:16Z,29.86756667,121.5390933,0.75623268,223.23
2019-08-26T09:02:16Z,29.86756667,121.5390933,0.76137712,222.5
2019-08-26T09:02:17Z,29.86756167,121.5390883,0.76137712,222.5
2019-08-26T09:02:17Z,29.86756167,121.5390883,0.771666,221.33
2019-08-26T09:02:18Z,29.867555,121.539085,0.771666,221.33
2019-08-26T09:02:18Z,29.867555,121.539085,0.80767708,215.38
2019-08-26T09:02:19Z,29.86754833,121.53908,0.80767708,215.38
2019-08-26T09:02:19Z,29.86754833,121.53908,0.74079936,214.56
2019-08-26T09:02:20Z,29.86754167,121.5390767,0.74079936,214.56
2019-08-26T09:02:20Z,29.86754167,121.5390767,0.68935496,213.81
2019-08-26T09:02:21Z,29.86753667,121.5390733,0.68935496,213.81
2019-08-26T09:02:21Z,29.86753667,121.5390733,0.63276612,216.1
2019-08-26T09:02:22Z,29.86753167,121.53907,0.63276612,216.1
2019-08-26T09:02:22Z,29.86753167,121.53907,0.59675504,216.1
2019-08-26T09:02:23Z,29.86752833,121.5390683,0.59675504,216.1
2019-08-26T09:02:23Z,29.86752833,121.5390683,0.50415512,216.1
2019-08-26T09:02:24Z,29.86752333,121.5390667,0.50415512,216.1
2019-08-26T09:02:24Z,29.86752333,121.5390667,0.45785516,216.1
2019-08-26T09:02:25Z,29.86752,121.5390667,0.45785516,216.1
2019-08-26T09:02:25Z,29.86752,121.5390667,0.4115552,216.1
2019-08-26T09:02:26Z,29.867515,121.5390633,0.4115552,216.1
2019-08-26T09:02:26Z,29.867515,121.5390633,0.52473288,216.1
2019-08-26T09:02:27Z,29.86751,121.5390617,0.52473288,216.1
2019-08-26T09:02:27Z,29.86751,121.5390617,0.67392164,209.24
2019-08-26T09:02:28Z,29.867505,121.5390583,0.67392164,209.24
2019-08-26T09:02:28Z,29.867505,121.5390583,0.68935496,200.6
2019-08-26T09:02:29Z,29.8675,121.5390567,0.68935496,200.6
2019-08-26T09:02:29Z,29.8675,121.5390567,0.67392164,198.56
2019-08-26T09:02:30Z,29.86749333,121.539055,0.67392164,198.56
2019-08-26T09:02:30Z,29.86749333,121.539055,0.62762168,199.83
2019-08-26T09:02:31Z,29.86749,121.5390533,0.62762168,199.83
2019-08-26T09:02:31Z,29.86749,121.5390533,0.60704392,201.86
2019-08-26T09:02:32Z,29.867485,121.53905,0.60704392,201.86
2019-08-26T09:02:32Z,29.867485,121.53905,0.62762168,204.59
2019-08-26T09:02:33Z,29.86748,121.5390467,0.62762168,204.59
2019-08-26T09:02:33Z,29.86748,121.5390467,0.6687772,205.18
2019-08-26T09:02:34Z,29.86747667,121.5390433,0.6687772,205.18
2019-08-26T09:02:34Z,29.86747667,121.5390433,0.70993272,205.2
2019-08-26T09:02:35Z,29.86747,121.5390417,0.70993272,205.2
2019-08-26T09:02:35Z,29.86747,121.5390417,0.75108824,201.71
2019-08-26T09:02:36Z,29.867465,121.53904,0.75108824,201.71
2019-08-26T09:02:36Z,29.867465,121.53904,0.68935496,193.38
2019-08-26T09:02:37Z,29.86746,121.5390417,0.68935496,193.38
2019-08-26T09:02:37Z,29.86746,121.5390417,0.66363276,183.19
2019-08-26T09:02:38Z,29.86745333,121.5390417,0.66363276,183.19
2019-08-26T09:02:38Z,29.86745333,121.5390417,0.6687772,173.33
2019-08-26T09:02:39Z,29.86744833,121.5390433,0.6687772,173.33
2019-08-26T09:02:39Z,29.86744833,121.5390433,0.6687772,172.23
2019-08-26T09:02:40Z,29.86744167,121.5390433,0.6687772,172.23
2019-08-26T09:02:40Z,29.86744167,121.5390433,0.67392164,171.99
2019-08-26T09:02:41Z,29.867435,121.539045,0.67392164,171.99
2019-08-26T09:02:41Z,29.867435,121.539045,0.70993272,173.3
2019-08-26T09:02:42Z,29.86743,121.5390467,0.70993272,173.3
2019-08-26T09:02:42Z,29.86743,121.5390467,0.67392164,172.02
2019-08-26T09:02:43Z,29.867425,121.5390483,0.67392164,172.02
2019-08-26T09:02:43Z,29.867425,121.5390483,0.68421052,170.92
2019-08-26T09:02:44Z,29.86742,121.53905,0.68421052,170.92
2019-08-26T09:02:44Z,29.86742,121.53905,0.6687772,171.07
2019-08-26T09:02:45Z,29.867415,121.5390517,0.6687772,171.07
2019-08-26T09:02:45Z,29.867415,121.5390517,0.60189948,171.68
2019-08-26T09:02:46Z,29.86741167,121.5390533,0.60189948,171.68
2019-08-26T09:02:46Z,29.86741167,121.5390533,0.53502176,171.68
2019-08-26T09:02:47Z,29.86740667,121.539055,0.53502176,171.68
2019-08-26T09:02:47Z,29.86740667,121.539055,0.4887218,171.68
2019-08-26T09:02:48Z,29.86740333,121.539055,0.4887218,171.68
2019-08-26T09:02:48Z,29.86740333,121.539055,0.45271072,171.68
2019-08-26T09:02:49Z,29.8674,121.539055,0.45271072,171.68
2019-08-26T09:02:49Z,29.8674,121.539055,0.42184408,171.68
2019-08-26T09:02:50Z,29.86739833,121.539055,0.42184408,171.68
2019-08-26T09:02:50Z,29.86739833,121.539055,0.38068856,171.68
2019-08-26T09:02:51Z,29.867395,121.539055,0.38068856,171.68
2019-08-26T09:02:51Z,29.867395,121.539055,0.34982192,171.68
2019-08-26T09:02:52Z,29.86739333,121.539055,0.34982192,171.68
2019-08-26T09:02:52Z,29.86739333,121.539055,0.33953304,171.68
2019-08-26T09:02:53Z,29.86739167,121.539055,0.33953304,171.68
2019-08-26T09:02:53Z,29.86739167,121.539055,0.29323308,171.68
2019-08-26T09:02:54Z,29.86739,121.539055,0.29323308,171.68
2019-08-26T09:02:54Z,29.86739,121.539055,0.28808864,171.68
2019-08-26T09:02:55Z,29.86738833,121.539055,0.28808864,171.68
2019-08-26T09:02:55Z,29.86738833,121.539055,0.257222,171.68
2019-08-26T09:02:56Z,29.86738667,121.5390533,0.257222,171.68
2019-08-26T09:02:56Z,29.86738667,121.5390533,0.27779976,171.68
2019-08-26T09:02:57Z,29.867385,121.5390517,0.27779976,171.68
2019-08-26T09:02:57Z,29.867385,121.5390517,0.27779976,171.68
2019-08-26T09:02:58Z,29.86738167,121.53905,0.27779976,171.68
2019-08-26T09:02:58Z,29.86738167,121.53905,0.2829442,171.68
2019-08-26T09:02:59Z,29.86738,121.5390483,0.2829442,171.68
2019-08-26T09:02:59Z,29.86738,121.5390483,0.27265532,171.68
2019-08-26T09:03:0Z,29.86737833,121.5390467,0.27265532,171.68
2019-08-26T09:03:0Z,29.86737833,121.5390467,0.27779976,171.68
2019-08-26T09:03:1Z,29.86737667,121.539045,0.27779976,171.68
2019-08-26T09:03:1Z,29.86737667,121.539045,0.27265532,171.68
2019-08-26T09:03:2Z,29.867375,121.539045,0.27265532,171.68
2019-08-26T09:03:2Z,29.867375,121.539045,0.27779976,171.68
2019-08-26T09:03:3Z,29.86737333,121.5390433,0.27779976,171.68
2019-08-26T09:03:3Z,29.86737333,121.5390433,0.24693312,171.68
2019-08-26T09:03:4Z,29.86737167,121.5390417,0.24693312,171.68
2019-08-26T09:03:4Z,29.86737167,121.5390417,0.2314998,171.68
2019-08-26T09:03:5Z,29.86737,121.53904,0.2314998,171.68
2019-08-26T09:03:5Z,29.86737,121.53904,0.24178868,171.68
2019-08-26T09:03:6Z,29.86736833,121.5390383,0.24178868,171.68
2019-08-26T09:03:6Z,29.86736833,121.5390383,0.22635536,171.68
2019-08-26T09:03:7Z,29.86736667,121.5390383,0.22635536,171.68
2019-08-26T09:03:7Z,29.86736667,121.5390383,0.23664424,171.68
2019-08-26T09:03:8Z,29.867365,121.5390367,0.23664424,171.68
2019-08-26T09:03:8Z,29.867365,121.5390367,0.22121092,171.68
2019-08-26T09:03:9Z,29.86736333,121.539035,0.22121092,171.68
2019-08-26T09:03:9Z,29.86736333,121.539035,0.21092204,171.68
2019-08-26T09:03:10Z,29.86736167,121.539035,0.21092204,171.68
2019-08-26T09:03:10Z,29.86736167,121.539035,0.19548872,171.68
2019-08-26T09:03:11Z,29.86736,121.5390333,0.19548872,171.68
2019-08-26T09:03:11Z,29.86736,121.5390333,0.1800554,171.68
2019-08-26T09:03:12Z,29.86736,121.5390333,0.1800554,171.68
2019-08-26T09:03:12Z,29.86736,121.5390333,0.18519984,171.68
2019-08-26T09:03:13Z,29.86735833,121.5390333,0.18519984,171.68
2019-08-26T09:03:13Z,29.86735833,121.5390333,0.21092204,171.68
2019-08-26T09:03:14Z,29.86735667,121.539035,0.21092204,171.68
2019-08-26T09:03:14Z,29.86735667,121.539035,0.2057776,171.68
2019-08-26T09:03:15Z,29.867355,121.539035,0.2057776,171.68
2019-08-26T09:03:15Z,29.867355,121.539035,0.29837752,171.68
2019-08-26T09:03:16Z,29.867355,121.5390367,0.29837752,171.68
2019-08-26T09:03:16Z,29.867355,121.5390367,0.26236644,171.68
2019-08-26T09:03:17Z,29.86735333,121.5390383,0.26236644,171.68
2019-08-26T09:03:17Z,29.86735333,121.5390383,0.257222,171.68
2019-08-26T09:03:18Z,29.86735167,121.5390383,0.257222,171.68
2019-08-26T09:03:18Z,29.86735167,121.5390383,0.26236644,171.68
2019-08-26T09:03:19Z,29.86735,121.5390383,0.26236644,171.68
2019-08-26T09:03:19Z,29.86735,121.5390383,0.257222,171.68
2019-08-26T09:03:20Z,29.86734833,121.53904,0.257222,171.68
2019-08-26T09:03:20Z,29.86734833,121.53904,0.257222,171.68
2019-08-26T09:03:21Z,29.86734667,121.5390417,0.257222,171.68
2019-08-26T09:03:21Z,29.86734667,121.5390417,0.257222,171.68
2019-08-26T09:03:22Z,29.867345,121.5390417,0.257222,171.68
2019-08-26T09:03:22Z,29.867345,121.5390417,0.27265532,171.68
2019-08-26T09:03:23Z,29.86734333,121.5390417,0.27265532,171.68
2019-08-26T09:03:23Z,29.86734333,121.5390417,0.2314998,171.68
2019-08-26T09:03:24Z,29.86734167,121.53904,0.2314998,171.68
2019-08-26T09:03:24Z,29.86734167,121.53904,0.25207756,171.68
2019-08-26T09:03:25Z,29.86734167,121.5390417,0.25207756,171.68
2019-08-26T09:03:25Z,29.86734167,121.5390417,0.19548872,171.68
2019-08-26T09:03:26Z,29.86733833,121.5390417,0.19548872,171.68
2019-08-26T09:03:26Z,29.86733833,121.5390417,0.26236644,171.68
2019-08-26T09:03:27Z,29.86733667,121.53904,0.26236644,171.68
2019-08-26T09:03:27Z,29.86733667,121.53904,0.21092204,171.68
2019-08-26T09:03:28Z,29.86733333,121.53904,0.21092204,171.68
2019-08-26T09:03:28Z,29.86733333,121.53904,0.22635536,171.68
2019-08-26T09:03:29Z,29.86733167,121.5390367,0.22635536,171.68
2019-08-26T09:03:29Z,29.86733167,121.5390367,0.2314998,171.68
2019-08-26T09:03:30Z,29.86732833,121.539035,0.2314998,171.68
2019-08-26T09:03:30Z,29.86732833,121.539035,0.24178868,171.68
2019-08-26T09:03:31Z,29.86732667,121.5390333,0.24178868,171.68
2019-08-26T09:03:31Z,29.86732667,121.5390333,0.23664424,171.68
2019-08-26T09:03:32Z,29.867325,121.5390333,0.23664424,171.68
2019-08-26T09:03:32Z,29.867325,121.5390333,0.257222,171.68
2019-08-26T09:03:33Z,29.86732333,121.5390317,0.257222,171.68
2019-08-26T09:03:33Z,29.86732333,121.5390317,0.257222,171.68
2019-08-26T09:03:34Z,29.86732167,121.53903,0.257222,171.68
2019-08-26T09:03:34Z,29.86732167,121.53903,0.27779976,171.68
2019-08-26T09:03:35Z,29.86732,121.5390283,0.27779976,171.68
2019-08-26T09:03:35Z,29.86732,121.5390283,0.2829442,171.68
2019-08-26T09:03:36Z,29.86731833,121.5390267,0.2829442,171.68
2019-08-26T09:03:36Z,29.86731833,121.5390267,0.27779976,171.68
2019-08-26T09:03:37Z,29.86731667,121.539025,0.27779976,171.68
2019-08-26T09:03:37Z,29.86731667,121.539025,0.28808864,171.68
2019-08-26T09:03:38Z,29.867315,121.5390217,0.28808864,171.68
2019-08-26T09:03:38Z,29.867315,121.5390217,0.31381084,171.68
2019-08-26T09:03:39Z,29.86731333,121.53902,0.31381084,171.68
2019-08-26T09:03:39Z,29.86731333,121.53902,0.27779976,171.68
2019-08-26T09:03:40Z,29.86731,121.5390183,0.27779976,171.68
2019-08-26T09:03:40Z,29.86731,121.5390183,0.26236644,171.68
2019-08-26T09:03:41Z,29.86730833,121.5390183,0.26236644,171.68
2019-08-26T09:03:41Z,29.86730833,121.5390183,0.22121092,171.68
2019-08-26T09:03:42Z,29.86730833,121.5390167,0.22121092,171.68
2019-08-26T09:03:42Z,29.86730833,121.5390167,0.22635536,171.68
2019-08-26T09:03:43Z,29.86730667,121.539015,0.22635536,171.68
2019-08-26T09:03:43Z,29.86730667,121.539015,0.19548872,171.68
2019-08-26T09:03:44Z,29.867305,121.5390133,0.19548872,171.68
2019-08-26T09:03:44Z,29.867305,121.5390133,0.22635536,171.68
2019-08-26T09:03:45Z,29.867305,121.5390117,0.22635536,171.68
2019-08-26T09:03:45Z,29.867305,121.5390117,0.21092204,171.68
2019-08-26T09:03:46Z,29.86730333,121.53901,0.21092204,171.68
2019-08-26T09:03:46Z,29.86730333,121.53901,0.20063316,171.68
2019-08-26T09:03:47Z,29.86730333,121.5390067,0.20063316,171.68
2019-08-26T09:03:47Z,29.86730333,121.5390067,0.2314998,171.68
2019-08-26T09:03:48Z,29.86730333,121.5390033,0.2314998,171.68
2019-08-26T09:03:48Z,29.86730333,121.5390033,0.24178868,171.68
2019-08-26T09:03:49Z,29.86730333,121.539,0.24178868,171.68
2019-08-26T09:03:49Z,29.86730333,121.539,0.27779976,171.68
2019-08-26T09:03:50Z,29.86730333,121.5389983,0.27779976,171.68
2019-08-26T09:03:50Z,29.86730333,121.5389983,0.19034428,171.68
2019-08-26T09:03:51Z,29.86730167,121.5389967,0.19034428,171.68
2019-08-26T09:03:51Z,29.86730167,121.5389967,0.18519984,171.68
2019-08-26T09:03:52Z,29.86730167,121.5389967,0.18519984,171.68
2019-08-26T09:03:52Z,29.86730167,121.5389967,0.15947764,171.68
2019-08-26T09:03:53Z,29.8673,121.5389967,0.15947764,171.68
2019-08-26T09:03:53Z,29.8673,121.5389967,0.16976652,171.68
2019-08-26T09:03:54Z,29.86729833,121.538995,0.16976652,171.68
2019-08-26T09:03:54Z,29.86729833,121.538995,0.19548872,171.68
2019-08-26T09:03:55Z,29.86729667,121.538995,0.19548872,171.68
2019-08-26T09:03:55Z,29.86729667,121.538995,0.26751088,171.68
2019-08-26T09:03:56Z,29.86729667,121.5389917,0.26751088,171.68
2019-08-26T09:03:56Z,29.86729667,121.5389917,0.257222,171.68
2019-08-26T09:03:57Z,29.867295,121.53899,0.257222,171.68
2019-08-26T09:03:57Z,29.867295,121.53899,0.27779976,171.68
2019-08-26T09:03:58Z,29.867295,121.5389867,0.27779976,171.68
2019-08-26T09:03:58Z,29.867295,121.5389867,0.27779976,171.68
2019-08-26T09:03:59Z,29.867295,121.538985,0.27779976,171.68
2019-08-26T09:03:59Z,29.867295,121.538985,0.24693312,171.68
2019-08-26T09:04:0Z,29.867295,121.5389833,0.24693312,171.68
2019-08-26T09:04:0Z,29.867295,121.5389833,0.2314998,171.68
2019-08-26T09:04:1Z,29.86729667,121.5389817,0.2314998,171.68
2019-08-26T09:04:1Z,29.86729667,121.5389817,0.19548872,171.68
2019-08-26T09:04:2Z,29.86729833,121.53898,0.19548872,171.68
2019-08-26T09:04:2Z,29.86729833,121.53898,0.26751088,171.68
2019-08-26T09:04:3Z,29.86730167,121.5389783,0.26751088,171.68
2019-08-26T09:04:3Z,29.86730167,121.5389783,0.32409972,171.68
2019-08-26T09:04:4Z,29.86730333,121.5389767,0.32409972,171.68
2019-08-26T09:04:4Z,29.86730333,121.5389767,0.16976652,171.68
2019-08-26T09:04:5Z,29.86730333,121.538975,0.16976652,171.68
2019-08-26T09:04:5Z,29.86730333,121.538975,0.1800554,171.68
2019-08-26T09:04:6Z,29.86730333,121.5389733,0.1800554,171.68
2019-08-26T09:04:6Z,29.86730333,121.5389733,0.18519984,171.68
2019-08-26T09:04:7Z,29.86730333,121.5389733,0.18519984,171.68
2019-08-26T09:04:7Z,29.86730333,121.5389733,0.19548872,171.68
2019-08-26T09:04:8Z,29.867305,121.5389717,0.19548872,171.68
2019-08-26T09:04:8Z,29.867305,121.5389717,0.21092204,171.68
2019-08-26T09:04:9Z,29.86730667,121.5389733,0.21092204,171.68
2019-08-26T09:04:9Z,29.86730667,121.5389733,0.22635536,171.68
2019-08-26T09:04:10Z,29.86730833,121.5389733,0.22635536,171.68
2019-08-26T09:04:10Z,29.86730833,121.5389733,0.257222,171.68
2019-08-26T09:04:11Z,29.86731167,121.538975,0.257222,171.68
2019-08-26T09:04:11Z,29.86731167,121.538975,0.31895528,171.68
2019-08-26T09:04:12Z,29.867315,121.538975,0.31895528,171.68
2019-08-26T09:04:12Z,29.867315,121.538975,0.36525524,171.68
2019-08-26T09:04:13Z,29.86731833,121.5389783,0.36525524,171.68
2019-08-26T09:04:13Z,29.86731833,121.5389783,0.4115552,171.68
2019-08-26T09:04:14Z,29.86732167,121.53898,0.4115552,171.68
2019-08-26T09:04:14Z,29.86732167,121.53898,0.4372774,171.68
2019-08-26T09:04:15Z,29.867325,121.538985,0.4372774,171.68
2019-08-26T09:04:15Z,29.867325,121.538985,0.47843292,171.68
2019-08-26T09:04:16Z,29.86732833,121.53899,0.47843292,171.68
2019-08-26T09:04:16Z,29.86732833,121.53899,0.50415512,171.68
2019-08-26T09:04:17Z,29.86733333,121.5389933,0.50415512,171.68
2019-08-26T09:04:17Z,29.86733333,121.5389933,0.55045508,171.68
2019-08-26T09:04:18Z,29.86733667,121.5389983,0.55045508,171.68
2019-08-26T09:04:18Z,29.86733667,121.5389983,0.58132172,171.68
2019-08-26T09:04:19Z,29.86734,121.5390033,0.58132172,171.68
2019-08-26T09:04:19Z,29.86734,121.5390033,0.60189948,61.37
2019-08-26T09:04:20Z,29.86734167,121.5390083,0.60189948,61.37
2019-08-26T09:04:20Z,29.86734167,121.5390083,0.58646616,61.37
2019-08-26T09:04:21Z,29.86734667,121.5390133,0.58646616,61.37
2019-08-26T09:04:21Z,29.86734667,121.5390133,0.5916106,61.37
2019-08-26T09:04:22Z,29.86735,121.5390183,0.5916106,61.37
2019-08-26T09:04:22Z,29.86735,121.5390183,0.62247724,54.1
2019-08-26T09:04:23Z,29.86735333,121.5390217,0.62247724,54.1
2019-08-26T09:04:23Z,29.86735333,121.5390217,0.62247724,52.56
2019-08-26T09:04:24Z,29.86735667,121.5390267,0.62247724,52.56
2019-08-26T09:04:24Z,29.86735667,121.5390267,0.62762168,50.74
2019-08-26T09:04:25Z,29.86736167,121.5390317,0.62762168,50.74
2019-08-26T09:04:25Z,29.86736167,121.5390317,0.643055,48.12
2019-08-26T09:04:26Z,29.867365,121.539035,0.643055,48.12
2019-08-26T09:04:26Z,29.867365,121.539035,0.67392164,46.23
2019-08-26T09:04:27Z,29.86737,121.53904,0.67392164,46.23
2019-08-26T09:04:27Z,29.86737,121.53904,0.70993272,45.49
2019-08-26T09:04:28Z,29.867375,121.539045,0.70993272,45.49
2019-08-26T09:04:28Z,29.867375,121.539045,0.73565492,46.68
2019-08-26T09:04:29Z,29.86737833,121.53905,0.73565492,46.68
2019-08-26T09:04:29Z,29.86737833,121.53905,0.71507716,51.81
2019-08-26T09:04:30Z,29.86738333,121.5390567,0.71507716,51.81
2019-08-26T09:04:30Z,29.86738333,121.5390567,0.73051048,49.59
2019-08-26T09:04:31Z,29.86738833,121.5390617,0.73051048,49.59
2019-08-26T09:04:31Z,29.86738833,121.5390617,0.78195488,46.5
2019-08-26T09:04:32Z,29.86739167,121.5390667,0.78195488,46.5
2019-08-26T09:04:32Z,29.86739167,121.5390667,0.80767708,44.68
2019-08-26T09:04:33Z,29.86739833,121.53907,0.80767708,44.68
2019-08-26T09:04:33Z,29.86739833,121.53907,0.87969924,40.04
2019-08-26T09:04:34Z,29.867405,121.539075,0.87969924,40.04
2019-08-26T09:04:34Z,29.867405,121.539075,0.83854372,37.33
2019-08-26T09:04:35Z,29.86741167,121.5390783,0.83854372,37.33
2019-08-26T09:04:35Z,29.86741167,121.5390783,0.85912148,35.71
2019-08-26T09:04:36Z,29.86742,121.5390833,0.85912148,35.71
2019-08-26T09:04:36Z,29.86742,121.5390833,0.91571032,34.06
2019-08-26T09:04:37Z,29.86742667,121.5390883,0.91571032,34.06
2019-08-26T09:04:37Z,29.86742667,121.5390883,0.85397704,32.01
2019-08-26T09:04:38Z,29.86743333,121.5390917,0.85397704,32.01
2019-08-26T09:04:38Z,29.86743333,121.5390917,0.83854372,31.75
2019-08-26T09:04:39Z,29.86744,121.5390933,0.83854372,31.75
2019-08-26T09:04:39Z,29.86744,121.5390933,0.83854372,31.63
2019-08-26T09:04:40Z,29.86744667,121.5390967,0.83854372,31.63
2019-08-26T09:04:40Z,29.86744667,121.5390967,0.79224376,31.85
2019-08-26T09:04:41Z,29.86745333,121.5391,0.79224376,31.85
2019-08-26T09:04:41Z,29.86745333,121.5391,0.67906608,31.63
2019-08-26T09:04:42Z,29.86746,121.5391017,0.67906608,31.63
2019-08-26T09:04:42Z,29.86746,121.5391017,0.68421052,32.46
2019-08-26T09:04:43Z,29.867465,121.539105,0.68421052,32.46
2019-08-26T09:04:43Z,29.867465,121.539105,0.65334388,33.62
2019-08-26T09:04:44Z,29.86747,121.5391083,0.65334388,33.62
2019-08-26T09:04:44Z,29.86747,121.5391083,0.61218836,34.23
2019-08-26T09:04:45Z,29.86747333,121.5391117,0.61218836,34.23
2019-08-26T09:04:45Z,29.86747333,121.5391117,0.56074396,34.23
2019-08-26T09:04:46Z,29.86747667,121.5391133,0.56074396,34.23
2019-08-26T09:04:46Z,29.86747667,121.5391133,0.55559952,34.23
2019-08-26T09:04:47Z,29.86748,121.539115,0.55559952,34.23
2019-08-26T09:04:47Z,29.86748,121.539115,0.50415512,34.23
2019-08-26T09:04:48Z,29.86748333,121.5391183,0.50415512,34.23
2019-08-26T09:04:48Z,29.86748333,121.5391183,0.47328848,34.23
2019-08-26T09:04:49Z,29.86748667,121.53912,0.47328848,34.23
2019-08-26T09:04:49Z,29.86748667,121.53912,0.4629996,34.23
2019-08-26T09:04:50Z,29.86749167,121.5391217,0.4629996,34.23
2019-08-26T09:04:50Z,29.86749167,121.5391217,0.44756628,34.23
2019-08-26T09:04:51Z,29.867495,121.5391233,0.44756628,34.23
2019-08-26T09:04:51Z,29.867495,121.5391233,0.385833,34.23
2019-08-26T09:04:52Z,29.86749667,121.539125,0.385833,34.23
2019-08-26T09:04:52Z,29.86749667,121.539125,0.3343886,34.23
2019-08-26T09:04:53Z,29.86749667,121.5391267,0.3343886,34.23
2019-08-26T09:04:53Z,29.86749667,121.5391267,0.30352196,34.23
2019-08-26T09:04:54Z,29.86749833,121.5391283,0.30352196,34.23
2019-08-26T09:04:54Z,29.86749833,121.5391283,0.2829442,34.23
2019-08-26T09:04:55Z,29.86750167,121.53913,0.2829442,34.23
2019-08-26T09:04:55Z,29.86750167,121.53913,0.3601108,34.23
2019-08-26T09:04:56Z,29.867505,121.53913,0.3601108,34.23
2019-08-26T09:04:56Z,29.867505,121.53913,0.42698852,34.23
2019-08-26T09:04:57Z,29.86750667,121.5391283,0.42698852,34.23
2019-08-26T09:04:57Z,29.86750667,121.5391283,0.39612188,34.23
2019-08-26T09:04:58Z,29.86750667,121.539125,0.39612188,34.23
2019-08-26T09:04:58Z,29.86750667,121.539125,0.49386624,34.23
2019-08-26T09:04:59Z,29.86750333,121.5391217,0.49386624,34.23
2019-08-26T09:04:59Z,29.86750333,121.5391217,0.55559952,34.23
2019-08-26T09:05:0Z,29.86749833,121.5391183,0.55559952,34.23
2019-08-26T09:05:0Z,29.86749833,121.5391183,0.57617728,34.23
2019-08-26T09:05:1Z,29.86749333,121.5391167,0.57617728,34.23
2019-08-26T09:05:1Z,29.86749333,121.5391167,0.61218836,187.06
2019-08-26T09:05:2Z,29.86748833,121.539115,0.61218836,187.06
2019-08-26T09:05:2Z,29.86748833,121.539115,0.60189948,189.61
2019-08-26T09:05:3Z,29.86748333,121.5391133,0.60189948,189.61
2019-08-26T09:05:3Z,29.86748333,121.5391133,0.57617728,189.61
2019-08-26T09:05:4Z,29.86748,121.5391133,0.57617728,189.61
2019-08-26T09:05:4Z,29.86748,121.5391133,0.56074396,189.61
2019-08-26T09:05:5Z,29.86747667,121.5391117,0.56074396,189.61
2019-08-26T09:05:5Z,29.86747667,121.5391117,0.61218836,194.54
2019-08-26T09:05:6Z,29.86747167,121.53911,0.61218836,194.54
2019-08-26T09:05:6Z,29.86747167,121.53911,0.60704392,192.53
2019-08-26T09:05:7Z,29.86746667,121.5391083,0.60704392,192.53
2019-08-26T09:05:7Z,29.86746667,121.5391083,0.63791056,193.95
2019-08-26T09:05:8Z,29.86746167,121.5391067,0.63791056,193.95
2019-08-26T09:05:8Z,29.86746167,121.5391067,0.65848832,193.48
2019-08-26T09:05:9Z,29.86745667,121.5391033,0.65848832,193.48
2019-08-26T09:05:9Z,29.86745667,121.5391033,0.643055,193.08
2019-08-26T09:05:10Z,29.86745333,121.5391033,0.643055,193.08
2019-08-26T09:05:10Z,29.86745333,121.5391033,0.5916106,193.08
2019-08-26T09:05:11Z,29.86745,121.5391017,0.5916106,193.08
2019-08-26T09:05:11Z,29.86745,121.5391017,0.51958844,193.08
2019-08-26T09:05:12Z,29.86744667,121.5390983,0.51958844,193.08
2019-08-26T09:05:12Z,29.86744667,121.5390983,0.4887218,193.08
2019-08-26T09:05:13Z,29.86744333,121.5390967,0.4887218,193.08
2019-08-26T09:05:13Z,29.86744333,121.5390967,0.45785516,193.08
2019-08-26T09:05:14Z,29.86744167,121.539095,0.45785516,193.08
2019-08-26T09:05:14Z,29.86744167,121.539095,0.45271072,193.08
2019-08-26T09:05:15Z,29.86743833,121.5390917,0.45271072,193.08
2019-08-26T09:05:15Z,29.86743833,121.5390917,0.4372774,193.08
2019-08-26T09:05:16Z,29.86743667,121.53909,0.4372774,193.08
2019-08-26T09:05:16Z,29.86743667,121.53909,0.43213296,193.08
2019-08-26T09:05:17Z,29.86743333,121.5390883,0.43213296,193.08
2019-08-26T09:05:17Z,29.86743333,121.5390883,0.42698852,193.08
2019-08-26T09:05:18Z,29.86743167,121.539085,0.42698852,193.08
2019-08-26T09:05:18Z,29.86743167,121.539085,0.44756628,193.08
2019-08-26T09:05:19Z,29.86742833,121.5390817,0.44756628,193.08
2019-08-26T09:05:19Z,29.86742833,121.5390817,0.48357736,193.08
2019-08-26T09:05:20Z,29.867425,121.53908,0.48357736,193.08
2019-08-26T09:05:20Z,29.867425,121.53908,0.44756628,193.08
2019-08-26T09:05:21Z,29.86742333,121.539075,0.44756628,193.08
2019-08-26T09:05:21Z,29.86742333,121.539075,0.4629996,193.08
2019-08-26T09:05:22Z,29.86742167,121.5390717,0.4629996,193.08
2019-08-26T09:05:22Z,29.86742167,121.5390717,0.45271072,193.08
2019-08-26T09:05:23Z,29.86742,121.5390667,0.45271072,193.08
2019-08-26T09:05:23Z,29.86742,121.5390667,0.49386624,193.08
2019-08-26T09:05:24Z,29.86741667,121.5390617,0.49386624,193.08
2019-08-26T09:05:24Z,29.86741667,121.5390617,0.54531064,193.08
2019-08-26T09:05:25Z,29.867415,121.5390567,0.54531064,193.08
2019-08-26T09:05:25Z,29.867415,121.5390567,0.58132172,193.08
2019-08-26T09:05:26Z,29.86741333,121.53905,0.58132172,193.08
2019-08-26T09:05:26Z,29.86741333,121.53905,0.63276612,236.34
2019-08-26T09:05:27Z,29.86741167,121.539045,0.63276612,236.34
2019-08-26T09:05:27Z,29.86741167,121.539045,0.63276612,236.88
2019-08-26T09:05:28Z,29.86740833,121.53904,0.63276612,236.88
2019-08-26T09:05:28Z,29.86740833,121.53904,0.62247724,237.93
2019-08-26T09:05:29Z,29.867405,121.5390333,0.62247724,237.93
2019-08-26T09:05:29Z,29.867405,121.5390333,0.60189948,239.16
2019-08-26T09:05:30Z,29.86740333,121.5390283,0.60189948,239.16
2019-08-26T09:05:30Z,29.86740333,121.5390283,0.643055,240.13
2019-08-26T09:05:31Z,29.8674,121.5390217,0.643055,240.13
2019-08-26T09:05:31Z,29.8674,121.5390217,0.67906608,238.8
2019-08-26T09:05:32Z,29.86739667,121.5390167,0.67906608,238.8
2019-08-26T09:05:32Z,29.86739667,121.5390167,0.74079936,235.74
2019-08-26T09:05:33Z,29.86739,121.5390133,0.74079936,235.74
2019-08-26T09:05:33Z,29.86739,121.5390133,0.7459438,231.77
2019-08-26T09:05:34Z,29.86738333,121.53901,0.7459438,231.77
2019-08-26T09:05:34Z,29.86738333,121.53901,0.76652156,218.6
2019-08-26T09:05:35Z,29.86737667,121.5390067,0.76652156,218.6
2019-08-26T09:05:35Z,29.86737667,121.5390067,0.70478828,214.9
2019-08-26T09:05:36Z,29.86737,121.5390033,0.70478828,214.9
2019-08-26T09:05:36Z,29.86737,121.5390033,0.65848832,214.05
2019-08-26T09:05:37Z,29.867365,121.539,0.65848832,214.05
2019-08-26T09:05:37Z,29.867365,121.539,0.63791056,215.21
2019-08-26T09:05:38Z,29.86736,121.5389967,0.63791056,215.21
2019-08-26T09:05:38Z,29.86736,121.5389967,0.64819944,215.85
2019-08-26T09:05:39Z,29.867355,121.5389933,0.64819944,215.85
2019-08-26T09:05:39Z,29.867355,121.5389933,0.6687772,218.07
2019-08-26T09:05:40Z,29.86734833,121.53899,0.6687772,218.07
2019-08-26T09:05:40Z,29.86734833,121.53899,0.66363276,220.57
2019-08-26T09:05:41Z,29.86734333,121.538985,0.66363276,220.57
2019-08-26T09:05:41Z,29.86734333,121.538985,0.65848832,221.94
2019-08-26T09:05:42Z,29.86733667,121.5389817,0.65848832,221.94
2019-08-26T09:05:42Z,29.86733667,121.5389817,0.73051048,216.39
2019-08-26T09:05:43Z,29.86733,121.5389783,0.73051048,216.39
2019-08-26T09:05:43Z,29.86733,121.5389783,0.7202216,221.91
2019-08-26T09:05:44Z,29.86732167,121.538975,0.7202216,221.91
2019-08-26T09:05:44Z,29.86732167,121.538975,0.75623268,218.96
2019-08-26T09:05:45Z,29.867315,121.5389717,0.75623268,218.96
2019-08-26T09:05:45Z,29.867315,121.5389717,0.75623268,212.15
2019-08-26T09:05:46Z,29.86730333,121.5389717,0.75623268,212.15
2019-08-26T09:05:46Z,29.86730333,121.5389717,0.72536604,203.65
2019-08-26T09:05:47Z,29.86729667,121.53897,0.72536604,203.65
2019-08-26T09:05:47Z,29.86729667,121.53897,0.6687772,198.12
2019-08-26T09:05:48Z,29.86729,121.5389683,0.6687772,198.12
2019-08-26T09:05:48Z,29.86729,121.5389683,0.6173328,195.71
2019-08-26T09:05:49Z,29.867285,121.5389667,0.6173328,195.71
2019-08-26T09:05:49Z,29.867285,121.5389667,0.52473288,195.71
2019-08-26T09:05:50Z,29.86728167,121.5389633,0.52473288,195.71
2019-08-26T09:05:50Z,29.86728167,121.5389633,0.52473288,195.71
2019-08-26T09:05:51Z,29.86727833,121.53896,0.52473288,195.71
2019-08-26T09:05:51Z,29.86727833,121.53896,0.56074396,195.71
2019-08-26T09:05:52Z,29.86727667,121.538955,0.56074396,195.71
2019-08-26T09:05:52Z,29.86727667,121.538955,0.4887218,195.71
2019-08-26T09:05:53Z,29.86727667,121.53895,0.4887218,195.71
2019-08-26T09:05:53Z,29.86727667,121.53895,0.53502176,195.71
2019-08-26T09:05:54Z,29.867275,121.5389433,0.53502176,195.71
2019-08-26T09:05:54Z,29.867275,121.5389433,0.5658884,195.71
2019-08-26T09:05:55Z,29.86727667,121.5389367,0.5658884,195.71
2019-08-26T09:05:55Z,29.86727667,121.5389367,0.60189948,233.62
2019-08-26T09:05:56Z,29.86727667,121.53893,0.60189948,233.62
2019-08-26T09:05:56Z,29.86727667,121.53893,0.6173328,243.26
2019-08-26T09:05:57Z,29.86727667,121.5389233,0.6173328,243.26
2019-08-26T09:05:57Z,29.86727667,121.5389233,0.643055,248.86
2019-08-26T09:05:58Z,29.86727667,121.5389167,0.643055,248.86
2019-08-26T09:05:58Z,29.86727667,121.5389167,0.57103284,248.86
2019-08-26T09:05:59Z,29.86727667,121.53891,0.57103284,248.86
2019-08-26T09:05:59Z,29.86727667,121.53891,0.52987732,248.86
2019-08-26T09:06:0Z,29.86727833,121.538905,0.52987732,248.86
2019-08-26T09:06:0Z,29.86727833,121.538905,0.52473288,248.86
2019-08-26T09:06:1Z,29.86728,121.5388983,0.52473288,248.86
2019-08-26T09:06:1Z,29.86728,121.5388983,0.5401662,248.86
2019-08-26T09:06:2Z,29.86728,121.5388933,0.5401662,248.86
2019-08-26T09:06:2Z,29.86728,121.5388933,0.6173328,257.62
2019-08-26T09:06:3Z,29.86728,121.5388867,0.6173328,257.62
2019-08-26T09:06:3Z,29.86728,121.5388867,0.65848832,259.09
2019-08-26T09:06:4Z,29.86728,121.53888,0.65848832,259.09
2019-08-26T09:06:4Z,29.86728,121.53888,0.69964384,258.43
2019-08-26T09:06:5Z,29.86728,121.5388717,0.69964384,258.43
2019-08-26T09:06:5Z,29.86728,121.5388717,0.7459438,257.48
2019-08-26T09:06:6Z,29.86728,121.538865,0.7459438,257.48
2019-08-26T09:06:6Z,29.86728,121.538865,0.771666,254.78
2019-08-26T09:06:7Z,29.86728,121.5388567,0.771666,254.78
2019-08-26T09:06:7Z,29.86728,121.5388567,0.76652156,252.55
2019-08-26T09:06:8Z,29.86727833,121.5388483,0.76652156,252.55
2019-08-26T09:06:8Z,29.86727833,121.5388483,0.76137712,250.46
2019-08-26T09:06:9Z,29.86727667,121.5388417,0.76137712,250.46
2019-08-26T09:06:9Z,29.86727667,121.5388417,0.7459438,251.5
2019-08-26T09:06:10Z,29.86727667,121.5388333,0.7459438,251.5
2019-08-26T09:06:10Z,29.86727667,121.5388333,0.7202216,249.76
2019-08-26T09:06:11Z,29.867275,121.5388267,0.7202216,249.76
2019-08-26T09:06:11Z,29.867275,121.5388267,0.68421052,248.69
2019-08-26T09:06:12Z,29.867275,121.53882,0.68421052,248.69
2019-08-26T09:06:12Z,29.867275,121.53882,0.65848832,251.12
2019-08-26T09:06:13Z,29.86727667,121.5388133,0.65848832,251.12
2019-08-26T09:06:13Z,29.86727667,121.5388133,0.62247724,251.31
2019-08-26T09:06:14Z,29.86727667,121.5388067,0.62247724,251.31
2019-08-26T09:06:14Z,29.86727667,121.5388067,0.58132172,251.31
2019-08-26T09:06:15Z,29.86727667,121.5388,0.58132172,251.31
2019-08-26T09:06:15Z,29.86727667,121.5388,0.50929956,251.31
2019-08-26T09:06:16Z,29.86727833,121.5387967,0.50929956,251.31
2019-08-26T09:06:16Z,29.86727833,121.5387967,0.47328848,251.31
2019-08-26T09:06:17Z,29.86728167,121.5387917,0.47328848,251.31
2019-08-26T09:06:17Z,29.86728167,121.5387917,0.44756628,251.31
2019-08-26T09:06:18Z,29.867285,121.53879,0.44756628,251.31
2019-08-26T09:06:18Z,29.867285,121.53879,0.41669964,251.31
2019-08-26T09:06:19Z,29.86729,121.5387883,0.41669964,251.31
2019-08-26T09:06:19Z,29.86729,121.5387883,0.385833,251.31
2019-08-26T09:06:20Z,29.86729333,121.5387867,0.385833,251.31
2019-08-26T09:06:20Z,29.86729333,121.5387867,0.32924416,251.31
2019-08-26T09:06:21Z,29.86729833,121.53879,0.32924416,251.31
2019-08-26T09:06:21Z,29.86729833,121.53879,0.37039968,251.31
2019-08-26T09:06:22Z,29.86730167,121.53879,0.37039968,251.31
2019-08-26T09:06:22Z,29.86730167,121.53879,0.32409972,251.31
2019-08-26T09:06:23Z,29.867305,121.53879,0.32409972,251.31
2019-08-26T09:06:23Z,29.867305,121.53879,0.32409972,251.31
2019-08-26T09:06:24Z,29.86730833,121.53879,0.32409972,251.31
2019-08-26T09:06:24Z,29.86730833,121.53879,0.33953304,251.31
2019-08-26T09:06:25Z,29.86731167,121.53879,0.33953304,251.31
2019-08-26T09:06:25Z,29.86731167,121.53879,0.29837752,251.31
2019-08-26T09:06:26Z,29.86731333,121.5387867,0.29837752,251.31
2019-08-26T09:06:26Z,29.86731333,121.5387867,0.257222,251.31
2019-08-26T09:06:27Z,29.867315,121.5387867,0.257222,251.31
2019-08-26T09:06:27Z,29.867315,121.5387867,0.26751088,251.31
2019-08-26T09:06:28Z,29.86731667,121.538785,0.26751088,251.31
2019-08-26T09:06:28Z,29.86731667,121.538785,0.26751088,251.31
2019-08-26T09:06:29Z,29.86731833,121.5387833,0.26751088,251.31
2019-08-26T09:06:29Z,29.86731833,121.5387833,0.24693312,251.31
2019-08-26T09:06:30Z,29.86731833,121.5387817,0.24693312,251.31
2019-08-26T09:06:30Z,29.86731833,121.5387817,0.21606648,251.31
2019-08-26T09:06:31Z,29.86732,121.53878,0.21606648,251.31
2019-08-26T09:06:31Z,29.86732,121.53878,0.2314998,251.31
2019-08-26T09:06:32Z,29.86732167,121.5387783,0.2314998,251.31
2019-08-26T09:06:32Z,29.86732167,121.5387783,0.24178868,251.31
2019-08-26T09:06:33Z,29.86732167,121.5387767,0.24178868,251.31
2019-08-26T09:06:33Z,29.86732167,121.5387767,0.24178868,251.31
2019-08-26T09:06:34Z,29.86732333,121.538775,0.24178868,251.31
2019-08-26T09:06:34Z,29.86732333,121.538775,0.32409972,251.31
2019-08-26T09:06:35Z,29.86732667,121.538775,0.32409972,251.31
2019-08-26T09:06:35Z,29.86732667,121.538775,0.36525524,251.31
2019-08-26T09:06:36Z,29.86733,121.5387717,0.36525524,251.31
2019-08-26T09:06:36Z,29.86733,121.5387717,0.42184408,251.31
2019-08-26T09:06:37Z,29.86733167,121.53877,0.42184408,251.31
2019-08-26T09:06:37Z,29.86733167,121.53877,0.4372774,251.31
2019-08-26T09:06:38Z,29.867335,121.5387683,0.4372774,251.31
2019-08-26T09:06:38Z,29.867335,121.5387683,0.45271072,251.31
2019-08-26T09:06:39Z,29.86733833,121.5387667,0.45271072,251.31
2019-08-26T09:06:39Z,29.86733833,121.5387667,0.4372774,251.31
2019-08-26T09:06:40Z,29.86734167,121.538765,0.4372774,251.31
2019-08-26T09:06:40Z,29.86734167,121.538765,0.45271072,251.31
2019-08-26T09:06:41Z,29.867345,121.5387633,0.45271072,251.31
2019-08-26T09:06:41Z,29.867345,121.5387633,0.4629996,251.31
2019-08-26T09:06:42Z,29.86734833,121.5387617,0.4629996,251.31
2019-08-26T09:06:42Z,29.86734833,121.5387617,0.44242184,251.31
2019-08-26T09:06:43Z,29.86735167,121.53876,0.44242184,251.31
2019-08-26T09:06:43Z,29.86735167,121.53876,0.45785516,251.31
2019-08-26T09:06:44Z,29.86735667,121.5387583,0.45785516,251.31
2019-08-26T09:06:44Z,29.86735667,121.5387583,0.50929956,251.31
2019-08-26T09:06:45Z,29.86736,121.5387583,0.50929956,251.31
2019-08-26T09:06:45Z,29.86736,121.5387583,0.514444,251.31
2019-08-26T09:06:46Z,29.867365,121.5387567,0.514444,251.31
2019-08-26T09:06:46Z,29.867365,121.5387567,0.47843292,251.31
2019-08-26T09:06:47Z,29.86737,121.5387567,0.47843292,251.31
2019-08-26T09:06:47Z,29.86737,121.5387567,0.45785516,251.31
2019-08-26T09:06:48Z,29.86737333,121.5387567,0.45785516,251.31
2019-08-26T09:06:48Z,29.86737333,121.5387567,0.40641076,251.31
2019-08-26T09:06:49Z,29.86737667,121.538755,0.40641076,251.31
2019-08-26T09:06:49Z,29.86737667,121.538755,0.36525524,251.31
2019-08-26T09:06:50Z,29.86738,121.538755,0.36525524,251.31
2019-08-26T09:06:50Z,29.86738,121.538755,0.3601108,251.31
2019-08-26T09:06:51Z,29.867385,121.538755,0.3601108,251.31
2019-08-26T09:06:51Z,29.867385,121.538755,0.3601108,251.31
2019-08-26T09:06:52Z,29.86738833,121.5387567,0.3601108,251.31
2019-08-26T09:06:52Z,29.86738833,121.5387567,0.31895528,251.31
2019-08-26T09:06:53Z,29.86739167,121.5387567,0.31895528,251.31
2019-08-26T09:06:53Z,29.86739167,121.5387567,0.39612188,251.31
2019-08-26T09:06:54Z,29.867395,121.5387583,0.39612188,251.31
2019-08-26T09:06:54Z,29.867395,121.5387583,0.41669964,251.31
2019-08-26T09:06:55Z,29.8674,121.5387617,0.41669964,251.31
2019-08-26T09:06:55Z,29.8674,121.5387617,0.41669964,251.31
2019-08-26T09:06:56Z,29.867405,121.5387617,0.41669964,251.31
2019-08-26T09:06:56Z,29.867405,121.5387617,0.44242184,251.31
2019-08-26T09:06:57Z,29.86741,121.538765,0.44242184,251.31
2019-08-26T09:06:57Z,29.86741,121.538765,0.48357736,251.31
2019-08-26T09:06:58Z,29.867415,121.538765,0.48357736,251.31
2019-08-26T09:06:58Z,29.867415,121.538765,0.49901068,251.31
2019-08-26T09:06:59Z,29.86742,121.5387667,0.49901068,251.31
2019-08-26T09:06:59Z,29.86742,121.5387667,0.63791056,4.62
2019-08-26T09:07:0Z,29.86742667,121.5387683,0.63791056,4.62
2019-08-26T09:07:0Z,29.86742667,121.5387683,0.68421052,15.04
2019-08-26T09:07:1Z,29.86743167,121.53877,0.68421052,15.04
2019-08-26T09:07:1Z,29.86743167,121.53877,0.6944994,18.27
2019-08-26T09:07:2Z,29.86743833,121.5387717,0.6944994,18.27
2019-08-26T09:07:2Z,29.86743833,121.5387717,0.76137712,21.57
2019-08-26T09:07:3Z,29.86744667,121.538775,0.76137712,21.57
2019-08-26T09:07:3Z,29.86744667,121.538775,0.86941036,25.33
2019-08-26T09:07:4Z,29.86745333,121.53878,0.86941036,25.33
2019-08-26T09:07:4Z,29.86745333,121.53878,0.83854372,26.76
2019-08-26T09:07:5Z,29.86746167,121.5387833,0.83854372,26.76
2019-08-26T09:07:5Z,29.86746167,121.5387833,0.83339928,27.19
2019-08-26T09:07:6Z,29.86747,121.5387867,0.83339928,27.19
2019-08-26T09:07:6Z,29.86747,121.5387867,0.83339928,28.09
2019-08-26T09:07:7Z,29.86747667,121.5387917,0.83339928,28.09
2019-08-26T09:07:7Z,29.86747667,121.5387917,0.76137712,28.96
2019-08-26T09:07:8Z,29.86748333,121.538795,0.76137712,28.96
2019-08-26T09:07:8Z,29.86748333,121.538795,0.6944994,27.91
2019-08-26T09:07:9Z,29.86749,121.5387983,0.6944994,27.91
2019-08-26T09:07:9Z,29.86749,121.5387983,0.75108824,28.92
2019-08-26T09:07:10Z,29.86749667,121.5388017,0.75108824,28.92
2019-08-26T09:07:10Z,29.86749667,121.5388017,0.73051048,29.36
2019-08-26T09:07:11Z,29.867505,121.5388067,0.73051048,29.36
2019-08-26T09:07:11Z,29.867505,121.5388067,0.80253264,30.64
2019-08-26T09:07:12Z,29.86751167,121.53881,0.80253264,30.64
2019-08-26T09:07:12Z,29.86751167,121.53881,0.80767708,30.56
2019-08-26T09:07:13Z,29.86751667,121.5388133,0.80767708,30.56
2019-08-26T09:07:13Z,29.86751667,121.5388133,0.78195488,30.5
2019-08-26T09:07:14Z,29.867525,121.5388167,0.78195488,30.5
2019-08-26T09:07:14Z,29.867525,121.5388167,0.76137712,28.92
2019-08-26T09:07:15Z,29.86753167,121.53882,0.76137712,28.92
2019-08-26T09:07:15Z,29.86753167,121.53882,0.7459438,27.22
2019-08-26T09:07:16Z,29.86754,121.538825,0.7459438,27.22
2019-08-26T09:07:16Z,29.86754,121.538825,0.77681044,26.28
2019-08-26T09:07:17Z,29.86754667,121.5388283,0.77681044,26.28
2019-08-26T09:07:17Z,29.86754667,121.5388283,0.76137712,27.1
2019-08-26T09:07:18Z,29.867555,121.5388317,0.76137712,27.1
2019-08-26T09:07:18Z,29.867555,121.5388317,0.70478828,25.49
2019-08-26T09:07:19Z,29.86756167,121.5388367,0.70478828,25.49
2019-08-26T09:07:19Z,29.86756167,121.5388367,0.66363276,24.72
2019-08-26T09:07:20Z,29.86756833,121.53884,0.66363276,24.72
2019-08-26T09:07:20Z,29.86756833,121.53884,0.61218836,25.42
2019-08-26T09:07:21Z,29.867575,121.5388417,0.61218836,25.42
2019-08-26T09:07:21Z,29.867575,121.5388417,0.50929956,25.42
2019-08-26T09:07:22Z,29.86757833,121.5388417,0.50929956,25.42
2019-08-26T09:07:22Z,29.86757833,121.5388417,0.40641076,25.42
2019-08-26T09:07:23Z,29.86758333,121.5388417,0.40641076,25.42
2019-08-26T09:07:23Z,29.86758333,121.5388417,0.40126632,25.42
2019-08-26T09:07:24Z,29.86758667,121.5388383,0.40126632,25.42
2019-08-26T09:07:24Z,29.86758667,121.5388383,0.44242184,25.42
2019-08-26T09:07:25Z,29.86759,121.538835,0.44242184,25.42
2019-08-26T09:07:25Z,29.86759,121.538835,0.51958844,25.42
2019-08-26T09:07:26Z,29.86759167,121.53883,0.51958844,25.42
2019-08-26T09:07:26Z,29.86759167,121.53883,0.5658884,25.42
2019-08-26T09:07:27Z,29.86759167,121.538825,0.5658884,25.42
2019-08-26T09:07:27Z,29.86759167,121.538825,0.5401662,25.42
2019-08-26T09:07:28Z,29.86759333,121.53882,0.5401662,25.42
2019-08-26T09:07:28Z,29.86759333,121.53882,0.57103284,25.42
2019-08-26T09:07:29Z,29.86759333,121.5388133,0.57103284,25.42
2019-08-26T09:07:29Z,29.86759333,121.5388133,0.63791056,303.16
2019-08-26T09:07:30Z,29.86759333,121.5388067,0.63791056,303.16
2019-08-26T09:07:30Z,29.86759333,121.5388067,0.65334388,284.85
2019-08-26T09:07:31Z,29.86759333,121.5388,0.65334388,284.85
2019-08-26T09:07:31Z,29.86759333,121.5388,0.66363276,277.41
2019-08-26T09:07:32Z,29.86759167,121.5387933,0.66363276,277.41
2019-08-26T09:07:32Z,29.86759167,121.5387933,0.69964384,271.63
2019-08-26T09:07:33Z,29.86759167,121.5387867,0.69964384,271.63
2019-08-26T09:07:33Z,29.86759167,121.5387867,0.70993272,267.8
2019-08-26T09:07:34Z,29.86759167,121.5387783,0.70993272,267.8
2019-08-26T09:07:34Z,29.86759167,121.5387783,0.7973882,264.3
2019-08-26T09:07:35Z,29.86759167,121.53877,0.7973882,264.3
2019-08-26T09:07:35Z,29.86759167,121.53877,0.81796596,256.23
2019-08-26T09:07:36Z,29.86758667,121.5387633,0.81796596,256.23
2019-08-26T09:07:36Z,29.86758667,121.5387633,0.8231104,244.59
2019-08-26T09:07:37Z,29.86758333,121.5387583,0.8231104,244.59
2019-08-26T09:07:37Z,29.86758333,121.5387583,0.71507716,239.19
2019-08-26T09:07:38Z,29.86758,121.5387517,0.71507716,239.19
2019-08-26T09:07:38Z,29.86758,121.5387517,0.6173328,240.28
2019-08-26T09:07:39Z,29.86757667,121.5387467,0.6173328,240.28
2019-08-26T09:07:39Z,29.86757667,121.5387467,0.56074396,240.28
2019-08-26T09:07:40Z,29.867575,121.5387417,0.56074396,240.28
2019-08-26T09:07:40Z,29.867575,121.5387417,0.514444,240.28
2019-08-26T09:07:41Z,29.86757333,121.5387367,0.514444,240.28
2019-08-26T09:07:41Z,29.86757333,121.5387367,0.50415512,240.28
2019-08-26T09:07:42Z,29.86757333,121.5387317,0.50415512,240.28
2019-08-26T09:07:42Z,29.86757333,121.5387317,0.5658884,240.28
2019-08-26T09:07:43Z,29.86757333,121.5387283,0.5658884,240.28
2019-08-26T09:07:43Z,29.86757333,121.5387283,0.60704392,254.14
2019-08-26T09:07:44Z,29.86757167,121.5387233,0.60704392,254.14
2019-08-26T09:07:44Z,29.86757167,121.5387233,0.64819944,255.3
2019-08-26T09:07:45Z,29.86757167,121.5387183,0.64819944,255.3
2019-08-26T09:07:45Z,29.86757167,121.5387183,0.73565492,254.57
2019-08-26T09:07:46Z,29.86757167,121.5387117,0.73565492,254.57
2019-08-26T09:07:46Z,29.86757167,121.5387117,0.74079936,253.38
2019-08-26T09:07:47Z,29.86757,121.538705,0.74079936,253.38
2019-08-26T09:07:47Z,29.86757,121.538705,0.6944994,252.73
2019-08-26T09:07:48Z,29.86757,121.5386983,0.6944994,252.73
2019-08-26T09:07:48Z,29.86757,121.5386983,0.6944994,257.6
2019-08-26T09:07:49Z,29.86757,121.53869,0.6944994,257.6
2019-08-26T09:07:49Z,29.86757,121.53869,0.80767708,261.34
2019-08-26T09:07:50Z,29.86757,121.53868,0.80767708,261.34
2019-08-26T09:07:50Z,29.86757,121.53868,0.84368816,255.11
2019-08-26T09:07:51Z,29.86756667,121.5386717,0.84368816,255.11
2019-08-26T09:07:51Z,29.86756667,121.5386717,0.95686584,235.96
2019-08-26T09:07:52Z,29.86756,121.538665,0.95686584,235.96
2019-08-26T09:07:52Z,29.86756,121.538665,1.01859912,235.32
2019-08-26T09:07:53Z,29.867555,121.5386567,1.01859912,235.32
2019-08-26T09:07:53Z,29.867555,121.5386567,1.07518796,235.97
2019-08-26T09:07:54Z,29.86755167,121.5386467,1.07518796,235.97
2019-08-26T09:07:54Z,29.86755167,121.5386467,0.98258804,241.39
2019-08-26T09:07:55Z,29.86754833,121.5386383,0.98258804,241.39
2019-08-26T09:07:55Z,29.86754833,121.5386383,0.88998812,251.65
2019-08-26T09:07:56Z,29.86754833,121.5386283,0.88998812,251.65
2019-08-26T09:07:56Z,29.86754833,121.5386283,0.89513256,259.22
2019-08-26T09:07:57Z,29.86754833,121.53862,0.89513256,259.22
2019-08-26T09:07:57Z,29.86754833,121.53862,0.83854372,264.52
2019-08-26T09:07:58Z,29.86755,121.5386117,0.83854372,264.52
2019-08-26T09:07:58Z,29.86755,121.5386117,0.81796596,272.5
2019-08-26T09:07:59Z,29.86755333,121.5386033,0.81796596,272.5
2019-08-26T09:07:59Z,29.86755333,121.5386033,0.900277,273.57
2019-08-26T09:08:0Z,29.86755333,121.5385933,0.900277,273.57
2019-08-26T09:08:0Z,29.86755333,121.5385933,0.96715472,273.83
2019-08-26T09:08:1Z,29.867555,121.538585,0.96715472,273.83
2019-08-26T09:08:1Z,29.867555,121.538585,1.01345468,273.28
2019-08-26T09:08:2Z,29.867555,121.538575,1.01345468,273.28
2019-08-26T09:08:2Z,29.867555,121.538575,1.00831024,273.22
2019-08-26T09:08:3Z,29.86755667,121.538565,1.00831024,273.22
2019-08-26T09:08:3Z,29.86755667,121.538565,1.03917688,273.78
2019-08-26T09:08:4Z,29.86755833,121.538555,1.03917688,273.78
2019-08-26T09:08:4Z,29.86755833,121.538555,1.03403244,273.86
2019-08-26T09:08:5Z,29.86756,121.538545,1.03403244,273.86
2019-08-26T09:08:5Z,29.86756,121.538545,1.06489908,274.21
2019-08-26T09:08:6Z,29.86756333,121.5385367,1.06489908,274.21
2019-08-26T09:08:6Z,29.86756333,121.5385367,0.85397704,281.17
2019-08-26T09:08:7Z,29.86756833,121.5385317,0.85397704,281.17
2019-08-26T09:08:7Z,29.86756833,121.5385317,0.8488326,292.69
2019-08-26T09:08:8Z,29.86757333,121.5385283,0.8488326,292.69
2019-08-26T09:08:8Z,29.86757333,121.5385283,0.74079936,325.96
2019-08-26T09:08:9Z,29.86758,121.5385267,0.74079936,325.96
2019-08-26T09:08:9Z,29.86758,121.5385267,0.71507716,343.81
2019-08-26T09:08:10Z,29.867585,121.5385267,0.71507716,343.81
2019-08-26T09:08:10Z,29.867585,121.5385267,0.67906608,359.34
2019-08-26T09:08:11Z,29.86758833,121.5385267,0.67906608,359.34
2019-08-26T09:08:11Z,29.86758833,121.5385267,0.78195488,7.77
2019-08-26T09:08:12Z,29.867595,121.53853,0.78195488,7.77
2019-08-26T09:08:12Z,29.867595,121.53853,0.84368816,20.67
2019-08-26T09:08:13Z,29.8676,121.5385333,0.84368816,20.67
2019-08-26T09:08:13Z,29.8676,121.5385333,0.99287692,30.9
2019-08-26T09:08:14Z,29.86760667,121.53854,0.99287692,30.9
2019-08-26T09:08:14Z,29.86760667,121.53854,1.12148792,32.55
2019-08-26T09:08:15Z,29.867615,121.538545,1.12148792,32.55
2019-08-26T09:08:15Z,29.867615,121.538545,1.04946576,34.29
2019-08-26T09:08:16Z,29.867625,121.5385517,1.04946576,34.29
2019-08-26T09:08:16Z,29.867625,121.5385517,1.22437672,40.58
2019-08-26T09:08:17Z,29.86763333,121.5385567,1.22437672,40.58
2019-08-26T09:08:17Z,29.86763333,121.5385567,1.11634348,49.49
2019-08-26T09:08:18Z,29.86763667,121.5385633,1.11634348,49.49
2019-08-26T09:08:18Z,29.86763667,121.5385633,0.85397704,53.52
2019-08-26T09:08:19Z,29.86763333,121.538565,0.85397704,53.52
2019-08-26T09:08:19Z,29.86763333,121.538565,0.73051048,71.83
2019-08-26T09:08:20Z,29.86763,121.5385667,0.73051048,71.83
2019-08-26T09:08:20Z,29.86763,121.5385667,0.51958844,71.83
2019-08-26T09:08:21Z,29.86763,121.5385717,0.51958844,71.83
2019-08-26T09:08:21Z,29.86763,121.5385717,0.54531064,71.83
2019-08-26T09:08:22Z,29.86763167,121.5385767,0.54531064,71.83
2019-08-26T09:08:22Z,29.86763167,121.5385767,0.67392164,84.24
2019-08-26T09:08:23Z,29.86763333,121.5385817,0.67392164,84.24
2019-08-26T09:08:23Z,29.86763333,121.5385817,0.6687772,85.37
2019-08-26T09:08:24Z,29.867635,121.5385867,0.6687772,85.37
2019-08-26T09:08:24Z,29.867635,121.5385867,0.52473288,85.37
2019-08-26T09:08:25Z,29.867635,121.53859,0.52473288,85.37
2019-08-26T09:08:25Z,29.867635,121.53859,0.51958844,85.37
2019-08-26T09:08:26Z,29.86763333,121.5385933,0.51958844,85.37
2019-08-26T09:08:26Z,29.86763333,121.5385933,0.46814404,85.37
2019-08-26T09:08:27Z,29.86763167,121.538595,0.46814404,85.37
2019-08-26T09:08:27Z,29.86763167,121.538595,0.45785516,85.37
2019-08-26T09:08:28Z,29.86762833,121.538595,0.45785516,85.37
2019-08-26T09:08:28Z,29.86762833,121.538595,0.5401662,85.37
2019-08-26T09:08:29Z,29.867625,121.538595,0.5401662,85.37
2019-08-26T09:08:29Z,29.867625,121.538595,0.57103284,85.37
2019-08-26T09:08:30Z,29.86762,121.5385933,0.57103284,85.37
2019-08-26T09:08:30Z,29.86762,121.5385933,0.74079936,173.03
2019-08-26T09:08:31Z,29.86761833,121.5385867,0.74079936,173.03
2019-08-26T09:08:31Z,29.86761833,121.5385867,0.72536604,199.48
2019-08-26T09:08:32Z,29.86761667,121.53858,0.72536604,199.48
2019-08-26T09:08:32Z,29.86761667,121.53858,0.75623268,238.89
2019-08-26T09:08:33Z,29.86762,121.5385733,0.75623268,238.89
2019-08-26T09:08:33Z,29.86762,121.5385733,0.78195488,270.67
2019-08-26T09:08:34Z,29.867625,121.5385667,0.78195488,270.67
2019-08-26T09:08:34Z,29.867625,121.5385667,0.73565492,291.87
2019-08-26T09:08:35Z,29.86763,121.5385667,0.73565492,291.87
2019-08-26T09:08:35Z,29.86763,121.5385667,0.7202216,330.6
2019-08-26T09:08:36Z,29.86763667,121.5385683,0.7202216,330.6
2019-08-26T09:08:36Z,29.86763667,121.5385683,0.76652156,346.74
2019-08-26T09:08:37Z,29.86764167,121.5385733,0.76652156,346.74
2019-08-26T09:08:37Z,29.86764167,121.5385733,0.80767708,20.35
2019-08-26T09:08:38Z,29.867645,121.5385817,0.80767708,20.35
2019-08-26T09:08:38Z,29.867645,121.5385817,0.88484368,27.77
2019-08-26T09:08:39Z,29.86764833,121.53859,0.88484368,27.77
2019-08-26T09:08:39Z,29.86764833,121.53859,0.80767708,34.98
2019-08-26T09:08:40Z,29.867645,121.5385967,0.80767708,34.98
2019-08-26T09:08:40Z,29.867645,121.5385967,0.71507716,64.24
2019-08-26T09:08:41Z,29.86764,121.5385983,0.71507716,64.24
2019-08-26T09:08:41Z,29.86764,121.5385983,0.55045508,64.24
2019-08-26T09:08:42Z,29.867635,121.5385983,0.55045508,64.24
2019-08-26T09:08:42Z,29.867635,121.5385983,0.49386624,64.24
2019-08-26T09:08:43Z,29.86763,121.5385967,0.49386624,64.24
2019-08-26T09:08:43Z,29.86763,121.5385967,0.38068856,64.24
2019-08-26T09:08:44Z,29.867625,121.538595,0.38068856,64.24
2019-08-26T09:08:44Z,29.867625,121.538595,0.42698852,64.24
2019-08-26T09:08:45Z,29.86762167,121.5385917,0.42698852,64.24
2019-08-26T09:08:45Z,29.86762167,121.5385917,0.46814404,64.24
2019-08-26T09:08:46Z,29.86761667,121.5385883,0.46814404,64.24
2019-08-26T09:08:46Z,29.86761667,121.5385883,0.37039968,64.24
2019-08-26T09:08:47Z,29.86761333,121.5385867,0.37039968,64.24
2019-08-26T09:08:47Z,29.86761333,121.5385867,0.32924416,64.24
2019-08-26T09:08:48Z,29.86760833,121.5385867,0.32924416,64.24
2019-08-26T09:08:48Z,29.86760833,121.5385867,0.36525524,64.24
2019-08-26T09:08:49Z,29.867605,121.5385883,0.36525524,64.24
2019-08-26T09:08:49Z,29.867605,121.5385883,0.27779976,64.24
2019-08-26T09:08:50Z,29.86760333,121.53859,0.27779976,64.24
2019-08-26T09:08:50Z,29.86760333,121.53859,0.26751088,64.24
2019-08-26T09:08:51Z,29.86760167,121.5385933,0.26751088,64.24
2019-08-26T09:08:51Z,29.86760167,121.5385933,0.28808864,64.24
2019-08-26T09:08:52Z,29.86760167,121.5385967,0.28808864,64.24
2019-08-26T09:08:52Z,29.86760167,121.5385967,0.2829442,64.24
2019-08-26T09:08:53Z,29.86760167,121.5385983,0.2829442,64.24
2019-08-26T09:08:53Z,29.86760167,121.5385983,0.3343886,64.24
2019-08-26T09:08:54Z,29.86760333,121.5386017,0.3343886,64.24
2019-08-26T09:08:54Z,29.86760333,121.5386017,0.36525524,64.24
2019-08-26T09:08:55Z,29.867605,121.538605,0.36525524,64.24
2019-08-26T09:08:55Z,29.867605,121.538605,0.39097744,64.24
2019-08-26T09:08:56Z,29.86760667,121.5386083,0.39097744,64.24
2019-08-26T09:08:56Z,29.86760667,121.5386083,0.44242184,64.24
2019-08-26T09:08:57Z,29.86760833,121.5386133,0.44242184,64.24
2019-08-26T09:08:57Z,29.86760833,121.5386133,0.50929956,64.24
2019-08-26T09:08:58Z,29.86761167,121.5386183,0.50929956,64.24
2019-08-26T09:08:58Z,29.86761167,121.5386183,0.62762168,55.24
2019-08-26T09:08:59Z,29.867615,121.5386217,0.62762168,55.24
2019-08-26T09:08:59Z,29.867615,121.5386217,0.65848832,46.93
2019-08-26T09:09:0Z,29.86761833,121.5386283,0.65848832,46.93
2019-08-26T09:09:0Z,29.86761833,121.5386283,0.65848832,55
2019-08-26T09:09:1Z,29.86761833,121.538635,0.65848832,55
2019-08-26T09:09:1Z,29.86761833,121.538635,0.65848832,64.84
2019-08-26T09:09:2Z,29.86762,121.5386417,0.65848832,64.84
2019-08-26T09:09:2Z,29.86762,121.5386417,0.71507716,71.15
2019-08-26T09:09:3Z,29.86762167,121.5386483,0.71507716,71.15
2019-08-26T09:09:3Z,29.86762167,121.5386483,0.68935496,73.14
2019-08-26T09:09:4Z,29.86762333,121.538655,0.68935496,73.14
2019-08-26T09:09:4Z,29.86762333,121.538655,0.71507716,74.33
2019-08-26T09:09:5Z,29.867625,121.5386617,0.71507716,74.33
2019-08-26T09:09:5Z,29.867625,121.5386617,0.69964384,75.97
2019-08-26T09:09:6Z,29.86762833,121.5386683,0.69964384,75.97
2019-08-26T09:09:6Z,29.86762833,121.5386683,0.70478828,72.51
2019-08-26T09:09:7Z,29.86763167,121.538675,0.70478828,72.51
2019-08-26T09:09:7Z,29.86763167,121.538675,0.71507716,72.34
2019-08-26T09:09:8Z,29.86763333,121.5386817,0.71507716,72.34
2019-08-26T09:09:8Z,29.86763333,121.5386817,0.70478828,72.65
2019-08-26T09:09:9Z,29.867635,121.5386883,0.70478828,72.65
2019-08-26T09:09:9Z,29.867635,121.5386883,0.63791056,73.32
2019-08-26T09:09:10Z,29.86763667,121.538695,0.63791056,73.32
2019-08-26T09:09:10Z,29.86763667,121.538695,0.62247724,71.78
2019-08-26T09:09:11Z,29.86764,121.5387,0.62247724,71.78
2019-08-26T09:09:11Z,29.86764,121.5387,0.60189948,70.29
2019-08-26T09:09:12Z,29.86764167,121.538705,0.60189948,70.29
2019-08-26T09:09:12Z,29.86764167,121.538705,0.5658884,70.29
2019-08-26T09:09:13Z,29.86764167,121.53871,0.5658884,70.29
2019-08-26T09:09:13Z,29.86764167,121.53871,0.49901068,70.29
2019-08-26T09:09:14Z,29.86764333,121.538715,0.49901068,70.29
2019-08-26T09:09:14Z,29.86764333,121.538715,0.45271072,70.29
2019-08-26T09:09:15Z,29.86764667,121.5387183,0.45271072,70.29
2019-08-26T09:09:15Z,29.86764667,121.5387183,0.4372774,70.29
2019-08-26T09:09:16Z,29.86764833,121.5387217,0.4372774,70.29
2019-08-26T09:09:16Z,29.86764833,121.5387217,0.39612188,70.29
2019-08-26T09:09:17Z,29.86764833,121.538725,0.39612188,70.29
2019-08-26T09:09:17Z,29.86764833,121.538725,0.42184408,70.29
2019-08-26T09:09:18Z,29.86764833,121.53873,0.42184408,70.29
2019-08-26T09:09:18Z,29.86764833,121.53873,0.40126632,70.29
2019-08-26T09:09:19Z,29.86764833,121.538735,0.40126632,70.29
2019-08-26T09:09:19Z,29.86764833,121.538735,0.40126632,70.29
2019-08-26T09:09:20Z,29.86765,121.53874,0.40126632,70.29
2019-08-26T09:09:20Z,29.86765,121.53874,0.4629996,70.29
2019-08-26T09:09:21Z,29.86765,121.5387433,0.4629996,70.29
2019-08-26T09:09:21Z,29.86765,121.5387433,0.3601108,70.29
2019-08-26T09:09:22Z,29.86765,121.5387483,0.3601108,70.29
2019-08-26T09:09:22Z,29.86765,121.5387483,0.37554412,70.29
2019-08-26T09:09:23Z,29.86765,121.5387517,0.37554412,70.29
2019-08-26T09:09:23Z,29.86765,121.5387517,0.40126632,70.29
2019-08-26T09:09:24Z,29.86765,121.5387567,0.40126632,70.29
2019-08-26T09:09:24Z,29.86765,121.5387567,0.37039968,70.29
2019-08-26T09:09:25Z,29.86765167,121.5387617,0.37039968,70.29
2019-08-26T09:09:25Z,29.86765167,121.5387617,0.46814404,70.29
2019-08-26T09:09:26Z,29.867655,121.5387667,0.46814404,70.29
2019-08-26T09:09:26Z,29.867655,121.5387667,0.44756628,70.29
2019-08-26T09:09:27Z,29.86765667,121.5387717,0.44756628,70.29
2019-08-26T09:09:27Z,29.86765667,121.5387717,0.47328848,70.29
2019-08-26T09:09:28Z,29.86765667,121.5387767,0.47328848,70.29
2019-08-26T09:09:28Z,29.86765667,121.5387767,0.50415512,70.29
2019-08-26T09:09:29Z,29.86765833,121.5387817,0.50415512,70.29
2019-08-26T09:09:29Z,29.86765833,121.5387817,0.55559952,70.29
2019-08-26T09:09:30Z,29.86766,121.5387883,0.55559952,70.29
2019-08-26T09:09:30Z,29.86766,121.5387883,0.60704392,79.85
2019-08-26T09:09:31Z,29.86766167,121.538795,0.60704392,79.85
2019-08-26T09:09:31Z,29.86766167,121.538795,0.5658884,79.85
2019-08-26T09:09:32Z,29.86766333,121.5388,0.5658884,79.85
2019-08-26T09:09:32Z,29.86766333,121.5388,0.62247724,77.67
2019-08-26T09:09:33Z,29.86766667,121.5388067,0.62247724,77.67
2019-08-26T09:09:33Z,29.86766667,121.5388067,0.58132172,77.67
2019-08-26T09:09:34Z,29.86766833,121.5388117,0.58132172,77.67
2019-08-26T09:09:34Z,29.86766833,121.5388117,0.56074396,77.67
2019-08-26T09:09:35Z,29.86767167,121.5388183,0.56074396,77.67
2019-08-26T09:09:35Z,29.86767167,121.5388183,0.5401662,77.67
2019-08-26T09:09:36Z,29.86767333,121.5388233,0.5401662,77.67
2019-08-26T09:09:36Z,29.86767333,121.5388233,0.50415512,77.67
2019-08-26T09:09:37Z,29.867675,121.5388283,0.50415512,77.67
2019-08-26T09:09:37Z,29.867675,121.5388283,0.49901068,77.67
2019-08-26T09:09:38Z,29.86767833,121.5388317,0.49901068,77.67
2019-08-26T09:09:38Z,29.86767833,121.5388317,0.44242184,77.67
2019-08-26T09:09:39Z,29.86767833,121.5388367,0.44242184,77.67
2019-08-26T09:09:39Z,29.86767833,121.5388367,0.4115552,77.67
2019-08-26T09:09:40Z,29.86768167,121.53884,0.4115552,77.67
2019-08-26T09:09:40Z,29.86768167,121.53884,0.45785516,77.67
2019-08-26T09:09:41Z,29.86768333,121.5388433,0.45785516,77.67
2019-08-26T09:09:41Z,29.86768333,121.5388433,0.4115552,77.67
2019-08-26T09:09:42Z,29.867685,121.5388483,0.4115552,77.67
2019-08-26T09:09:42Z,29.867685,121.5388483,0.3601108,77.67
2019-08-26T09:09:43Z,29.86768667,121.53885,0.3601108,77.67
2019-08-26T09:09:43Z,29.86768667,121.53885,0.32409972,77.67
2019-08-26T09:09:44Z,29.86768833,121.5388517,0.32409972,77.67
2019-08-26T09:09:44Z,29.86768833,121.5388517,0.27779976,77.67
2019-08-26T09:09:45Z,29.86769,121.5388533,0.27779976,77.67
2019-08-26T09:09:45Z,29.86769,121.5388533,0.2829442,77.67
2019-08-26T09:09:46Z,29.86769167,121.538855,0.2829442,77.67
2019-08-26T09:09:46Z,29.86769167,121.538855,0.24178868,77.67
2019-08-26T09:09:47Z,29.867695,121.5388567,0.24178868,77.67
2019-08-26T09:09:47Z,29.867695,121.5388567,0.25207756,77.67
2019-08-26T09:09:48Z,29.86769667,121.5388567,0.25207756,77.67
2019-08-26T09:09:48Z,29.86769667,121.5388567,0.24178868,77.67
2019-08-26T09:09:49Z,29.86769833,121.5388583,0.24178868,77.67
2019-08-26T09:09:49Z,29.86769833,121.5388583,0.26236644,77.67
2019-08-26T09:09:50Z,29.8677,121.53886,0.26236644,77.67
2019-08-26T09:09:50Z,29.8677,121.53886,0.32409972,77.67
2019-08-26T09:09:51Z,29.86770167,121.53886,0.32409972,77.67
2019-08-26T09:09:51Z,29.86770167,121.53886,0.31381084,77.67
2019-08-26T09:09:52Z,29.86770333,121.5388617,0.31381084,77.67
2019-08-26T09:09:52Z,29.86770333,121.5388617,0.32409972,77.67
2019-08-26T09:09:53Z,29.867705,121.5388633,0.32409972,77.67
2019-08-26T09:09:53Z,29.867705,121.5388633,0.35496636,77.67
2019-08-26T09:09:54Z,29.86770667,121.538865,0.35496636,77.67
2019-08-26T09:09:54Z,29.86770667,121.538865,0.34982192,77.67
2019-08-26T09:09:55Z,29.86771,121.5388667,0.34982192,77.67
2019-08-26T09:09:55Z,29.86771,121.5388667,0.33953304,77.67
2019-08-26T09:09:56Z,29.86771167,121.5388683,0.33953304,77.67
2019-08-26T09:09:56Z,29.86771167,121.5388683,0.35496636,77.67
2019-08-26T09:09:57Z,29.86771333,121.53887,0.35496636,77.67
2019-08-26T09:09:57Z,29.86771333,121.53887,0.33953304,77.67
2019-08-26T09:09:58Z,29.86771333,121.5388733,0.33953304,77.67
2019-08-26T09:09:58Z,29.86771333,121.5388733,0.34467748,77.67
2019-08-26T09:09:59Z,29.867715,121.538875,0.34467748,77.67
2019-08-26T09:09:59Z,29.867715,121.538875,0.34467748,77.67
2019-08-26T09:10:0Z,29.86771667,121.5388783,0.34467748,77.67
2019-08-26T09:10:0Z,29.86771667,121.5388783,0.32409972,77.67
2019-08-26T09:10:1Z,29.86771667,121.5388817,0.32409972,77.67
2019-08-26T09:10:1Z,29.86771667,121.5388817,0.32409972,77.67
2019-08-26T09:10:2Z,29.86771833,121.5388833,0.32409972,77.67
2019-08-26T09:10:2Z,29.86771833,121.5388833,0.3086664,77.67
2019-08-26T09:10:3Z,29.86771833,121.5388867,0.3086664,77.67
2019-08-26T09:10:3Z,29.86771833,121.5388867,0.29837752,77.67
2019-08-26T09:10:4Z,29.86772,121.5388883,0.29837752,77.67
2019-08-26T09:10:4Z,29.86772,121.5388883,0.29323308,77.67
2019-08-26T09:10:5Z,29.86772167,121.5388917,0.29323308,77.67
2019-08-26T09:10:5Z,29.86772167,121.5388917,0.30352196,77.67
2019-08-26T09:10:6Z,29.86772167,121.5388933,0.30352196,77.67
2019-08-26T09:10:6Z,29.86772167,121.5388933,0.29323308,77.67
2019-08-26T09:10:7Z,29.86772333,121.538895,0.29323308,77.67
2019-08-26T09:10:7Z,29.86772333,121.538895,0.28808864,77.67
2019-08-26T09:10:8Z,29.867725,121.5388983,0.28808864,77.67
2019-08-26T09:10:8Z,29.867725,121.5388983,0.29323308,77.67
2019-08-26T09:10:9Z,29.867725,121.5389017,0.29323308,77.67
2019-08-26T09:10:9Z,29.867725,121.5389017,0.32409972,77.67
2019-08-26T09:10:10Z,29.86772667,121.538905,0.32409972,77.67
2019-08-26T09:10:10Z,29.86772667,121.538905,0.2829442,77.67