2019-08-29T06:32:00Z,29.86724476,121.5390062,1.537,195.44
2019-08-29T06:32:01Z,29.86724056,121.539004,1.792,219.05
2019-08-29T06:32:02Z,29.86723775,121.5389996,2.096,256.85
2019-08-29T06:32:03Z,29.8672359,121.5389939,2.024,255.42
2019-08-29T06:32:04Z,29.8672371,121.5389877,2.839,301.22
2019-08-29T06:32:05Z,29.86724311,121.5389856,3.579,9.99
2019-08-29T06:32:06Z,29.86724695,121.5389864,1.839,92.38
2019-08-29T06:32:07Z,29.86724941,121.5389898,2.083,64.32
2019-08-29T06:32:08Z,29.86725228,121.5389926,1.374,17.78
2019-08-29T06:32:09Z,29.86725495,121.5389976,2.611,71.7
2019-08-29T06:32:10Z,29.86725826,121.5390026,1.846,43.52
2019-08-29T06:32:11Z,29.86725808,121.5390092,3.102,115
2019-08-29T06:32:12Z,29.8672536,121.539014,2.909,161.91
2019-08-29T06:32:13Z,29.86724918,121.5390166,1.305,157
2019-08-29T06:32:14Z,29.86724478,121.5390185,1.942,157.78
2019-08-29T06:32:15Z,29.86724058,121.539021,1.852,146.61
2019-08-29T06:32:16Z,29.86723628,121.5390238,2.103,152.42
2019-08-29T06:32:17Z,29.86723181,121.5390271,2.17,148.09
2019-08-29T06:32:18Z,29.86722655,121.5390266,2.755,209.87
2019-08-29T06:32:19Z,29.86722333,121.5390215,2.676,261.35
2019-08-29T06:32:20Z,29.86722333,121.5390139,2.931,286.04
2019-08-29T06:32:21Z,29.86722621,121.5390098,1.681,356.79
2019-08-29T06:32:22Z,29.86723135,121.5390087,2.472,0.34
2019-08-29T06:32:23Z,29.86723526,121.5390106,1.544,54.85
2019-08-29T06:32:24Z,29.86723825,121.5390121,1.061,4.03
2019-08-29T06:32:25Z,29.86724053,121.5390138,1.096,43.05
2019-08-29T06:32:26Z,29.86724183,121.5390154,0.792,69.68
2019-08-29T06:32:27Z,29.86724233,121.539019,1.889,96.41
2019-08-29T06:32:28Z,29.86724508,121.5390238,2.574,44.55
2019-08-29T06:32:29Z,29.86725095,121.5390263,2.892,3.21
2019-08-29T06:32:30Z,29.8672569,121.5390244,2.396,317.44
2019-08-29T06:32:31Z,29.86725993,121.5390204,1.446,278.45
2019-08-29T06:32:32Z,29.8672612,121.5390169,0.946,285.08
2019-08-29T06:32:33Z,29.86726103,121.5390128,1.787,250.98
2019-08-29T06:32:34Z,29.86726241,121.5390081,2.094,304.8
2019-08-29T06:32:35Z,29.86726513,121.539003,2.15,302.45
2019-08-29T06:32:36Z,29.86726301,121.5389958,4.131,229.56
2019-08-29T06:32:37Z,29.86725871,121.5389876,3.407,238.97
2019-08-29T06:32:38Z,29.86725101,121.5389812,4.291,201.55
2019-08-29T06:32:39Z,29.86724125,121.5389781,4.144,184.66
2019-08-29T06:32:40Z,29.8672337,121.5389849,5.144,112.32
2019-08-29T06:32:41Z,29.86723543,121.5389947,4.87,42.14
2019-08-29T06:32:42Z,29.86724166,121.5389994,2.698,354.32
2019-08-29T06:32:43Z,29.86724631,121.5390037,2.185,70.29
2019-08-29T06:32:44Z,29.86725198,121.5390031,3.237,332.85
2019-08-29T06:32:45Z,29.86725526,121.5389987,2.02,281.13
2019-08-29T06:32:46Z,29.8672565,121.5389936,1.544,272.79
2019-08-29T06:32:47Z,29.8672554,121.5389873,2.637,249.39
2019-08-29T06:32:48Z,29.86725428,121.5389803,2.476,267.45
2019-08-29T06:32:49Z,29.86725226,121.5389726,2.928,248.8
2019-08-29T06:32:50Z,29.86725068,121.5389647,2.837,264.2
2019-08-29T06:32:51Z,29.86724831,121.5389571,2.761,243.74
2019-08-29T06:32:52Z,29.86724653,121.5389488,3.19,263.64
2019-08-29T06:32:53Z,29.86724508,121.5389395,3.522,261.06
2019-08-29T06:32:54Z,29.86724353,121.5389299,3.366,258.83
2019-08-29T06:32:55Z,29.86724228,121.5389194,3.924,266.04
2019-08-29T06:32:56Z,29.86724186,121.5389094,3.213,271.17
2019-08-29T06:32:57Z,29.86724091,121.5389008,2.713,257.18
2019-08-29T06:32:58Z,29.86724048,121.5388932,2.483,275.03
2019-08-29T06:32:59Z,29.86724013,121.5388871,1.855,262.46
2019-08-29T06:33:00Z,29.86724011,121.5388819,1.674,275.06
2019-08-29T06:33:01Z,29.86724068,121.538877,1.813,283.43
2019-08-29T06:33:02Z,29.86724113,121.5388721,1.839,272.43
2019-08-29T06:33:03Z,29.8672412,121.5388672,1.687,266.46
2019-08-29T06:33:04Z,29.86724133,121.5388626,1.514,275.97
2019-08-29T06:33:05Z,29.86724128,121.5388583,1.387,267.69
2019-08-29T06:33:06Z,29.86724141,121.5388545,1.261,273.9
2019-08-29T06:33:07Z,29.86724138,121.5388512,1.077,266.33
2019-08-29T06:33:08Z,29.86724151,121.5388483,1.024,276.39
2019-08-29T06:33:09Z,29.86724141,121.5388455,0.933,264.78
2019-08-29T06:33:10Z,29.86724143,121.538843,0.807,274.28
2019-08-29T06:33:11Z,29.86724148,121.5388409,0.69,271.84
2019-08-29T06:33:12Z,29.86724151,121.5388409,0.635,271.13
2019-08-29T06:33:13Z,29.86724151,121.5388409,0.559,279.16
2019-08-29T06:33:14Z,29.86724148,121.5388409,0.488,269.96
2019-08-29T06:33:15Z,29.86724153,121.5388408,0.561,292.09
2019-08-29T06:33:16Z,29.8672416,121.5388407,0.435,241.2
2019-08-29T06:33:17Z,29.86724166,121.5388405,0.594,275.72
2019-08-29T06:33:18Z,29.86724176,121.5388403,0.533,269.8
2019-08-29T06:33:19Z,29.86724183,121.53884,0.601,267.31
2019-08-29T06:33:20Z,29.8672419,121.5388375,0.961,272.69
2019-08-29T06:33:21Z,29.8672429,121.538834,1.451,296.42
2019-08-29T06:33:22Z,29.86724491,121.5388301,1.644,305.83
2019-08-29T06:33:23Z,29.86724733,121.5388259,1.614,302.82
2019-08-29T06:33:24Z,29.86724983,121.5388217,1.642,303.55
2019-08-29T06:33:25Z,29.8672523,121.5388177,1.564,304.22
2019-08-29T06:33:26Z,29.86725456,121.5388138,1.451,301.99
2019-08-29T06:33:27Z,29.86725681,121.53881,1.563,303.85
2019-08-29T06:33:28Z,29.86725911,121.5388061,1.605,305.67
2019-08-29T06:33:29Z,29.86726105,121.5388021,1.551,293.29
2019-08-29T06:33:30Z,29.86726331,121.538798,1.709,309.21
2019-08-29T06:33:31Z,29.86726545,121.5387941,1.509,301.14
2019-08-29T06:33:32Z,29.86726738,121.5387903,1.437,297.7
2019-08-29T06:33:33Z,29.86726935,121.5387871,1.266,310.24
2019-08-29T06:33:34Z,29.86727123,121.5387834,1.472,293.93
2019-08-29T06:33:35Z,29.8672733,121.53878,1.424,308.11
2019-08-29T06:33:36Z,29.86727425,121.5387765,1.192,269.99
2019-08-29T06:33:37Z,29.86727505,121.5387727,1.44,285.89
2019-08-29T06:33:38Z,29.86727775,121.5387661,3.407,299.67
2019-08-29T06:33:39Z,29.86728306,121.5387579,4.018,312.46
2019-08-29T06:33:40Z,29.86728828,121.5387491,3.439,298.24
2019-08-29T06:33:41Z,29.86729205,121.5387411,2.596,292.75
2019-08-29T06:33:42Z,29.86729561,121.5387338,2.866,301.6
2019-08-29T06:33:43Z,29.86729971,121.5387256,3.578,300.46
2019-08-29T06:33:44Z,29.8673042,121.5387178,3.094,306.74
2019-08-29T06:33:45Z,29.86730766,121.5387101,2.8,289.81
2019-08-29T06:33:46Z,29.86731128,121.5387018,3.478,297.18
2019-08-29T06:33:47Z,29.86731601,121.5386931,3.709,305.68
2019-08-29T06:33:48Z,29.86732025,121.5386839,3.476,292.67
2019-08-29T06:33:49Z,29.86732468,121.5386745,3.761,298.49
2019-08-29T06:33:50Z,29.86732953,121.5386651,3.763,302.58
2019-08-29T06:33:51Z,29.86733403,121.5386558,3.522,297.79
2019-08-29T06:33:52Z,29.86733808,121.5386472,3.179,298.67
2019-08-29T06:33:53Z,29.86734181,121.5386399,2.62,302.94
2019-08-29T06:33:54Z,29.86734485,121.5386334,2.387,296.6
2019-08-29T06:33:55Z,29.86734761,121.5386276,2.183,300.28
2019-08-29T06:33:56Z,29.86734998,121.5386224,1.905,297.66
2019-08-29T06:33:57Z,29.86735236,121.5386177,1.818,301.32
2019-08-29T06:33:58Z,29.86735435,121.5386134,1.522,296.44
2019-08-29T06:33:59Z,29.86735611,121.5386094,1.464,297.53
2019-08-29T06:34:00Z,29.86735775,121.5386057,1.355,297.66
2019-08-29T06:34:01Z,29.86735931,121.5386024,1.229,298.96
2019-08-29T06:34:02Z,29.86736075,121.5385992,1.172,295.08
2019-08-29T06:34:03Z,29.86736215,121.5385962,1.076,300.41
2019-08-29T06:34:04Z,29.86736336,121.5385934,0.988,292.29
2019-08-29T06:34:05Z,29.86736456,121.5385909,0.97,300.62
2019-08-29T06:34:06Z,29.86736563,121.5385884,0.929,292.68
2019-08-29T06:34:07Z,29.86736658,121.5385863,0.709,304.03
2019-08-29T06:34:08Z,29.86736765,121.5385841,0.998,297.84
2019-08-29T06:34:09Z,29.8673687,121.5385819,0.814,300.52
2019-08-29T06:34:10Z,29.8673696,121.5385796,0.872,290.74
2019-08-29T06:34:11Z,29.8673703,121.5385774,0.794,290.23
2019-08-29T06:34:12Z,29.86737086,121.5385753,0.751,290.31
2019-08-29T06:34:13Z,29.86737141,121.5385733,0.72,288.99
2019-08-29T06:34:14Z,29.86737133,121.5385733,0.711,287.36
2019-08-29T06:34:15Z,29.86737125,121.5385732,0.648,286.38
2019-08-29T06:34:16Z,29.86737133,121.5385731,0.668,284.17
2019-08-29T06:34:17Z,29.8673713,121.5385729,0.622,283.32
2019-08-29T06:34:18Z,29.86737131,121.5385725,0.655,287.17
2019-08-29T06:34:19Z,29.8673713,121.5385722,0.566,282.45
2019-08-29T06:34:20Z,29.86737135,121.5385717,0.59,279.9
2019-08-29T06:34:21Z,29.86737138,121.5385713,0.653,320.28
2019-08-29T06:34:22Z,29.8673715,121.5385708,0.568,319.05
2019-08-29T06:34:23Z,29.86737163,121.5385704,0.698,330.98
2019-08-29T06:34:24Z,29.86737173,121.53857,0.655,335.74
2019-08-29T06:34:25Z,29.86737368,121.5385692,0.85,358.49
2019-08-29T06:34:26Z,29.86737583,121.5385687,0.831,0.62
2019-08-29T06:34:27Z,29.86737783,121.5385684,0.755,7.95
2019-08-29T06:34:28Z,29.86737791,121.5385681,0.568,2.58
2019-08-29T06:34:29Z,29.86737796,121.5385678,0.525,26.16
2019-08-29T06:34:30Z,29.86737815,121.5385675,0.398,348.17
2019-08-29T06:34:31Z,29.8673783,121.5385672,0.664,349.76
2019-08-29T06:34:32Z,29.86738018,121.5385661,0.863,335.07
2019-08-29T06:34:33Z,29.86738276,121.5385654,0.955,10.38
2019-08-29T06:34:34Z,29.86738546,121.5385652,0.905,12.83
2019-08-29T06:34:35Z,29.8673883,121.5385651,1.029,4.6
2019-08-29T06:34:36Z,29.8673914,121.5385651,1.166,10.72
2019-08-29T06:34:37Z,29.86739475,121.538565,1.24,1.67
2019-08-29T06:34:38Z,29.86739776,121.5385654,0.985,25.43
2019-08-29T06:34:39Z,29.86740036,121.5385658,0.801,17.88
2019-08-29T06:34:40Z,29.86740265,121.5385663,0.713,22.92
2019-08-29T06:34:41Z,29.86740306,121.538566,0.614,11.05
2019-08-29T06:34:42Z,29.86740351,121.5385658,0.448,21.51
2019-08-29T06:34:43Z,29.86740381,121.5385655,0.377,47.4
2019-08-29T06:34:44Z,29.86740408,121.5385654,0.283,41.13
2019-08-29T06:34:45Z,29.86740441,121.5385652,0.301,52.4
2019-08-29T06:34:46Z,29.8674048,121.538565,0.166,0
2019-08-29T06:34:47Z,29.8674051,121.5385648,0.296,107.15
2019-08-29T06:34:48Z,29.8674054,121.5385647,0.17,0
2019-08-29T06:34:49Z,29.86740586,121.5385645,0.168,0
2019-08-29T06:34:50Z,29.86740605,121.5385644,0.492,151.05
2019-08-29T06:34:51Z,29.8674063,121.5385643,0.175,0
2019-08-29T06:34:52Z,29.86740655,121.5385641,0.405,164.91
2019-08-29T06:34:53Z,29.8674069,121.538564,0.305,203.49
2019-08-29T06:34:54Z,29.8674073,121.538564,0.264,13.4
2019-08-29T06:34:55Z,29.86740751,121.5385641,0.107,0
2019-08-29T06:34:56Z,29.86740755,121.538564,0.488,206.06
2019-08-29T06:34:57Z,29.8674075,121.5385638,0.724,150.55
2019-08-29T06:34:58Z,29.86740745,121.5385637,0.7,117.7
2019-08-29T06:34:59Z,29.86740745,121.5385636,0.737,68.88
2019-08-29T06:35:00Z,29.86740755,121.5385637,0.751,63.78
2019-08-29T06:35:01Z,29.86740763,121.5385639,0.605,74.47
2019-08-29T06:35:02Z,29.8674077,121.5385641,0.448,0.13
2019-08-29T06:35:03Z,29.86740778,121.5385644,0.335,52.98
2019-08-29T06:35:04Z,29.86740791,121.5385647,0.229,350.47
2019-08-29T06:35:05Z,29.86740808,121.5385648,0.207,0
2019-08-29T06:35:06Z,29.86740813,121.5385648,0.157,0
2019-08-29T06:35:07Z,29.86740811,121.5385649,0.816,104.7
2019-08-29T06:35:08Z,29.86740803,121.5385651,0.825,70.07
2019-08-29T06:35:09Z,29.86740876,121.5385679,1.094,70.03
2019-08-29T06:35:10Z,29.86741065,121.5385701,1.192,19.48
2019-08-29T06:35:11Z,29.8674134,121.538572,1.313,25.59
2019-08-29T06:35:12Z,29.86741633,121.5385728,1.053,3.78
2019-08-29T06:35:13Z,29.8674193,121.5385738,1.218,20.85
2019-08-29T06:35:14Z,29.86742218,121.538573,1.413,327.67
2019-08-29T06:35:15Z,29.86742478,121.5385725,0.877,1.3
2019-08-29T06:35:16Z,29.86742748,121.538572,1.177,350.9
2019-08-29T06:35:17Z,29.86743088,121.5385718,1.503,359.16
2019-08-29T06:35:18Z,29.86743491,121.5385712,1.733,345.98
2019-08-29T06:35:19Z,29.8674396,121.5385708,1.911,358.64
2019-08-29T06:35:20Z,29.86744448,121.5385717,2.033,18.2
2019-08-29T06:35:21Z,29.86744903,121.5385719,1.564,345.68
2019-08-29T06:35:22Z,29.86745288,121.5385716,1.283,350.21
2019-08-29T06:35:23Z,29.86745616,121.538571,1.124,350.41
2019-08-29T06:35:24Z,29.8674588,121.5385701,0.916,336.75
2019-08-29T06:35:25Z,29.86746093,121.5385695,0.742,353.31
2019-08-29T06:35:26Z,29.86746301,121.538568,1.12,315.96
2019-08-29T06:35:27Z,29.86746518,121.5385672,0.974,6.36
2019-08-29T06:35:28Z,29.86746721,121.5385662,0.89,323.17
2019-08-29T06:35:29Z,29.8674692,121.5385655,0.674,347.44
2019-08-29T06:35:30Z,29.8674712,121.5385644,1.011,330.35
2019-08-29T06:35:31Z,29.867473,121.5385636,0.633,343.25
2019-08-29T06:35:32Z,29.86747466,121.5385627,0.74,336.27
2019-08-29T06:35:33Z,29.86747661,121.5385621,0.805,347.28
2019-08-29T06:35:34Z,29.86747878,121.5385614,0.814,329.89
2019-08-29T06:35:35Z,29.86748116,121.5385609,0.944,350.57
2019-08-29T06:35:36Z,29.86748341,121.5385603,0.825,342.65
2019-08-29T06:35:37Z,29.86748555,121.5385597,0.785,340.35
2019-08-29T06:35:38Z,29.8674875,121.5385591,0.74,351.42
2019-08-29T06:35:39Z,29.8674876,121.538559,0.698,348.57
2019-08-29T06:35:40Z,29.8674877,121.538559,0.651,0.08
2019-08-29T06:35:41Z,29.86748785,121.5385588,0.753,359.34
2019-08-29T06:35:42Z,29.86748816,121.5385586,0.525,331.63
2019-08-29T06:35:43Z,29.86748845,121.5385584,0.631,346.89
2019-08-29T06:35:44Z,29.86748868,121.5385584,0.611,353.04
2019-08-29T06:35:45Z,29.86748888,121.5385582,0.459,351.53
2019-08-29T06:35:46Z,29.86748915,121.5385582,0.611,342.77
2019-08-29T06:35:47Z,29.8674895,121.5385583,0.653,14.25
2019-08-29T06:35:48Z,29.86749,121.5385583,0.444,333.07
2019-08-29T06:35:49Z,29.86749053,121.5385582,0.538,23.6
2019-08-29T06:35:50Z,29.86749086,121.538558,0.398,195.04
2019-08-29T06:35:51Z,29.86749103,121.5385579,0.974,20.26
2019-08-29T06:35:52Z,29.86749101,121.5385579,0.264,27.66
2019-08-29T06:35:53Z,29.86749128,121.5385579,0.574,33.72
2019-08-29T06:35:54Z,29.86749158,121.5385579,0.411,16.07
2019-08-29T06:35:55Z,29.86749203,121.538558,0.563,27.66
2019-08-29T06:35:56Z,29.8674926,121.5385581,0.4,21.84
2019-08-29T06:35:57Z,29.86749321,121.5385582,0.403,40.72
2019-08-29T06:35:58Z,29.8674937,121.5385584,0.429,52.9
2019-08-29T06:35:59Z,29.86749453,121.5385586,0.466,92.87
2019-08-29T06:36:00Z,29.8674953,121.5385588,0.688,106.39
2019-08-29T06:36:01Z,29.86749596,121.5385591,0.309,152.91
2019-08-29T06:36:02Z,29.8674965,121.5385595,0.688,151.29
2019-08-29T06:36:03Z,29.86749681,121.53856,0.355,203.3
2019-08-29T06:36:04Z,29.86749718,121.5385602,0.8,170.79
2019-08-29T06:36:05Z,29.8674974,121.5385605,0.422,161.06
2019-08-29T06:36:06Z,29.8674976,121.5385609,0.779,157.36
2019-08-29T06:36:07Z,29.86749778,121.5385613,0.344,128.29
2019-08-29T06:36:08Z,29.86749793,121.5385618,0.809,164.05
2019-08-29T06:36:09Z,29.86749798,121.5385624,0.661,134.17
2019-08-29T06:36:10Z,29.8674963,121.5385645,0.944,149.41
2019-08-29T06:36:11Z,29.86749431,121.5385668,1.237,136.25
2019-08-29T06:36:12Z,29.86749241,121.5385702,1.477,129.56
2019-08-29T06:36:13Z,29.86749018,121.5385735,1.307,145.92
2019-08-29T06:36:14Z,29.86748953,121.5385775,1.461,81.74
2019-08-29T06:36:15Z,29.86748923,121.5385815,1.135,106.55
2019-08-29T06:36:16Z,29.8674883,121.5385853,1.346,121.63
2019-08-29T06:36:17Z,29.8674871,121.5385894,1.511,111.02
2019-08-29T06:36:18Z,29.86748581,121.538594,1.705,109.4
2019-08-29T06:36:19Z,29.86748448,121.5385992,1.877,108.29
2019-08-29T06:36:20Z,29.8674829,121.5386047,1.903,114.07
2019-08-29T06:36:21Z,29.86748005,121.5386108,2.744,126.2
2019-08-29T06:36:22Z,29.867478,121.5386198,3.891,95.34
2019-08-29T06:36:23Z,29.86747485,121.5386294,3.446,119.08
2019-08-29T06:36:24Z,29.86747081,121.5386389,3.535,119.85
2019-08-29T06:36:25Z,29.86746733,121.5386486,3.559,107.67
2019-08-29T06:36:26Z,29.86746366,121.5386592,4.12,113.34
2019-08-29T06:36:27Z,29.86746016,121.5386701,3.959,109.12
2019-08-29T06:36:28Z,29.86745645,121.5386808,3.879,114.81
2019-08-29T06:36:29Z,29.86745235,121.538691,3.691,117.63
2019-08-29T06:36:30Z,29.86744848,121.5387009,3.698,113.67
2019-08-29T06:36:31Z,29.86744461,121.5387103,3.448,117.9
2019-08-29T06:36:32Z,29.86744045,121.5387197,3.694,118.85
2019-08-29T06:36:33Z,29.86743646,121.5387292,3.5,114.25
2019-08-29T06:36:34Z,29.8674322,121.5387384,3.589,120.32
2019-08-29T06:36:35Z,29.86742826,121.5387492,4.248,109.43
2019-08-29T06:36:36Z,29.86742393,121.5387604,4.263,115.72
2019-08-29T06:36:37Z,29.86741951,121.538772,4.522,114.09
2019-08-29T06:36:38Z,29.86741443,121.5387828,4.029,123.21
2019-08-29T06:36:39Z,29.8674089,121.5387934,4.27,121.9
2019-08-29T06:36:40Z,29.8674038,121.5388042,4.396,116.72
2019-08-29T06:36:41Z,29.86739845,121.5388157,4.602,119.88
2019-08-29T06:36:42Z,29.86739285,121.5388273,4.631,120.08
2019-08-29T06:36:43Z,29.86738706,121.5388388,4.526,122.3
2019-08-29T06:36:44Z,29.86738076,121.5388487,4.091,131.89
2019-08-29T06:36:45Z,29.8673747,121.538858,3.822,125.56
2019-08-29T06:36:46Z,29.8673689,121.5388669,3.774,127.27
2019-08-29T06:36:47Z,29.8673636,121.5388756,3.537,125.33
2019-08-29T06:36:48Z,29.86735825,121.5388837,3.457,129.04
2019-08-29T06:36:49Z,29.8673529,121.5388915,3.265,130.88
2019-08-29T06:36:50Z,29.86734768,121.5388989,3.222,129.18
2019-08-29T06:36:51Z,29.86734213,121.5389061,3.403,134.63
2019-08-29T06:36:52Z,29.8673363,121.5389128,3.222,137.58
2019-08-29T06:36:53Z,29.86733078,121.538919,2.857,136.39
2019-08-29T06:36:54Z,29.86732563,121.5389249,2.761,135.48
2019-08-29T06:36:55Z,29.86732098,121.5389303,2.477,135.62
2019-08-29T06:36:56Z,29.8673164,121.5389351,2.442,142.18
2019-08-29T06:36:57Z,29.86731198,121.5389395,2.294,139.43
2019-08-29T06:36:58Z,29.86730751,121.5389435,2.176,146.01
2019-08-29T06:36:59Z,29.86730321,121.5389477,2.255,140.22
2019-08-29T06:37:00Z,29.8672984,121.5389527,2.822,138.46
2019-08-29T06:37:01Z,29.86729265,121.5389581,3.146,144.54
2019-08-29T06:37:02Z,29.86728635,121.5389641,3.355,140.83
2019-08-29T06:37:03Z,29.86727928,121.5389691,3.279,155.89
2019-08-29T06:37:04Z,29.86727225,121.5389733,2.978,154.54
2019-08-29T06:37:05Z,29.867266,121.5389781,2.905,140.67
2019-08-29T06:37:06Z,29.86725978,121.5389815,2.761,165.38
2019-08-29T06:37:07Z,29.86725436,121.5389771,4.133,242.48
2019-08-29T06:37:08Z,29.86725518,121.5389697,3.535,312.35
2019-08-29T06:37:09Z,29.86725876,121.5389641,1.809,325.78
2019-08-29T06:37:10Z,29.86726078,121.5389592,1.766,267.58
2019-08-29T06:37:11Z,29.86726318,121.5389554,1.718,319.15
2019-08-29T06:37:12Z,29.86726496,121.5389519,1.355,290.43
2019-08-29T06:37:13Z,29.8672666,121.5389488,1.146,304.14
2019-08-29T06:37:14Z,29.8672679,121.5389462,0.998,297.65
2019-08-29T06:37:15Z,29.86726905,121.5389438,0.977,298.71
2019-08-29T06:37:16Z,29.86727031,121.5389415,0.874,304.04
2019-08-29T06:37:17Z,29.8672715,121.5389396,0.811,299.12
2019-08-29T06:37:18Z,29.86727235,121.5389377,0.761,285.76
2019-08-29T06:37:19Z,29.86727248,121.5389377,0.685,298.51
2019-08-29T06:37:20Z,29.86727258,121.5389377,0.559,296.03
2019-08-29T06:37:21Z,29.86727271,121.5389376,0.62,294.38
2019-08-29T06:37:22Z,29.86727275,121.5389375,0.481,294.04
2019-08-29T06:37:23Z,29.86727285,121.5389373,0.483,295.37
2019-08-29T06:37:24Z,29.86727303,121.5389371,0.522,280.05
2019-08-29T06:37:25Z,29.86727315,121.5389369,0.574,314.72
2019-08-29T06:37:26Z,29.86727321,121.5389368,0.442,291.79
2019-08-29T06:37:27Z,29.86727346,121.5389365,0.425,319.83
2019-08-29T06:37:28Z,29.86727375,121.5389362,0.561,287.87
2019-08-29T06:37:29Z,29.867274,121.5389359,0.537,282.57
2019-08-29T06:37:30Z,29.86727438,121.5389356,0.548,304.72
2019-08-29T06:37:31Z,29.86727485,121.5389353,0.45,273.17
2019-08-29T06:37:32Z,29.86727528,121.5389349,0.424,325.92
2019-08-29T06:37:33Z,29.8672756,121.5389345,0.412,293.69
2019-08-29T06:37:34Z,29.86727591,121.538934,0.385,269.4
2019-08-29T06:37:35Z,29.86727621,121.5389336,0.466,294.55
2019-08-29T06:37:36Z,29.86727655,121.5389332,0.281,256.46
2019-08-29T06:37:37Z,29.8672769,121.5389328,0.214,318.34
2019-08-29T06:37:38Z,29.86727725,121.5389324,0.133,0
2019-08-29T06:37:39Z,29.86727758,121.538932,0.107,0
2019-08-29T06:37:40Z,29.86727793,121.5389315,0.051,0
2019-08-29T06:37:41Z,29.86727821,121.5389311,0,0
2019-08-29T06:37:42Z,29.86727838,121.5389306,0,0
2019-08-29T06:37:43Z,29.86727853,121.53893,0,0
2019-08-29T06:37:44Z,29.8672788,121.5389295,0,0
2019-08-29T06:37:45Z,29.86727928,121.5389291,0,0
2019-08-29T06:37:46Z,29.86727978,121.5389287,0,0
2019-08-29T06:37:47Z,29.86728025,121.5389282,0,0
2019-08-29T06:37:48Z,29.86728063,121.5389278,0,0
2019-08-29T06:37:49Z,29.8672809,121.5389274,0,0
2019-08-29T06:37:50Z,29.86728116,121.5389272,0,0
2019-08-29T06:37:51Z,29.86728136,121.538927,0,0
2019-08-29T06:37:52Z,29.86728151,121.5389268,1.318,66.79
2019-08-29T06:37:53Z,29.86728158,121.5389265,0.559,339.56
2019-08-29T06:37:54Z,29.8672836,121.5389274,1.166,30.8
2019-08-29T06:37:55Z,29.86728641,121.538927,1.298,339.94
2019-08-29T06:37:56Z,29.86728938,121.5389258,1.124,335.16
2019-08-29T06:37:57Z,29.86729196,121.5389243,0.935,329.43
2019-08-29T06:37:58Z,29.86729416,121.5389224,0.968,309.17
2019-08-29T06:37:59Z,29.86729623,121.5389207,0.863,329.26
2019-08-29T06:38:00Z,29.86729756,121.5389187,0.803,281.98
2019-08-29T06:38:01Z,29.86729803,121.5389186,0.555,299.27
2019-08-29T06:38:02Z,29.86729836,121.5389185,0.548,280.68
2019-08-29T06:38:03Z,29.86729865,121.5389183,0.501,279.99
2019-08-29T06:38:04Z,29.86729888,121.538918,0.396,290.55
2019-08-29T06:38:05Z,29.86729901,121.5389178,0.422,267.82
2019-08-29T06:38:06Z,29.86729916,121.5389176,0.388,277.56
2019-08-29T06:38:07Z,29.86729936,121.5389174,0.516,247.3
2019-08-29T06:38:08Z,29.86729945,121.5389171,0.831,248.49
2019-08-29T06:38:09Z,29.86729953,121.5389168,0.627,277.35
2019-08-29T06:38:10Z,29.867299,121.5389144,0.922,237.55
2019-08-29T06:38:11Z,29.86729936,121.5389117,0.979,297.08
2019-08-29T06:38:12Z,29.86729973,121.5389093,0.618,273.64
2019-08-29T06:38:13Z,29.86729971,121.5389089,0.62,284.82
2019-08-29T06:38:14Z,29.86729971,121.5389086,0.525,269.12
2019-08-29T06:38:15Z,29.86729976,121.5389083,0.644,328.47
2019-08-29T06:38:16Z,29.86729693,121.5389147,5.105,117.5
2019-08-29T06:38:17Z,29.8672964,121.5389204,1.305,41.9
2019-08-29T06:38:18Z,29.86729513,121.5389252,1.94,122.65
2019-08-29T06:38:19Z,29.86729365,121.5389301,2.033,105.77
2019-08-29T06:38:20Z,29.86729356,121.538935,1.837,78.49
2019-08-29T06:38:21Z,29.86729161,121.5389367,1.659,186.14
2019-08-29T06:38:22Z,29.86729028,121.5389386,1.12,94.73
2019-08-29T06:38:23Z,29.86729058,121.5389384,0.651,95.16
2019-08-29T06:38:24Z,29.86729091,121.5389383,0.529,35.09
2019-08-29T06:38:25Z,29.86729116,121.5389382,0.87,38.16
2019-08-29T06:38:26Z,29.86729416,121.5389379,1.585,342.19
2019-08-29T06:38:27Z,29.86729688,121.5389365,1.007,330.17
2019-08-29T06:38:28Z,29.86729906,121.5389347,0.92,328.02
2019-08-29T06:38:29Z,29.86730146,121.5389323,1.285,312.3
2019-08-29T06:38:30Z,29.86730316,121.5389295,1.085,285.89
2019-08-29T06:38:31Z,29.86730446,121.5389271,0.713,297.25
2019-08-29T06:38:32Z,29.8673047,121.538927,0.535,275.95
2019-08-29T06:38:33Z,29.86730498,121.5389266,0.67,308.1
2019-08-29T06:38:34Z,29.86730513,121.5389264,0.505,301.01
2019-08-29T06:38:35Z,29.86730521,121.5389262,0.524,312.22
2019-08-29T06:38:36Z,29.8673054,121.5389257,0.383,315.14
2019-08-29T06:38:37Z,29.86730576,121.5389251,0.172,0
2019-08-29T06:38:38Z,29.86730615,121.5389246,0.172,0
2019-08-29T06:38:39Z,29.86730635,121.538924,0.094,0
2019-08-29T06:38:40Z,29.86730648,121.5389236,0.355,45.08
2019-08-29T06:38:41Z,29.86730673,121.5389231,0.229,0
2019-08-29T06:38:42Z,29.86730703,121.5389227,0.068,0
2019-08-29T06:38:43Z,29.86730728,121.5389223,0,0
2019-08-29T06:38:44Z,29.86730763,121.538922,1.222,34.73
2019-08-29T06:38:45Z,29.86730798,121.5389218,0.75,357.96
2019-08-29T06:38:46Z,29.86731023,121.5389205,1.109,313.1
2019-08-29T06:38:47Z,29.86731235,121.5389173,1.49,295.88
2019-08-29T06:38:48Z,29.8673138,121.5389132,1.377,281.16
2019-08-29T06:38:49Z,29.86731528,121.538909,1.47,295.23
2019-08-29T06:38:50Z,29.86731663,121.5389045,1.524,283.59
2019-08-29T06:38:51Z,29.86731768,121.5388998,1.635,281.88
2019-08-29T06:38:52Z,29.86731878,121.5388952,1.52,286.57
2019-08-29T06:38:53Z,29.86731946,121.5388907,1.426,271.46
2019-08-29T06:38:54Z,29.86731976,121.5388869,1.19,271.13
2019-08-29T06:38:55Z,29.86732018,121.5388833,1.211,280.62
2019-08-29T06:38:56Z,29.8673206,121.5388799,1.12,275.51
2019-08-29T06:38:57Z,29.86732093,121.538877,0.887,278.33
2019-08-29T06:38:58Z,29.86732131,121.5388743,0.879,276.33
2019-08-29T06:38:59Z,29.86732136,121.5388719,0.796,260.78
2019-08-29T06:39:00Z,29.86732093,121.5388691,1.124,254.13
2019-08-29T06:39:01Z,29.86732085,121.5388653,1.507,277.75
2019-08-29T06:39:02Z,29.86732153,121.5388614,1.392,288.76
2019-08-29T06:39:03Z,29.86732228,121.5388575,1.274,279.35
2019-08-29T06:39:04Z,29.86732315,121.5388541,1.157,288.27
2019-08-29T06:39:05Z,29.86732351,121.5388507,1.144,266.88
2019-08-29T06:39:06Z,29.86732433,121.5388476,1.105,299.02
2019-08-29T06:39:07Z,29.86732518,121.5388448,1.001,285.14
2019-08-29T06:39:08Z,29.86732598,121.5388422,0.831,289.65
2019-08-29T06:39:09Z,29.86732668,121.5388399,0.766,284.53
2019-08-29T06:39:10Z,29.86732756,121.5388378,0.766,297.61
2019-08-29T06:39:11Z,29.86732775,121.5388377,0.655,291.21
2019-08-29T06:39:12Z,29.86732793,121.5388375,0.635,300.03
2019-08-29T06:39:13Z,29.86732803,121.5388373,0.564,283.2
2019-08-29T06:39:14Z,29.86732836,121.5388371,0.581,290.87
2019-08-29T06:39:15Z,29.8673287,121.5388369,0.398,308.2
2019-08-29T06:39:16Z,29.86732901,121.5388366,0.361,274.32
2019-08-29T06:39:17Z,29.86732931,121.5388363,0.301,302.81
2019-08-29T06:39:18Z,29.8673296,121.5388359,0.201,302.03
2019-08-29T06:39:19Z,29.86732988,121.5388355,0.255,0
2019-08-29T06:39:20Z,29.86733018,121.5388352,0.188,0
2019-08-29T06:39:21Z,29.86733046,121.5388349,0.075,0
2019-08-29T06:39:22Z,29.86733073,121.5388346,0,0
2019-08-29T06:39:23Z,29.867331,121.5388342,0,0
2019-08-29T06:39:24Z,29.86733118,121.5388339,0,0
2019-08-29T06:39:25Z,29.8673314,121.5388336,0,0
2019-08-29T06:39:26Z,29.8673316,121.5388334,0,0
2019-08-29T06:39:27Z,29.8673319,121.5388332,1.233,355.88
2019-08-29T06:39:28Z,29.86733226,121.538833,0.624,306.19
2019-08-29T06:39:29Z,29.8673342,121.5388313,0.794,317.08
2019-08-29T06:39:30Z,29.86733536,121.5388292,0.825,280.38
2019-08-29T06:39:31Z,29.86733573,121.5388291,0.535,287.4
2019-08-29T06:39:32Z,29.86733616,121.5388288,0.42,311.64
2019-08-29T06:39:33Z,29.86733658,121.5388286,0.274,280.53
2019-08-29T06:39:34Z,29.86733698,121.5388284,0.211,316.76
2019-08-29T06:39:35Z,29.86733735,121.5388281,0.194,249.75
2019-08-29T06:39:36Z,29.86733778,121.5388279,0.127,0
2019-08-29T06:39:37Z,29.86733826,121.5388276,0.057,0
2019-08-29T06:39:38Z,29.86733865,121.5388273,0,0
2019-08-29T06:39:39Z,29.86733881,121.5388272,0,0
2019-08-29T06:39:40Z,29.86733885,121.5388271,0,0
2019-08-29T06:39:41Z,29.86733906,121.538827,0,0
2019-08-29T06:39:42Z,29.86733935,121.538827,1.187,353.58
2019-08-29T06:39:43Z,29.86733961,121.538827,0.77,305.66
2019-08-29T06:39:44Z,29.8673415,121.5388251,1,305.13
2019-08-29T06:39:45Z,29.86734306,121.5388225,1.009,286.8
2019-08-29T06:39:46Z,29.8673431,121.5388194,1.246,238.89
2019-08-29T06:39:47Z,29.86734245,121.5388169,0.766,244
2019-08-29T06:39:48Z,29.86734195,121.5388147,0.803,257.79
2019-08-29T06:39:49Z,29.86734221,121.5388146,0.779,295.79
2019-08-29T06:39:50Z,29.86734286,121.5388122,0.916,277.42
2019-08-29T06:39:51Z,29.8673432,121.5388095,0.955,267.07
2019-08-29T06:39:52Z,29.86734226,121.5388067,1.229,228.75
2019-08-29T06:39:53Z,29.86734193,121.5388037,1.166,283.22
2019-08-29T06:39:54Z,29.86734178,121.5388004,1.105,266.34
2019-08-29T06:39:55Z,29.8673419,121.5387972,1.088,272.61
2019-08-29T06:39:56Z,29.86734226,121.538794,1.003,280.88
2019-08-29T06:39:57Z,29.8673425,121.5387911,0.976,270.77
2019-08-29T06:39:58Z,29.86734283,121.5387883,0.909,280.26
2019-08-29T06:39:59Z,29.86734325,121.5387856,0.885,278.03
2019-08-29T06:40:00Z,29.86734381,121.538783,0.868,285.81
2019-08-29T06:40:01Z,29.86734428,121.5387803,0.855,275.76
2019-08-29T06:40:02Z,29.86734348,121.5387779,1.094,225.83
2019-08-29T06:40:03Z,29.86734255,121.5387757,0.67,249.23
2019-08-29T06:40:04Z,29.86734213,121.5387736,0.75,269.92
2019-08-29T06:40:05Z,29.86734223,121.5387735,0.692,257.05
2019-08-29T06:40:06Z,29.8673424,121.5387734,0.661,276.26
2019-08-29T06:40:07Z,29.86734265,121.5387733,0.62,280.78
2019-08-29T06:40:08Z,29.86734285,121.538773,0.663,287.54
2019-08-29T06:40:09Z,29.86734306,121.5387727,0.713,290.64
2019-08-29T06:40:10Z,29.86734391,121.5387703,0.792,289.64
2019-08-29T06:40:11Z,29.8673447,121.5387679,0.772,284.1
2019-08-29T06:40:12Z,29.86734536,121.5387654,0.861,284.57
2019-08-29T06:40:13Z,29.86734615,121.5387627,0.877,292.8
2019-08-29T06:40:14Z,29.86734695,121.5387599,0.992,284.01
2019-08-29T06:40:15Z,29.86734766,121.5387567,1.09,279.39
2019-08-29T06:40:16Z,29.86734841,121.5387532,1.151,283.23
2019-08-29T06:40:17Z,29.86734915,121.5387497,1.101,282.63
2019-08-29T06:40:18Z,29.86734991,121.5387463,1.088,284.11
2019-08-29T06:40:19Z,29.86735066,121.5387429,1.088,282.41
2019-08-29T06:40:20Z,29.86735136,121.5387397,1.038,282.43
2019-08-29T06:40:21Z,29.86735201,121.5387365,1.016,280.13
2019-08-29T06:40:22Z,29.8673526,121.5387335,0.959,278.87
2019-08-29T06:40:23Z,29.86735308,121.5387305,0.981,275.3
2019-08-29T06:40:24Z,29.86735348,121.5387274,1.053,276.15
2019-08-29T06:40:25Z,29.86735403,121.5387243,1.046,284.85
2019-08-29T06:40:26Z,29.86735455,121.5387211,1.014,275.91
2019-08-29T06:40:27Z,29.86735498,121.5387179,1.04,275.05
2019-08-29T06:40:28Z,29.8673555,121.5387146,1.07,280.14
2019-08-29T06:40:29Z,29.86735611,121.5387113,1.101,281.45
2019-08-29T06:40:30Z,29.86735676,121.5387079,1.061,279.82
2019-08-29T06:40:31Z,29.86735746,121.5387047,0.996,282.31
2019-08-29T06:40:32Z,29.86735718,121.5387015,1.146,241.68
2019-08-29T06:40:33Z,29.8673565,121.5386987,0.918,248.17
2019-08-29T06:40:34Z,29.86735556,121.5386962,0.792,244.33
2019-08-29T06:40:35Z,29.86735418,121.5386938,1.046,228.47
2019-08-29T06:40:36Z,29.86735246,121.538692,0.903,213.25
2019-08-29T06:40:37Z,29.86735071,121.5386899,1.118,232.5
2019-08-29T06:40:38Z,29.86734886,121.5386872,1.292,232.37
2019-08-29T06:40:39Z,29.86734646,121.5386846,1.411,215.24
2019-08-29T06:40:40Z,29.8673442,121.538683,1.111,198.42
2019-08-29T06:40:41Z,29.86734286,121.5386796,1.814,261.95
2019-08-29T06:40:42Z,29.86734246,121.5386761,0.851,275.42
2019-08-29T06:40:43Z,29.86734331,121.5386718,2.489,289.44
2019-08-29T06:40:44Z,29.86734376,121.5386675,1.844,264.69
2019-08-29T06:40:45Z,29.86734475,121.5386627,1.742,290.25
2019-08-29T06:40:46Z,29.86734603,121.5386571,2.111,283.63
2019-08-29T06:40:47Z,29.86734751,121.5386515,1.726,288.27
2019-08-29T06:40:48Z,29.86734888,121.5386461,1.759,283.78
2019-08-29T06:40:49Z,29.86735043,121.538641,1.627,288.4
2019-08-29T06:40:50Z,29.86735208,121.538636,1.683,288.01
2019-08-29T06:40:51Z,29.86735408,121.5386305,1.998,290.84
2019-08-29T06:40:52Z,29.86735583,121.5386248,1.857,286.57
2019-08-29T06:40:53Z,29.8673575,121.5386184,2.202,282.09
2019-08-29T06:40:54Z,29.86735948,121.5386115,2.416,287.48
2019-08-29T06:40:55Z,29.86736191,121.5386039,2.653,289.61
2019-08-29T06:40:56Z,29.86736425,121.5385957,2.853,284.57
2019-08-29T06:40:57Z,29.86736696,121.5385869,3.085,288.24
2019-08-29T06:40:58Z,29.86737016,121.5385779,3.081,290.68
2019-08-29T06:40:59Z,29.86737275,121.5385689,2.915,280.72
2019-08-29T06:41:00Z,29.86737538,121.5385604,2.837,287.95
2019-08-29T06:41:01Z,29.86737781,121.538552,2.872,286.05
2019-08-29T06:41:02Z,29.8673803,121.5385437,2.913,284.9
2019-08-29T06:41:03Z,29.8673827,121.5385354,2.896,288.1
2019-08-29T06:41:04Z,29.86738478,121.5385269,2.896,282.06
2019-08-29T06:41:05Z,29.86738675,121.5385183,3.046,283.81
2019-08-29T06:41:06Z,29.86738885,121.5385098,2.944,285.9
2019-08-29T06:41:07Z,29.86739103,121.5385013,2.981,285.58
2019-08-29T06:41:08Z,29.86739313,121.538493,2.885,283.1
2019-08-29T06:41:09Z,29.86739495,121.5384847,2.781,283.79
2019-08-29T06:41:10Z,29.86739666,121.5384766,2.781,281.95
2019-08-29T06:41:11Z,29.86739833,121.5384686,2.729,282.82
2019-08-29T06:41:12Z,29.86739983,121.5384608,2.676,282.9
2019-08-29T06:41:13Z,29.8674015,121.5384534,2.507,286.59
2019-08-29T06:41:14Z,29.86740311,121.5384459,2.785,281.9
2019-08-29T06:41:15Z,29.86740476,121.5384381,2.772,282.49
2019-08-29T06:41:16Z,29.86740408,121.5384298,3.12,250.5
2019-08-29T06:41:17Z,29.86739696,121.5384252,4.678,184.85
2019-08-29T06:41:18Z,29.86739021,121.5384271,2.702,125.37
2019-08-29T06:41:19Z,29.86738735,121.5384337,2.92,88.64
2019-08-29T06:41:20Z,29.8673862,121.5384402,1.742,101.75
2019-08-29T06:41:21Z,29.86738486,121.5384461,2.103,112.6
2019-08-29T06:41:22Z,29.86738348,121.5384519,2.179,104.44
2019-08-29T06:41:23Z,29.86738251,121.5384583,2.402,95.78
2019-08-29T06:41:24Z,29.86738161,121.5384651,2.311,97.12
2019-08-29T06:41:25Z,29.86738046,121.5384717,2.257,103.4
2019-08-29T06:41:26Z,29.86737978,121.5384783,2.185,91.81
2019-08-29T06:41:27Z,29.86737906,121.5384846,2.013,100.61
2019-08-29T06:41:28Z,29.86737846,121.5384906,1.95,95.4
2019-08-29T06:41:29Z,29.86737798,121.5384964,1.833,96.33
2019-08-29T06:41:30Z,29.86737778,121.5385016,1.651,90.9
2019-08-29T06:41:31Z,29.86737738,121.5385064,1.57,99.35
2019-08-29T06:41:32Z,29.86737706,121.5385109,1.426,94.51
2019-08-29T06:41:33Z,29.86737688,121.538515,1.35,95.55
2019-08-29T06:41:34Z,29.86737661,121.5385189,1.25,98
2019-08-29T06:41:35Z,29.86737611,121.5385225,1.157,98.78
2019-08-29T06:41:36Z,29.86737575,121.5385258,1.124,98.08
2019-08-29T06:41:37Z,29.86737536,121.538529,1.061,96.94
2019-08-29T06:41:38Z,29.86737503,121.538532,0.979,95.46
2019-08-29T06:41:39Z,29.86737471,121.538535,0.985,97.11
2019-08-29T06:41:40Z,29.86737438,121.5385376,0.868,101.14
2019-08-29T06:41:41Z,29.86737411,121.5385402,0.916,96.56
2019-08-29T06:41:42Z,29.8673738,121.5385428,0.859,102.92
2019-08-29T06:41:43Z,29.86737348,121.5385453,0.859,98.01
2019-08-29T06:41:44Z,29.86737318,121.5385477,0.8,103.36
2019-08-29T06:41:45Z,29.86737281,121.5385501,0.829,106.38
2019-08-29T06:41:46Z,29.86737208,121.5385525,0.942,119.03
2019-08-29T06:41:47Z,29.86737131,121.5385552,1.016,106.06
2019-08-29T06:41:48Z,29.86737018,121.5385582,1.22,116.67
2019-08-29T06:41:49Z,29.86736948,121.5385619,1.427,93.57
2019-08-29T06:41:50Z,29.8673688,121.5385657,1.318,105.16
2019-08-29T06:41:51Z,29.86736751,121.5385697,1.596,116.53
2019-08-29T06:41:52Z,29.86736638,121.5385746,1.976,99.49
2019-08-29T06:41:53Z,29.86736608,121.5385797,1.692,83.99
2019-08-29T06:41:54Z,29.86736595,121.5385844,1.459,95.96
2019-08-29T06:41:55Z,29.8673659,121.5385887,1.392,91.31
2019-08-29T06:41:56Z,29.86736573,121.5385924,1.216,97.37
2019-08-29T06:41:57Z,29.86736535,121.5385958,1.105,104.36
2019-08-29T06:41:58Z,29.86736493,121.5385989,1.064,96.33
2019-08-29T06:41:59Z,29.86736498,121.5386021,1.144,81.24
2019-08-29T06:42:00Z,29.86736493,121.5386051,0.957,99.69
2019-08-29T06:42:01Z,29.86736501,121.5386078,0.872,85.1
2019-08-29T06:42:02Z,29.86736501,121.5386105,0.99,96.18
2019-08-29T06:42:03Z,29.86736501,121.538613,0.805,95.45
2019-08-29T06:42:04Z,29.86736446,121.5386154,0.996,120.37
2019-08-29T06:42:05Z,29.86736453,121.5386178,0.855,76.31
2019-08-29T06:42:06Z,29.86736451,121.5386202,0.761,101.84
2019-08-29T06:42:07Z,29.86736461,121.5386203,0.681,100.42
2019-08-29T06:42:08Z,29.86736343,121.5386225,1.085,137.95
2019-08-29T06:42:09Z,29.86736271,121.5386252,1.12,89.56
2019-08-29T06:42:10Z,29.86736241,121.5386285,1.17,95.63
2019-08-29T06:42:11Z,29.86736205,121.5386318,1.038,105.44
2019-08-29T06:42:12Z,29.86736178,121.538635,0.983,94.84
2019-08-29T06:42:13Z,29.86736115,121.5386379,1.007,113.64
2019-08-29T06:42:14Z,29.86736056,121.5386411,1.168,96.46
2019-08-29T06:42:15Z,29.86736035,121.5386452,1.627,90.94
2019-08-29T06:42:16Z,29.86736026,121.5386505,2.102,91.26
2019-08-29T06:42:17Z,29.86735915,121.5386567,2.363,110.75
2019-08-29T06:42:18Z,29.86735841,121.5386636,2.531,91.5
2019-08-29T06:42:19Z,29.867357,121.5386709,2.692,108.59
2019-08-29T06:42:20Z,29.86735571,121.5386793,3.231,97.32
2019-08-29T06:42:21Z,29.8673545,121.5386892,3.789,97.12
2019-08-29T06:42:22Z,29.86735293,121.5386996,3.631,102.46
2019-08-29T06:42:23Z,29.86735106,121.5387103,3.904,102.12
2019-08-29T06:42:24Z,29.8673492,121.5387217,4.163,99.44
2019-08-29T06:42:25Z,29.867347,121.5387332,4.104,104.66
2019-08-29T06:42:26Z,29.86734486,121.5387455,4.526,100.12
2019-08-29T06:42:27Z,29.86734265,121.5387581,4.561,101.57
2019-08-29T06:42:28Z,29.86734016,121.5387704,4.255,104.7
2019-08-29T06:42:29Z,29.8673376,121.5387827,4.407,103.57
2019-08-29T06:42:30Z,29.86733483,121.5387946,4.257,106.19
2019-08-29T06:42:31Z,29.86733181,121.5388062,4.154,107.35
2019-08-29T06:42:32Z,29.8673285,121.5388175,4.146,110.34
2019-08-29T06:42:33Z,29.86732528,121.5388287,4.05,108.06
2019-08-29T06:42:34Z,29.86732193,121.5388393,3.883,110.96
2019-08-29T06:42:35Z,29.86731848,121.5388494,3.67,112.61
2019-08-29T06:42:36Z,29.86731481,121.5388588,3.489,115.93
2019-08-29T06:42:37Z,29.86731155,121.5388677,3.316,111.17
2019-08-29T06:42:38Z,29.86730821,121.5388762,3.163,115.68
2019-08-29T06:42:39Z,29.86730471,121.5388843,3.165,116.97
2019-08-29T06:42:40Z,29.86730148,121.5388925,3.068,113.04
2019-08-29T06:42:41Z,29.86729831,121.5389002,2.84,118.24
2019-08-29T06:42:42Z,29.86729488,121.5389072,2.69,122.82
2019-08-29T06:42:43Z,29.86729158,121.538914,2.639,118.24
2019-08-29T06:42:44Z,29.8672884,121.5389207,2.598,119.89
2019-08-29T06:42:45Z,29.86728505,121.538927,2.524,124.71
2019-08-29T06:42:46Z,29.86728165,121.5389333,2.635,121.75
2019-08-29T06:42:47Z,29.86727818,121.5389409,3.303,116.44
2019-08-29T06:42:48Z,29.86727446,121.5389498,3.657,116.76
2019-08-29T06:42:49Z,29.86726945,121.5389578,3.429,136.44
2019-08-29T06:42:50Z,29.86726406,121.538965,3.161,133.35
2019-08-29T06:42:51Z,29.86725856,121.5389722,3.431,130.36
2019-08-29T06:42:52Z,29.86725213,121.5389785,3.429,147.19
2019-08-29T06:42:53Z,29.86724458,121.5389819,3.326,172.24
2019-08-29T06:42:54Z,29.86723928,121.5389755,4.855,255.61
2019-08-29T06:42:55Z,29.86723991,121.538967,3.487,308.91
2019-08-29T06:42:56Z,29.86724263,121.5389617,2.003,325.95
2019-08-29T06:42:57Z,29.86724466,121.5389576,1.668,280.45
2019-08-29T06:42:58Z,29.8672464,121.538954,1.418,300.23
2019-08-29T06:42:59Z,29.86724755,121.5389502,1.457,281.99
2019-08-29T06:43:00Z,29.86724898,121.5389464,1.531,300.85
2019-08-29T06:43:20Z,29.86726671,121.5389216,0.548,270.37
2019-08-29T06:43:21Z,29.86726855,121.5389192,0.713,246.2
2019-08-29T06:43:22Z,29.86726665,121.5389151,0.87,263.3
2019-08-29T06:43:23Z,29.86726693,121.538912,0.955,273.03
2019-08-29T06:43:24Z,29.8672644,121.5389091,1.059,275.15
2019-08-29T06:43:25Z,29.8672686,121.5389026,1.129,278.99
2019-08-29T06:43:26Z,29.86726868,121.5389005,1.235,284.02
2019-08-29T06:43:27Z,29.86726856,121.5388983,1.35,286.34
2019-08-29T06:43:28Z,29.86726908,121.5388951,1.301,289.58
2019-08-29T06:43:29Z,29.8672699,121.5388919,1.274,293.59
2019-08-29T06:43:30Z,29.86727055,121.5388887,1.226,290.32
2019-08-29T06:43:31Z,29.86727106,121.5388853,1.305,284.84
2019-08-29T06:43:32Z,29.86727206,121.5388815,1.6,299.06
2019-08-29T06:43:33Z,29.86727346,121.5388778,1.368,300.97
2019-08-29T06:43:34Z,29.86727465,121.538874,1.396,281.79
2019-08-29T06:43:35Z,29.86727618,121.5388697,1.659,293.15
2019-08-29T06:43:36Z,29.867278,121.5388653,1.62,296.56
2019-08-29T06:43:37Z,29.86727955,121.5388604,1.733,282.82
2019-08-29T06:43:38Z,29.86728141,121.5388549,2.161,293.51
2019-08-29T06:43:39Z,29.86728336,121.5388491,2.159,291.11
2019-08-29T06:43:40Z,29.86728526,121.5388425,2.529,289
2019-08-29T06:43:41Z,29.86728766,121.5388358,2.476,300.93
2019-08-29T06:43:42Z,29.86728946,121.5388285,2.576,282
2019-08-29T06:43:43Z,29.86729188,121.5388205,3.026,295.77
2019-08-29T06:43:44Z,29.86729468,121.5388114,3.433,292.31
2019-08-29T06:43:45Z,29.86729808,121.5388017,3.698,296.28
2019-08-29T06:43:46Z,29.86730288,121.5387895,3.818,287.34
2019-08-29T06:43:47Z,29.86730763,121.5387769,3.937,295.56
2019-08-29T06:43:48Z,29.86731035,121.5387652,3.663,287.29
2019-08-29T06:43:49Z,29.86731391,121.5387555,3.365,296.72
2019-08-29T06:43:50Z,29.86731555,121.538747,3.04,288.02
2019-08-29T06:43:51Z,29.86731748,121.5387393,2.878,294.01
2019-08-29T06:43:52Z,29.86732021,121.538732,2.672,291.22
2019-08-29T06:43:53Z,29.86732256,121.5387248,2.539,288.35
2019-08-29T06:43:54Z,29.86732385,121.538718,2.457,288.34
2019-08-29T06:43:55Z,29.8673249,121.5387118,2.383,286.23
2019-08-29T06:43:56Z,29.86732695,121.5387052,2.415,289.21
2019-08-29T06:43:57Z,29.86732915,121.5386985,2.339,286.8
2019-08-29T06:43:58Z,29.86733136,121.5386924,2.259,291.91
2019-08-29T06:43:59Z,29.8673335,121.5386866,1.992,286.07
2019-08-29T06:44:00Z,29.86733488,121.5386812,1.942,285.27
2019-08-29T06:44:01Z,29.86733598,121.5386765,1.801,289.35
2019-08-29T06:44:02Z,29.86733701,121.5386721,1.657,285.61
2019-08-29T06:44:03Z,29.8673382,121.5386678,1.572,285.57
2019-08-29T06:44:04Z,29.867339,121.5386638,1.468,286.32
2019-08-29T06:44:05Z,29.86733986,121.5386601,1.39,288.75
2019-08-29T06:44:06Z,29.86734088,121.5386564,1.466,285.74
2019-08-29T06:44:07Z,29.8673421,121.5386528,1.34,285.63
2019-08-29T06:44:08Z,29.86734295,121.5386496,1.238,285.46
2019-08-29T06:44:09Z,29.86734403,121.5386461,1.292,288.35
2019-08-29T06:44:10Z,29.86734525,121.5386426,1.305,282.33
2019-08-29T06:44:11Z,29.8673463,121.5386392,1.255,282.47
2019-08-29T06:44:12Z,29.8673475,121.5386355,1.4,282.93
2019-08-29T06:44:13Z,29.86734881,121.5386314,1.442,287.78
2019-08-29T06:44:14Z,29.86735013,121.538627,1.535,287.66
2019-08-29T06:44:15Z,29.86735126,121.5386226,1.485,282.24
2019-08-29T06:44:16Z,29.86735191,121.5386182,1.522,276.53
2019-08-29T06:44:17Z,29.86735298,121.5386142,1.601,293.41
2019-08-29T06:44:18Z,29.8673537,121.5386102,1.331,279.03
2019-08-29T06:44:19Z,29.86735443,121.5386066,1.188,286.24
2019-08-29T06:44:20Z,29.86735508,121.5386031,1.313,281.37
2019-08-29T06:44:21Z,29.86735603,121.5385993,1.407,291.61
2019-08-29T06:44:22Z,29.86735685,121.5385957,1.324,282.02
2019-08-29T06:44:23Z,29.86735775,121.5385919,1.446,285.05
2019-08-29T06:44:24Z,29.86735821,121.5385878,1.496,271.53
2019-08-29T06:44:25Z,29.86735921,121.5385834,1.674,290.89
2019-08-29T06:44:26Z,29.86736056,121.5385792,1.355,287.81
2019-08-29T06:44:27Z,29.8673618,121.5385753,1.27,283.83
2019-08-29T06:44:28Z,29.86736298,121.5385717,1.244,286.14
2019-08-29T06:44:29Z,29.86736416,121.5385683,1.133,288.98
2019-08-29T06:44:30Z,29.8673653,121.5385655,0.976,291.33
2019-08-29T06:44:31Z,29.867366,121.5385629,0.896,278.43
2019-08-29T06:44:32Z,29.86736665,121.5385605,0.935,289.91
2019-08-29T06:44:33Z,29.86736695,121.5385584,0.824,276.61
2019-08-29T06:44:34Z,29.8673676,121.5385563,0.914,294.32
2019-08-29T06:44:35Z,29.86736806,121.5385543,0.759,284.55
2019-08-29T06:44:36Z,29.86736836,121.5385525,0.794,273.04
2019-08-29T06:44:37Z,29.86736868,121.5385502,1.051,275.25
2019-08-29T06:44:38Z,29.86736916,121.5385474,1.1,278.53
2019-08-29T06:44:39Z,29.86737008,121.5385441,1.314,288.82
2019-08-29T06:44:40Z,29.86737146,121.5385408,1.274,290.53
2019-08-29T06:44:41Z,29.8673725,121.5385373,1.372,282.81
2019-08-29T06:44:42Z,29.86737375,121.5385338,1.377,283.31
2019-08-29T06:44:43Z,29.86737468,121.5385299,1.548,282.45
2019-08-29T06:44:44Z,29.86737571,121.538526,1.535,286.71
2019-08-29T06:44:45Z,29.86737688,121.538522,1.609,284.54
2019-08-29T06:44:46Z,29.86737786,121.5385178,1.614,284.62
2019-08-29T06:44:47Z,29.86737895,121.5385133,1.672,286.06
2019-08-29T06:44:48Z,29.86738003,121.5385089,1.629,286.28
2019-08-29T06:44:49Z,29.86738133,121.5385044,1.687,286.85
2019-08-29T06:44:50Z,29.86738288,121.5384998,1.731,290.3
2019-08-29T06:44:51Z,29.8673844,121.5384951,1.776,290.93
2019-08-29T06:44:52Z,29.86738591,121.53849,2.05,288.47
2019-08-29T06:44:53Z,29.86738755,121.5384843,2.289,287.14
2019-08-29T06:44:54Z,29.86738943,121.5384786,2.031,291.41
2019-08-29T06:44:55Z,29.86739103,121.538473,2.031,284.49
2019-08-29T06:44:56Z,29.8673927,121.5384676,1.922,291.47
2019-08-29T06:44:57Z,29.86739425,121.5384625,1.857,287.51
2019-08-29T06:44:58Z,29.86739581,121.5384576,1.794,287.74
2019-08-29T06:44:59Z,29.86739725,121.5384529,1.727,287.69
2019-08-29T06:45:00Z,29.867398,121.5384481,1.726,273.55
2019-08-29T06:45:01Z,29.86739841,121.5384434,1.663,278.16
2019-08-29T06:45:02Z,29.8673991,121.5384387,1.74,281.79
2019-08-29T06:45:03Z,29.86739946,121.538434,1.618,270.07
2019-08-29T06:45:04Z,29.86739763,121.5384294,2.1,230.35
2019-08-29T06:45:05Z,29.86739331,121.5384256,2.489,204.45
2019-08-29T06:45:06Z,29.86738778,121.5384256,2.422,155.74
2019-08-29T06:45:07Z,29.86738315,121.5384286,2.009,131.96
2019-08-29T06:45:08Z,29.86738061,121.5384331,1.64,102.17
2019-08-29T06:45:09Z,29.86737913,121.5384384,1.935,104.66
2019-08-29T06:45:10Z,29.86737761,121.5384442,2.27,112.47
2019-08-29T06:45:11Z,29.86737685,121.5384513,2.787,89.6
2019-08-29T06:45:12Z,29.86737581,121.5384598,3.155,100.32
2019-08-29T06:45:13Z,29.86737518,121.538469,3.133,89.77
2019-08-29T06:45:14Z,29.86737413,121.5384776,2.829,104.59
2019-08-29T06:45:15Z,29.86737261,121.5384864,3.203,101.92
2019-08-29T06:45:16Z,29.86737138,121.5384957,3.315,97.67
2019-08-29T06:45:17Z,29.86737026,121.5385057,3.598,98.01
2019-08-29T06:45:18Z,29.86736895,121.5385158,3.461,100.6
2019-08-29T06:45:19Z,29.86736761,121.5385261,3.535,98.95
2019-08-29T06:45:20Z,29.86736646,121.5385365,3.557,96.55
2019-08-29T06:45:21Z,29.8673652,121.5385469,3.615,99.13
2019-08-29T06:45:22Z,29.86736403,121.5385574,3.718,96.48
2019-08-29T06:45:23Z,29.86736286,121.538568,3.566,98.72
2019-08-29T06:45:24Z,29.86736156,121.5385781,3.378,100.59
2019-08-29T06:45:25Z,29.86736046,121.5385879,3.468,96.26
2019-08-29T06:45:26Z,29.86735923,121.5385981,3.696,99.4
2019-08-29T06:45:27Z,29.86735803,121.5386088,3.772,96.84
2019-08-29T06:45:28Z,29.86735655,121.5386192,3.503,102.08
2019-08-29T06:45:29Z,29.86735483,121.5386291,3.381,100.19
2019-08-29T06:45:30Z,29.86735305,121.5386388,3.376,101.53
2019-08-29T06:45:31Z,29.86735143,121.538648,3.161,99.98
2019-08-29T06:45:32Z,29.86734986,121.538657,3.137,101.22
2019-08-29T06:45:33Z,29.86734826,121.5386656,2.913,103.44
2019-08-29T06:45:34Z,29.86734643,121.5386737,2.865,105.22
2019-08-29T06:45:35Z,29.8673449,121.5386818,2.813,99.27
2019-08-29T06:45:36Z,29.86734343,121.5386895,2.657,102.62
2019-08-29T06:45:37Z,29.86734185,121.538697,2.646,105.22
2019-08-29T06:45:38Z,29.86734031,121.5387047,2.846,102.58
2019-08-29T06:45:39Z,29.86733883,121.5387131,3.061,101.62
2019-08-29T06:45:40Z,29.86733705,121.5387218,3.168,105.01
2019-08-29T06:45:41Z,29.86733535,121.5387308,3.179,100.89
2019-08-29T06:45:42Z,29.86733368,121.5387398,3.157,102.56
2019-08-29T06:45:43Z,29.86733178,121.5387486,3.048,106.46
2019-08-29T06:45:44Z,29.86732981,121.5387571,2.959,105.21
2019-08-29T06:45:45Z,29.8673281,121.5387654,2.909,101.95
2019-08-29T06:45:46Z,29.86732645,121.5387734,2.746,104.53
2019-08-29T06:45:47Z,29.86732476,121.5387809,2.583,105.51
2019-08-29T06:45:48Z,29.86732323,121.5387879,2.411,103.36
2019-08-29T06:45:49Z,29.86732165,121.5387945,2.268,107.46
2019-08-29T06:45:50Z,29.86732013,121.5388005,2.066,106.15
2019-08-29T06:45:51Z,29.86731871,121.5388061,1.948,106.4
2019-08-29T06:45:52Z,29.86731738,121.5388113,1.826,108.31
2019-08-29T06:45:53Z,29.86731606,121.5388161,1.655,109.2
2019-08-29T06:45:54Z,29.86731481,121.5388207,1.633,109.14
2019-08-29T06:45:55Z,29.8673136,121.538825,1.485,108.41
2019-08-29T06:45:56Z,29.86731251,121.5388292,1.45,106.2
2019-08-29T06:45:57Z,29.86731138,121.5388328,1.238,113.1
2019-08-29T06:45:58Z,29.86731038,121.5388362,1.25,108.57
2019-08-29T06:45:59Z,29.86730951,121.5388394,1.135,107.87
2019-08-29T06:46:00Z,29.86730875,121.5388423,1.066,108.86
