2019-08-29T06:32:00Z,29.86754576,121.5382687,3.702,338.81
2019-08-29T06:32:01Z,29.86754606,121.5382571,1.977,349.91
2019-08-29T06:32:02Z,29.86753685,121.5382387,0.768,18.9
2019-08-29T06:32:03Z,29.86752501,121.5382395,0.674,84.32
2019-08-29T06:32:04Z,29.86752443,121.5382415,0.777,114.11
2019-08-29T06:32:05Z,29.86751991,121.5382431,1.74,138.25
2019-08-29T06:32:06Z,29.8675188,121.5382458,0.859,60.05
2019-08-29T06:32:07Z,29.86750698,121.538253,1.263,120.21
2019-08-29T06:32:08Z,29.86749396,121.5382624,3.116,86.23
2019-08-29T06:32:09Z,29.8674854,121.5382603,3.353,178.7
2019-08-29T06:32:10Z,29.86747396,121.5382629,2.59,93.18
2019-08-29T06:32:11Z,29.86747341,121.5382708,2.453,87.59
2019-08-29T06:32:12Z,29.86747463,121.5382847,5.637,84.57
2019-08-29T06:32:13Z,29.8674733,121.5382942,2.433,82.33
2019-08-29T06:32:14Z,29.86747308,121.5383022,2.407,65.5
2019-08-29T06:32:15Z,29.86747598,121.5383107,4.037,52.75
2019-08-29T06:32:16Z,29.86747795,121.5383215,2.496,61.96
2019-08-29T06:32:17Z,29.86746863,121.5383686,4.317,64.77
2019-08-29T06:32:18Z,29.86746531,121.5384079,2.046,79.51
2019-08-29T06:32:19Z,29.86746688,121.5384317,3.291,19.49
2019-08-29T06:32:20Z,29.86747803,121.5384325,4.468,13.32
2019-08-29T06:32:21Z,29.86748728,121.5384374,4.367,57.37
2019-08-29T06:32:22Z,29.86749343,121.5384421,2.555,15.33
2019-08-29T06:32:23Z,29.86749108,121.5384619,3.481,85.19
2019-08-29T06:32:24Z,29.86749191,121.5384739,3.029,44.01
2019-08-29T06:32:25Z,29.86748921,121.5384978,3.616,65.14
2019-08-29T06:32:26Z,29.86749046,121.5385218,2.868,80.25
2019-08-29T06:32:27Z,29.8674862,121.53854,3.57,74.45
2019-08-29T06:32:28Z,29.86748966,121.5385512,5.461,70.78
2019-08-29T06:32:29Z,29.86748893,121.5385592,3.3,103.09
2019-08-29T06:32:30Z,29.86748818,121.5385681,4.052,101.51
2019-08-29T06:32:31Z,29.8674889,121.538574,2.446,75.61
2019-08-29T06:32:32Z,29.86749471,121.5385841,7.028,57.31
2019-08-29T06:32:33Z,29.86750395,121.5385943,5.305,42.89
2019-08-29T06:32:34Z,29.86750976,121.5386012,2.302,73.92
2019-08-29T06:32:35Z,29.86748576,121.5386414,5.143,101.23
2019-08-29T06:32:36Z,29.86748251,121.5386563,5.028,106.09
2019-08-29T06:32:37Z,29.86747783,121.5386714,6.239,109.12
2019-08-29T06:32:38Z,29.86747218,121.5386883,6.435,111.95
2019-08-29T06:32:39Z,29.86746388,121.5387068,8.011,119.91
2019-08-29T06:32:40Z,29.8674549,121.5387256,6.826,116.43
2019-08-29T06:32:41Z,29.86745083,121.5387403,5.7,110.54
2019-08-29T06:32:42Z,29.8674537,121.5387495,5.215,102.72
2019-08-29T06:32:43Z,29.86745435,121.538761,6.307,111.76
2019-08-29T06:32:44Z,29.86745518,121.5387744,5.431,102.29
2019-08-29T06:32:45Z,29.86745316,121.5387903,5.331,101.55
2019-08-29T06:32:46Z,29.86745495,121.5388076,5.022,87.32
2019-08-29T06:32:47Z,29.86746383,121.5388217,4.244,39.16
2019-08-29T06:32:48Z,29.8674652,121.5388367,4.248,90.32
2019-08-29T06:32:49Z,29.86746628,121.5388491,4.042,80.23
2019-08-29T06:32:50Z,29.86746685,121.5388631,4.218,88.91
2019-08-29T06:32:51Z,29.86746685,121.5388798,5.289,90.65
2019-08-29T06:32:52Z,29.86746625,121.5388925,3.144,97.22
2019-08-29T06:32:53Z,29.86746655,121.5389008,2.135,65.9
2019-08-29T06:32:54Z,29.86746731,121.5389215,8.756,81.54
2019-08-29T06:32:55Z,29.8674645,121.5389461,7.082,106.41
2019-08-29T06:32:56Z,29.86746518,121.5389674,6.837,72.15
2019-08-29T06:32:57Z,29.86746435,121.5389848,5.024,98.1
2019-08-29T06:32:58Z,29.86746403,121.5389969,3.652,91.77
2019-08-29T06:32:59Z,29.8674642,121.5390074,3.828,86.52
2019-08-29T06:33:00Z,29.86746855,121.539012,5.094,87.47
2019-08-29T06:33:01Z,29.8674734,121.5390143,4.972,106.23
2019-08-29T06:33:02Z,29.86747785,121.5390223,3.65,91.14
2019-08-29T06:33:03Z,29.8674843,121.5390335,3.085,126.23
2019-08-29T06:33:04Z,29.86748635,121.5390391,2.913,103.11
2019-08-29T06:33:05Z,29.86748213,121.5390419,3.135,117.34
2019-08-29T06:33:06Z,29.86747471,121.5390456,2.431,121.04
2019-08-29T06:33:07Z,29.86746825,121.5390478,2.652,129.32
2019-08-29T06:33:08Z,29.86746148,121.5390512,2.635,134.56
2019-08-29T06:33:09Z,29.86745535,121.5390508,2.831,136.67
2019-08-29T06:33:10Z,29.8674506,121.5390565,2.779,130.32
2019-08-29T06:33:11Z,29.86744536,121.53906,2.615,143.06
2019-08-29T06:33:12Z,29.86743988,121.5390613,2.15,160.87
2019-08-29T06:33:13Z,29.86743381,121.5390606,2.313,145.21
2019-08-29T06:33:14Z,29.8674275,121.539059,1.989,159.48
2019-08-29T06:33:15Z,29.86742163,121.5390576,1.857,159.58
2019-08-29T06:33:16Z,29.8674158,121.539056,1.814,162.89
2019-08-29T06:33:17Z,29.86741161,121.5390558,1.716,163.14
2019-08-29T06:33:18Z,29.86740698,121.539056,1.7,162.83
2019-08-29T06:33:19Z,29.8674017,121.5390548,1.742,169.45
2019-08-29T06:33:20Z,29.86739776,121.5390555,1.583,153.51
2019-08-29T06:33:21Z,29.86739231,121.5390586,3.3,146.7
2019-08-29T06:33:22Z,29.86738918,121.5390593,1.457,230.04
2019-08-29T06:33:23Z,29.86738321,121.5390552,4.042,206.39
2019-08-29T06:33:24Z,29.86738021,121.5390531,3.261,39.14
2019-08-29T06:33:25Z,29.8673763,121.539047,4.8,229
2019-08-29T06:33:26Z,29.86737175,121.539038,3.689,240.89
2019-08-29T06:33:27Z,29.86736661,121.5390295,3.391,227.18
2019-08-29T06:33:28Z,29.86736375,121.5390197,4.387,260.93
2019-08-29T06:33:29Z,29.8673616,121.5390094,4.104,257.09
2019-08-29T06:33:30Z,29.86736241,121.5390001,4.004,295.01
2019-08-29T06:33:31Z,29.86736328,121.5389919,4.081,269.9
2019-08-29T06:33:32Z,29.86736648,121.538983,4.331,296.32
2019-08-29T06:33:33Z,29.86737053,121.5389753,2.431,318.24
2019-08-29T06:33:34Z,29.86737253,121.5389668,3.709,264.55
2019-08-29T06:33:35Z,29.86737495,121.5389572,4.096,296.3
2019-08-29T06:33:36Z,29.86737663,121.5389496,1.77,286.26
2019-08-29T06:33:37Z,29.86737675,121.5389438,2.003,255.44
2019-08-29T06:33:38Z,29.86737588,121.5389355,3.829,266.13
2019-08-29T06:33:39Z,29.86737266,121.5389236,4.68,254.22
2019-08-29T06:33:40Z,29.86736935,121.5389088,5.741,255.27
2019-08-29T06:33:41Z,29.86736675,121.5388952,4.45,257.9
2019-08-29T06:33:42Z,29.86736511,121.5388836,4.115,266.32
2019-08-29T06:33:43Z,29.86736278,121.5388733,3.563,246.38
2019-08-29T06:33:44Z,29.86736113,121.5388632,3.837,264.86
2019-08-29T06:33:45Z,29.86735975,121.538852,4.559,263.85
2019-08-29T06:33:46Z,29.86735786,121.5388441,3.065,250.03
2019-08-29T06:33:47Z,29.86735683,121.5388359,4.542,263.92
2019-08-29T06:33:48Z,29.8673555,121.538824,5.739,258.61
2019-08-29T06:33:49Z,29.8673547,121.5388102,5.037,262.59
2019-08-29T06:33:50Z,29.86735516,121.5387965,5.378,267.67
2019-08-29T06:33:51Z,29.86735695,121.538788,5.002,265.75
2019-08-29T06:33:52Z,29.86735765,121.5387782,5.533,266.83
2019-08-29T06:33:53Z,29.86735805,121.538766,4.331,271.91
2019-08-29T06:33:54Z,29.8673578,121.5387522,5.004,267.6
2019-08-29T06:33:55Z,29.86735746,121.5387382,4.95,268.43
2019-08-29T06:33:56Z,29.86734093,121.5387046,4.004,270.74
2019-08-29T06:33:57Z,29.86734123,121.5386933,4.087,271.28
2019-08-29T06:33:58Z,29.86734248,121.5386824,3.909,281.26
2019-08-29T06:33:59Z,29.86734481,121.5386763,1.753,299.01
2019-08-29T06:34:00Z,29.86734688,121.5386725,1.539,303.71
2019-08-29T06:34:01Z,29.8673491,121.5386714,1.218,323.25
2019-08-29T06:34:02Z,29.8673513,121.5386692,1.37,315.11
2019-08-29T06:34:03Z,29.86735363,121.5386662,2.007,302.65
2019-08-29T06:34:04Z,29.86735661,121.5386615,2.335,304.65
2019-08-29T06:34:05Z,29.86736,121.5386574,2.368,306.71
2019-08-29T06:34:06Z,29.86736355,121.5386534,2.309,300.98
2019-08-29T06:34:07Z,29.86736755,121.5386517,2.079,344.87
2019-08-29T06:34:08Z,29.86737405,121.5386507,2.765,356.43
2019-08-29T06:34:09Z,29.86738125,121.5386497,2.846,0.43
2019-08-29T06:34:10Z,29.86738821,121.5386497,2.846,0.43
2019-08-29T06:34:11Z,29.8673952,121.5386498,2.846,0.43
2019-08-29T06:34:12Z,29.86740231,121.5386489,2.429,3.74
2019-08-29T06:34:13Z,29.8674084,121.5386528,3.07,46.7
2019-08-29T06:34:14Z,29.86741378,121.5386621,2.566,48.69
2019-08-29T06:34:15Z,29.86741571,121.5386615,1.777,74.6
2019-08-29T06:34:16Z,29.86741651,121.5386656,1.633,81.75
2019-08-29T06:34:17Z,29.86741638,121.5386691,1.809,87.48
2019-08-29T06:34:18Z,29.86741608,121.5386735,1.846,99.51
2019-08-29T06:34:19Z,29.8674159,121.5386776,1.487,83.72
2019-08-29T06:34:20Z,29.86742068,121.5386798,1.44,97.05
2019-08-29T06:34:21Z,29.86741935,121.5386829,1.496,129.82
2019-08-29T06:34:22Z,29.8674171,121.5386858,1.498,131.02
2019-08-29T06:34:23Z,29.86741448,121.5386884,1.609,128.36
2019-08-29T06:34:24Z,29.86740993,121.5386902,1.937,116.22
2019-08-29T06:34:25Z,29.86740603,121.5386935,2.164,123.93
2019-08-29T06:34:26Z,29.8674008,121.538697,2.729,134.9
2019-08-29T06:34:27Z,29.86739428,121.5387019,4.065,149.88
2019-08-29T06:34:28Z,29.86738386,121.538705,4.95,160.1
2019-08-29T06:34:29Z,29.8673726,121.5387029,6.189,169.04
2019-08-29T06:34:30Z,29.8673583,121.5387056,5.711,168.32
2019-08-29T06:34:31Z,29.86734491,121.5387076,5.335,173.65
2019-08-29T06:34:32Z,29.8673324,121.538708,4.896,175.06
2019-08-29T06:34:33Z,29.86732073,121.5387075,4.68,177.23
2019-08-29T06:34:34Z,29.86730945,121.5387048,4.681,178.65
2019-08-29T06:34:35Z,29.86729893,121.5387007,3.928,171.35
2019-08-29T06:34:36Z,29.86728996,121.5386998,3.744,169.27
2019-08-29T06:34:37Z,29.8672821,121.5387004,3.709,174.22
2019-08-29T06:34:38Z,29.86727571,121.5386971,3.629,175.34
2019-08-29T06:34:39Z,29.86726826,121.5386979,2.552,172.21
2019-08-29T06:34:40Z,29.86725931,121.5386989,7.28,121.62
2019-08-29T06:34:41Z,29.86725463,121.5386975,1.983,180.32
2019-08-29T06:34:42Z,29.86724753,121.5386932,3.111,194.58
2019-08-29T06:34:43Z,29.86723396,121.5386894,6.989,186.05
2019-08-29T06:34:44Z,29.8672261,121.5386735,5.759,229.37
2019-08-29T06:34:45Z,29.86722035,121.5386124,5.161,244.93
2019-08-29T06:34:46Z,29.86721651,121.538613,2.62,219.36
2019-08-29T06:34:47Z,29.86721145,121.538611,2.183,196.74
2019-08-29T06:34:48Z,29.86720628,121.5386056,1.559,282.22
2019-08-29T06:34:49Z,29.8672038,121.5386028,4.172,36.5
2019-08-29T06:34:50Z,29.86720243,121.5385977,4.815,352.14
2019-08-29T06:34:51Z,29.86720135,121.5385963,3.083,145.75
2019-08-29T06:34:52Z,29.86719736,121.5385864,5.865,250.34
2019-08-29T06:34:53Z,29.86719351,121.5385774,2.013,355.36
2019-08-29T06:34:54Z,29.86719388,121.5385718,5.004,335.09
2019-08-29T06:34:55Z,29.86719676,121.538568,2.416,332.32
2019-08-29T06:34:56Z,29.86719855,121.5385622,2.653,302.96
2019-08-29T06:34:57Z,29.86720105,121.53856,2.368,358.06
2019-08-29T06:34:58Z,29.86720281,121.5385615,2.59,67.75
2019-08-29T06:34:59Z,29.86720793,121.5385646,5.391,23.13
2019-08-29T06:35:00Z,29.86721051,121.5385629,3.418,351.73
2019-08-29T06:35:01Z,29.86721556,121.5385561,3.781,327.04
2019-08-29T06:35:02Z,29.86722108,121.538554,2.681,15.74
2019-08-29T06:35:03Z,29.8672267,121.5385487,3.5,349.56
2019-08-29T06:35:04Z,29.86723328,121.5385447,3.222,323.87
2019-08-29T06:35:05Z,29.86722686,121.5384936,2.935,284.47
2019-08-29T06:35:06Z,29.86722945,121.5384846,3.318,285.26
2019-08-29T06:35:07Z,29.86723168,121.5384748,3.326,264.84
2019-08-29T06:35:08Z,29.8672349,121.5384236,4.652,259.18
2019-08-29T06:35:09Z,29.86722255,121.5383731,4.411,260.89
2019-08-29T06:35:10Z,29.86722326,121.5383758,4.887,266.36
2019-08-29T06:35:11Z,29.86722646,121.5383836,5.791,277.14
2019-08-29T06:35:12Z,29.86723596,121.5384073,4.528,292.66
2019-08-29T06:35:13Z,29.86724088,121.5383958,4.098,298.93
2019-08-29T06:35:14Z,29.86724555,121.5383878,2.711,310.66
2019-08-29T06:35:15Z,29.86724985,121.5383826,2.344,317.89
2019-08-29T06:35:16Z,29.86725386,121.5383787,1.952,325.25
2019-08-29T06:35:17Z,29.8672581,121.5383767,1.857,338.34
2019-08-29T06:35:18Z,29.8672624,121.5383749,1.75,350.59
2019-08-29T06:35:19Z,29.86726716,121.538374,1.714,348.41
2019-08-29T06:35:20Z,29.86726716,121.538374,1.609,356.3
2019-08-29T06:35:21Z,29.86727091,121.5383743,1.568,22.51
2019-08-29T06:35:22Z,29.86727411,121.5383761,1.55,28.43
2019-08-29T06:35:23Z,29.86727683,121.5383779,1.327,35.64
2019-08-29T06:35:24Z,29.8672794,121.5383803,1.348,42.99
2019-08-29T06:35:25Z,29.86727943,121.5383803,1.287,39.66
2019-08-29T06:35:26Z,29.86727945,121.5383803,1.307,40.56
2019-08-29T06:35:27Z,29.86727945,121.5383803,1.3,46.12
2019-08-29T06:35:28Z,29.86727935,121.5383833,1.546,130.44
2019-08-29T06:35:29Z,29.86727845,121.5383851,1.589,129.42
2019-08-29T06:35:30Z,29.86727661,121.5383892,1.383,122.38
2019-08-29T06:35:31Z,29.86727451,121.5383924,1.248,104.87
2019-08-29T06:35:32Z,29.86727788,121.5383992,3.441,41.26
2019-08-29T06:35:33Z,29.86728256,121.5384043,3.685,36.06
2019-08-29T06:35:34Z,29.8672876,121.5384064,4.244,5.84
2019-08-29T06:35:35Z,29.8672955,121.5384062,4.498,356.93
2019-08-29T06:35:36Z,29.86728321,121.5384028,1.418,293.64
2019-08-29T06:35:37Z,29.86728456,121.5383985,1.824,285.06
2019-08-29T06:35:38Z,29.86728543,121.5383926,1.716,284.57
2019-08-29T06:35:39Z,29.8672858,121.5383877,1.663,279.24
2019-08-29T06:35:40Z,29.86728583,121.5383839,1.233,260.05
2019-08-29T06:35:41Z,29.86728356,121.5383807,1.074,289.93
2019-08-29T06:35:42Z,29.86728818,121.5383793,1.387,317.55
2019-08-29T06:35:43Z,29.86729061,121.5383804,1.598,72.94
2019-08-29T06:35:44Z,29.86729196,121.5383857,2.457,73.94
2019-08-29T06:35:45Z,29.86729483,121.5383984,3.97,73.86
2019-08-29T06:35:46Z,29.86729085,121.5384052,3.531,122.95
2019-08-29T06:35:47Z,29.86728565,121.5384094,3.846,135.93
2019-08-29T06:35:48Z,29.867279,121.5384158,4.283,147.24
2019-08-29T06:35:49Z,29.8672688,121.5384208,5.365,168.67
2019-08-29T06:35:50Z,29.86726283,121.5384226,1.683,193.27
2019-08-29T06:35:51Z,29.86725836,121.5384195,3.048,224.5
2019-08-29T06:35:52Z,29.86725296,121.5384149,3.368,222.04
2019-08-29T06:35:53Z,29.8672461,121.5384074,4.329,226.5
2019-08-29T06:35:54Z,29.86723635,121.538397,4.561,225.14
2019-08-29T06:35:55Z,29.8672256,121.5383855,4.276,226
2019-08-29T06:35:56Z,29.86721486,121.5383764,3.863,207.11
2019-08-29T06:35:57Z,29.86720248,121.5383668,5.696,215.41
2019-08-29T06:35:58Z,29.86719591,121.5383474,4.328,247.58
2019-08-29T06:35:59Z,29.86717133,121.5383304,5.789,227.69
2019-08-29T06:36:00Z,29.86716053,121.5383194,5.383,241.71
2019-08-29T06:36:01Z,29.86715841,121.5383095,1.907,8.27
2019-08-29T06:36:02Z,29.8671708,121.538315,7.485,23.93
2019-08-29T06:36:03Z,29.86715285,121.5383011,1.55,211.84
2019-08-29T06:36:04Z,29.8671554,121.5383021,0.801,224.19
2019-08-29T06:36:05Z,29.86716545,121.5383008,4.159,320.01
2019-08-29T06:36:06Z,29.86720013,121.5383218,2.883,354.79
2019-08-29T06:36:07Z,29.86721936,121.5383367,4.028,2.87
2019-08-29T06:36:08Z,29.8672304,121.5383494,5.968,40.04
2019-08-29T06:36:09Z,29.86723166,121.5383502,3.937,17.21
2019-08-29T06:36:10Z,29.867235,121.5383577,2.713,1.9
2019-08-29T06:36:11Z,29.8672301,121.5383603,1.996,34.41
2019-08-29T06:36:12Z,29.86723463,121.538359,1.898,27.29
2019-08-29T06:36:13Z,29.86723921,121.5383587,1.887,30.24
2019-08-29T06:36:14Z,29.86724838,121.5383597,5.88,11.29
2019-08-29T06:36:15Z,29.86725488,121.5383662,4.602,90.36
2019-08-29T06:36:16Z,29.86725916,121.5383732,2.511,43.49
2019-08-29T06:36:17Z,29.86727646,121.538365,0.985,347.96
2019-08-29T06:36:18Z,29.8672777,121.5383649,1.598,294.28
2019-08-29T06:36:19Z,29.86728223,121.5383672,5.378,46.18
2019-08-29T06:36:20Z,29.86728481,121.5383687,2.352,21.33
2019-08-29T06:36:21Z,29.86728736,121.5383705,1.203,39.03
2019-08-29T06:36:22Z,29.8672897,121.5383718,1.783,30.44
2019-08-29T06:36:23Z,29.86729246,121.538387,1.9,52.03
2019-08-29T06:36:24Z,29.86729625,121.5384078,2.72,31.6
2019-08-29T06:36:25Z,29.8673027,121.5384019,3.752,334.6
2019-08-29T06:36:26Z,29.8673081,121.5383823,2.709,347.77
2019-08-29T06:36:27Z,29.8673156,121.5383901,2.687,347.61
2019-08-29T06:36:28Z,29.86732413,121.5384001,1.081,310.25
2019-08-29T06:36:29Z,29.86732876,121.5384035,2.772,341.55
2019-08-29T06:36:30Z,29.86733521,121.5384026,2.681,341.31
2019-08-29T06:36:31Z,29.86734156,121.5384014,2.579,340.6
2019-08-29T06:36:32Z,29.86734806,121.5384044,3.203,23.63
2019-08-29T06:36:33Z,29.86735113,121.5384099,1.248,102.27
2019-08-29T06:36:34Z,29.86734925,121.5384228,2.1,153.95
2019-08-29T06:36:35Z,29.86735096,121.5384293,2.02,121.04
2019-08-29T06:36:36Z,29.8673505,121.538438,2.109,111.65
2019-08-29T06:36:37Z,29.86736143,121.5384614,2.072,123.61
2019-08-29T06:36:38Z,29.86736078,121.53848,19.436,83.19
2019-08-29T06:36:39Z,29.86736188,121.5384349,2.946,308.22
2019-08-29T06:36:40Z,29.86736118,121.5383952,4.365,291.61
2019-08-29T06:36:41Z,29.86737196,121.538375,3.179,344.03
2019-08-29T06:36:42Z,29.8673754,121.5383738,4.087,326.3
2019-08-29T06:36:43Z,29.86738113,121.5383804,2.707,349.7
2019-08-29T06:36:44Z,29.8673854,121.5383854,3.433,350.51
2019-08-29T06:36:45Z,29.8673888,121.5383903,3.489,12.51
2019-08-29T06:36:46Z,29.86739088,121.5383948,2.52,6.95
2019-08-29T06:36:47Z,29.86739176,121.5383975,2.577,321.24
2019-08-29T06:36:48Z,29.86739385,121.5384016,2.218,23.35
2019-08-29T06:36:49Z,29.86739363,121.5384021,4.631,182.01
2019-08-29T06:36:50Z,29.86739268,121.5384055,2.872,68.07
2019-08-29T06:36:51Z,29.86739171,121.5384081,2.246,213.67
2019-08-29T06:36:52Z,29.86737566,121.5384174,1.079,136.28
2019-08-29T06:36:53Z,29.86737238,121.5384209,1.272,106.09
2019-08-29T06:36:54Z,29.86737235,121.5384209,1.311,100.68
2019-08-29T06:36:55Z,29.86737216,121.5384208,1.264,106.1
2019-08-29T06:36:56Z,29.86736998,121.5384238,1.101,106.85
2019-08-29T06:36:57Z,29.86736926,121.5384254,1.161,109.31
2019-08-29T06:36:58Z,29.86736891,121.5384265,1.116,111.44
2019-08-29T06:36:59Z,29.86737178,121.5384246,1.113,124.13
2019-08-29T06:37:00Z,29.86737258,121.5384247,1.161,134.23
2019-08-29T06:37:01Z,29.86737158,121.5384259,1.161,134.23
2019-08-29T06:37:02Z,29.8673702,121.5384274,1.366,139.17
2019-08-29T06:37:03Z,29.8673684,121.5384293,1.437,135.65
2019-08-29T06:37:04Z,29.86736425,121.538433,2.59,128.77
2019-08-29T06:37:05Z,29.86736021,121.5384399,3.135,117.83
2019-08-29T06:37:06Z,29.86735696,121.5384474,3.25,116.51
2019-08-29T06:37:07Z,29.86735348,121.5384554,3.25,116.51
2019-08-29T06:37:08Z,29.86734865,121.5384663,2.618,106.58
2019-08-29T06:37:09Z,29.86734466,121.5384746,2.474,96.63
2019-08-29T06:37:10Z,29.86734056,121.5384828,2.453,91.43
2019-08-29T06:37:11Z,29.86734035,121.5384909,2.622,88.1
2019-08-29T06:37:12Z,29.86733721,121.5385119,2.85,92.01
2019-08-29T06:37:13Z,29.86733766,121.538519,2.653,93.85
2019-08-29T06:37:14Z,29.86733645,121.5385283,2.359,99.3
2019-08-29T06:37:15Z,29.86733685,121.5385281,1.985,100.63
2019-08-29T06:37:16Z,29.86733508,121.5385323,2.063,104.17
2019-08-29T06:37:17Z,29.86733395,121.5385352,2.072,100.15
2019-08-29T06:37:18Z,29.86733185,121.5385386,1.57,98.02
2019-08-29T06:37:19Z,29.86732846,121.5385405,1.626,99.63
2019-08-29T06:37:20Z,29.86732438,121.5385428,1.594,101.1
2019-08-29T06:37:21Z,29.8673213,121.538547,1.689,100.26
2019-08-29T06:37:22Z,29.86732066,121.538551,1.689,100.26
2019-08-29T06:37:23Z,29.86732003,121.5385551,1.689,100.26
2019-08-29T06:37:25Z,29.86702118,121.5384212,3.178,119.89
2019-08-29T06:37:26Z,29.86701591,121.5384274,3.416,147.43
2019-08-29T06:37:27Z,29.86700895,121.5384325,3.416,147.43
2019-08-29T06:37:28Z,29.86700396,121.5384366,1.809,139.78
2019-08-29T06:37:29Z,29.86700313,121.5384339,1.492,142.33
2019-08-29T06:37:30Z,29.86700036,121.5384378,1.663,129.47
2019-08-29T06:37:31Z,29.86700218,121.5384384,2.277,103.57
2019-08-29T06:37:32Z,29.86700355,121.5384416,2.746,99.42
2019-08-29T06:37:33Z,29.86700741,121.538448,2.679,96.23
2019-08-29T06:37:34Z,29.8670076,121.5384558,2.861,96.63
2019-08-29T06:37:35Z,29.86700856,121.5384635,2.415,89.01
2019-08-29T06:37:36Z,29.86701063,121.5384706,2.289,78.38
2019-08-29T06:37:37Z,29.86701415,121.5384791,2.318,84.08
2019-08-29T06:37:38Z,29.86702533,121.5384885,2.348,82.37
2019-08-29T06:37:39Z,29.86702796,121.5385,2.555,80.34
2019-08-29T06:37:40Z,29.8670296,121.5385106,2.698,82.71
2019-08-29T06:37:41Z,29.86703868,121.5385166,2.722,82.38
2019-08-29T06:37:42Z,29.86704333,121.5385239,2.566,90.42
2019-08-29T06:37:43Z,29.86706493,121.538519,2.052,94.19
2019-08-29T06:37:44Z,29.86706846,121.5385231,1.763,101.77
2019-08-29T06:37:45Z,29.86707496,121.5385254,2.116,121.41
2019-08-29T06:37:46Z,29.86707581,121.5385279,2.09,119.22
2019-08-29T06:37:47Z,29.86707715,121.538529,1.931,134.78
2019-08-29T06:37:48Z,29.86707425,121.5385317,1.774,126.27
2019-08-29T06:37:49Z,29.86707726,121.5385362,2.246,99.5
2019-08-29T06:37:50Z,29.8670828,121.5385397,2.372,96.71
2019-08-29T06:37:51Z,29.8670963,121.5385401,2.5,95.3
2019-08-29T06:37:52Z,29.86710036,121.5385455,2.492,88.98
2019-08-29T06:37:53Z,29.86710291,121.5385514,3.218,96.54
2019-08-29T06:37:54Z,29.86710413,121.5385631,5.154,90.16
2019-08-29T06:37:55Z,29.86710415,121.5385768,5.32,92.6
2019-08-29T06:37:56Z,29.8671057,121.5385912,5.135,90.13
2019-08-29T06:37:57Z,29.86710778,121.5386077,3.761,93.33
2019-08-29T06:37:58Z,29.86710796,121.5386209,5.543,94.44
2019-08-29T06:37:59Z,29.86710675,121.538631,4.702,103.8
2019-08-29T06:38:00Z,29.86711346,121.5386418,4.657,72.77
2019-08-29T06:38:01Z,29.86711423,121.5386569,3.585,75.98
2019-08-29T06:38:02Z,29.86711198,121.53867,3.315,95.48
2019-08-29T06:38:03Z,29.86711155,121.5386826,2.974,105.24
2019-08-29T06:38:04Z,29.86711383,121.5386966,2.95,103.82
2019-08-29T06:38:05Z,29.86713303,121.5387204,3.259,102.56
2019-08-29T06:38:06Z,29.8671525,121.5387379,2.981,101.64
2019-08-29T06:38:07Z,29.8671727,121.5387501,2.755,96.05
2019-08-29T06:38:08Z,29.86718805,121.538768,7.487,88.88
2019-08-29T06:38:09Z,29.86719048,121.5387773,4.907,92.13
2019-08-29T06:38:10Z,29.86719236,121.5387882,5.074,96.01
2019-08-29T06:38:11Z,29.86719888,121.538796,3.804,98.17
2019-08-29T06:38:12Z,29.8672023,121.5388081,3.563,94.97
2019-08-29T06:38:13Z,29.86720291,121.5388186,3.45,96.5
2019-08-29T06:38:14Z,29.86720956,121.5388272,2.529,101.41
2019-08-29T06:38:15Z,29.86721106,121.5388343,3.172,77.56
2019-08-29T06:38:16Z,29.86721646,121.5388404,2.609,92.06
2019-08-29T06:38:17Z,29.86721725,121.5388562,1.933,29.83
2019-08-29T06:38:18Z,29.867219,121.5388606,1.47,14.86
2019-08-29T06:38:19Z,29.86722028,121.5388671,4.229,63.52
2019-08-29T06:38:20Z,29.86722376,121.5388715,4.924,31.36
2019-08-29T06:38:21Z,29.86722546,121.538873,4.441,315.45
2019-08-29T06:38:22Z,29.86722576,121.538874,3.646,348.64
2019-08-29T06:38:23Z,29.86722558,121.5388769,3.144,72.05
2019-08-29T06:38:24Z,29.86722446,121.5388775,3.183,250.28
2019-08-29T06:38:25Z,29.8672251,121.5388783,3.346,12.87
2019-08-29T06:38:26Z,29.86722545,121.5388795,2.266,321.59
2019-08-29T06:38:27Z,29.86722266,121.5388805,3.12,186.04
2019-08-29T06:38:28Z,29.86722798,121.5388781,3.409,249.56
2019-08-29T06:38:29Z,29.86723421,121.5388695,4.033,249.65
2019-08-29T06:38:30Z,29.86723905,121.5388557,5.863,256.46
2019-08-29T06:38:31Z,29.86724058,121.5388417,4.161,247.78
2019-08-29T06:38:32Z,29.8672397,121.5388293,4.711,246.91
2019-08-29T06:38:33Z,29.86723645,121.5388201,4.167,243.44
2019-08-29T06:38:34Z,29.86726705,121.5388677,3.809,253.08
2019-08-29T06:38:35Z,29.8672634,121.5388566,3.844,253.48
2019-08-29T06:38:36Z,29.86725976,121.5388441,4.82,246.93
2019-08-29T06:38:37Z,29.86725486,121.5388308,5.03,239.39
2019-08-29T06:38:38Z,29.86723833,121.5387682,5.048,226.71
2019-08-29T06:38:39Z,29.86722583,121.5387529,4.641,225.11
2019-08-29T06:38:40Z,29.86721275,121.5387362,4.718,228.98
2019-08-29T06:38:41Z,29.86722651,121.5387866,3.752,234.15
2019-08-29T06:38:42Z,29.86722188,121.5387773,4.059,238.05
2019-08-29T06:38:43Z,29.86721723,121.5387687,2.963,237.13
2019-08-29T06:38:44Z,29.86721373,121.5387609,2.913,242.75
2019-08-29T06:38:45Z,29.86721638,121.5387548,4.576,6.23
2019-08-29T06:38:46Z,29.86722003,121.5387529,4.268,1.69
2019-08-29T06:38:47Z,29.86722485,121.5387482,4.798,337.42
2019-08-29T06:38:48Z,29.86722935,121.538745,4.254,357.95
2019-08-29T06:38:49Z,29.86723306,121.5387425,4.261,352.01
2019-08-29T06:38:50Z,29.86723688,121.5387402,4.378,352.67
2019-08-29T06:38:51Z,29.86724211,121.5387393,4.968,1.68
2019-08-29T06:38:52Z,29.8672481,121.5387385,5.128,357.2
2019-08-29T06:38:53Z,29.86725166,121.5387442,3.904,353.61
2019-08-29T06:38:54Z,29.86726321,121.5387435,5.139,319.22
2019-08-29T06:38:55Z,29.86726883,121.538735,5.302,334.77
2019-08-29T06:38:56Z,29.8672754,121.5387284,2.798,321.96
2019-08-29T06:38:57Z,29.86728005,121.5387213,4.024,325.64
2019-08-29T06:38:58Z,29.86728826,121.5387162,3.998,341.06
2019-08-29T06:38:59Z,29.8672969,121.5387113,3.866,331.4
2019-08-29T06:39:00Z,29.86730501,121.5387066,4.526,345.54
2019-08-29T06:39:01Z,29.86731288,121.5387022,2.546,335.1
2019-08-29T06:39:02Z,29.86732233,121.5386975,4.857,342.5
2019-08-29T06:39:03Z,29.86733111,121.5386927,3.589,334.15
2019-08-29T06:39:04Z,29.86734468,121.5386886,2.879,329.46
2019-08-29T06:39:05Z,29.8673577,121.5386829,4.848,342.08
2019-08-29T06:39:06Z,29.86737015,121.5386781,4.431,326.9
2019-08-29T06:39:07Z,29.86738006,121.5386741,3.757,347.64
2019-08-29T06:39:08Z,29.86739325,121.5386731,5.033,348.5
2019-08-29T06:39:09Z,29.86740488,121.5386724,2.352,307.73
2019-08-29T06:39:10Z,29.86741623,121.5386722,5.398,350.61
2019-08-29T06:39:11Z,29.86742541,121.5386712,2.924,325.24
2019-08-29T06:39:12Z,29.86742941,121.5386658,3.094,282.97
2019-08-29T06:39:13Z,29.86743158,121.538659,3.155,277.84
2019-08-29T06:39:14Z,29.86744161,121.5386557,5.183,345.36
2019-08-29T06:39:15Z,29.86745126,121.5386526,2.794,320.32
2019-08-29T06:39:16Z,29.86746073,121.5386503,3.448,339.37
2019-08-29T06:39:17Z,29.86747073,121.5386481,3.313,329.58
2019-08-29T06:39:18Z,29.86747986,121.5386453,3.257,338.66
2019-08-29T06:39:19Z,29.8674891,121.5386435,3.292,345.49
2019-08-29T06:39:20Z,29.86749646,121.5386386,3.292,301.48
2019-08-29T06:39:21Z,29.86750283,121.5386364,2.255,3.8
2019-08-29T06:39:22Z,29.8675112,121.5386334,4.546,340.16
2019-08-29T06:39:23Z,29.86752043,121.5386255,5.633,310.41
2019-08-29T06:39:24Z,29.86752731,121.5386166,3.3,303.18
2019-08-29T06:39:25Z,29.8675301,121.5386099,1.633,270.49
2019-08-29T06:39:26Z,29.86753653,121.5386031,5.372,328.5
2019-08-29T06:39:27Z,29.86754271,121.5385961,3.257,306.15
2019-08-29T06:39:28Z,29.86754625,121.5385867,4.357,277.34
2019-08-29T06:39:29Z,29.86754858,121.5385759,4.074,286.58
2019-08-29T06:39:30Z,29.86755166,121.5385674,2.924,309.42
2019-08-29T06:39:31Z,29.86755516,121.5385624,2.789,319.18
2019-08-29T06:39:32Z,29.86755946,121.5385566,3.237,306.11
2019-08-29T06:39:33Z,29.86757285,121.5385453,2.807,321.3
2019-08-29T06:39:34Z,29.86757751,121.53854,2.503,308.58
2019-08-29T06:39:35Z,29.86758171,121.5385349,2.422,316.91
2019-08-29T06:39:36Z,29.86758721,121.5385308,2.531,324.97
2019-08-29T06:39:37Z,29.86759251,121.5385269,2.563,328.17
2019-08-29T06:39:38Z,29.86759841,121.5385246,2.213,342.17
2019-08-29T06:39:39Z,29.86760358,121.5385237,1.066,347.7
2019-08-29T06:39:40Z,29.86760716,121.5385244,1.146,11.37
2019-08-29T06:39:41Z,29.8676104,121.5385256,1.401,19.08
2019-08-29T06:39:42Z,29.86761463,121.5385275,1.601,29.14
2019-08-29T06:39:43Z,29.86761831,121.5385297,1.685,28.18
2019-08-29T06:39:44Z,29.867619,121.5385261,0.366,11.35
2019-08-29T06:39:45Z,29.86759845,121.538503,1.489,241.85
2019-08-29T06:39:46Z,29.86759496,121.5385222,1.4,344.02
2019-08-29T06:39:47Z,29.86759356,121.5385395,1.494,284.21
2019-08-29T06:39:48Z,29.86759213,121.5385405,2.257,255.44
2019-08-29T06:39:49Z,29.86759148,121.538529,1.014,240.68
2019-08-29T06:39:50Z,29.86758976,121.5385206,2.044,242.22
2019-08-29T06:39:51Z,29.86758586,121.5385085,3.848,234.69
2019-08-29T06:39:52Z,29.86758176,121.5384981,2.264,210.32
2019-08-29T06:39:53Z,29.86757683,121.5384961,2.161,184.31
2019-08-29T06:39:54Z,29.86757168,121.5384954,1.914,190.17
2019-08-29T06:39:55Z,29.86756661,121.538494,2.146,186.12
2019-08-29T06:39:56Z,29.86756108,121.5384916,2.422,188.64
2019-08-29T06:39:57Z,29.8675547,121.5384911,2.515,174.96
2019-08-29T06:39:58Z,29.8675485,121.5384926,2.009,175.17
2019-08-29T06:39:59Z,29.86754435,121.5384953,1.659,150.23
2019-08-29T06:40:00Z,29.86754005,121.5385035,2.589,124.09
2019-08-29T06:40:01Z,29.8675343,121.5385175,3.361,126.5
2019-08-29T06:40:02Z,29.86752866,121.5385273,3.952,128.47
2019-08-29T06:40:03Z,29.8675226,121.538537,4.037,131.6
2019-08-29T06:40:04Z,29.86751583,121.5385459,3.792,135.35
2019-08-29T06:40:05Z,29.86750988,121.5385524,3.7,132.52
2019-08-29T06:40:06Z,29.86750451,121.5385575,3.291,136.98
2019-08-29T06:40:07Z,29.86749885,121.5385603,2.946,142.79
2019-08-29T06:40:08Z,29.86749403,121.5385647,2.84,146.7
2019-08-29T06:40:09Z,29.86748813,121.538568,2.835,150.72
2019-08-29T06:40:10Z,29.86748471,121.5385722,2.355,156.95
2019-08-29T06:40:11Z,29.86747956,121.5385725,2.264,195.55
2019-08-29T06:40:12Z,29.86747445,121.5385682,2.529,201.29
2019-08-29T06:40:13Z,29.86746963,121.5385611,2.513,200.75
2019-08-29T06:40:14Z,29.86746396,121.538558,2.511,201.97
2019-08-29T06:40:15Z,29.8674587,121.5385563,2.044,188.62
2019-08-29T06:40:16Z,29.86745351,121.5385586,1.8,154.4
2019-08-29T06:40:17Z,29.8674495,121.5385609,1.776,151.83
2019-08-29T06:40:18Z,29.86744505,121.5385556,1.611,192.19
2019-08-29T06:40:19Z,29.86744093,121.5385448,2.233,226.19
2019-08-29T06:40:20Z,29.86743745,121.5385371,2.316,223.52
2019-08-29T06:40:21Z,29.86743633,121.5385218,1.777,209.63
2019-08-29T06:40:22Z,29.86743301,121.5385093,2.616,208.42
2019-08-29T06:40:23Z,29.8674297,121.5384562,4.781,238.11
2019-08-29T06:40:24Z,29.86742195,121.5384443,5.098,234.19
2019-08-29T06:40:25Z,29.8674164,121.5384356,3.976,231.2
2019-08-29T06:40:26Z,29.86741293,121.5384286,3.463,242.82
2019-08-29T06:40:27Z,29.86740898,121.5384198,3.463,242.82
2019-08-29T06:40:28Z,29.8674078,121.5384123,3.759,257.48
2019-08-29T06:40:29Z,29.86740698,121.5383998,4.335,269.06
2019-08-29T06:40:30Z,29.86740788,121.5383918,3.139,269.32
2019-08-29T06:40:31Z,29.86741213,121.538392,1.887,279.78
2019-08-29T06:40:32Z,29.8674114,121.5383854,1.501,266.29
2019-08-29T06:40:33Z,29.86743268,121.5384032,1.348,269.16
2019-08-29T06:40:34Z,29.86743333,121.5384007,2.055,272.85
2019-08-29T06:40:35Z,29.86743383,121.5384011,1.585,256.82
2019-08-29T06:40:36Z,29.8674462,121.5383958,4.392,247.58
2019-08-29T06:40:37Z,29.86745098,121.538414,1.59,261.39
2019-08-29T06:40:38Z,29.86745218,121.5384105,1.953,272.72
2019-08-29T06:40:39Z,29.86746448,121.538389,2.892,276.66
2019-08-29T06:40:40Z,29.86747855,121.5384048,1.407,300.98
2019-08-29T06:40:41Z,29.8674804,121.5383992,2.107,332.15
2019-08-29T06:40:42Z,29.86747793,121.5383859,2.111,316.73
2019-08-29T06:40:43Z,29.86748231,121.5383835,2.568,306.56
2019-08-29T06:40:44Z,29.86748636,121.5383781,2.363,309.62
2019-08-29T06:40:45Z,29.86748956,121.5383731,1.829,302.7
2019-08-29T06:40:46Z,29.86749261,121.5383682,1.946,309.6
2019-08-29T06:40:47Z,29.8674958,121.5383633,1.976,308.43
2019-08-29T06:40:48Z,29.867499,121.5383583,1.979,308.35
2019-08-29T06:40:49Z,29.86750181,121.5383534,1.753,303.38
2019-08-29T06:40:50Z,29.86750413,121.5383501,1.164,325.24
2019-08-29T06:40:51Z,29.86750716,121.538348,1.176,320.98
2019-08-29T06:40:52Z,29.86751228,121.5383459,1.281,314.49
2019-08-29T06:40:53Z,29.86751471,121.5383443,0.998,338.5
2019-08-29T06:40:54Z,29.86751841,121.5383461,1.124,56.78
2019-08-29T06:40:55Z,29.86751451,121.5383548,4.313,157.39
2019-08-29T06:40:56Z,29.86750823,121.5383595,2.05,123.66
2019-08-29T06:40:57Z,29.86750411,121.5383613,2.209,33.39
2019-08-29T06:40:58Z,29.8675047,121.5383674,1.183,136.73
2019-08-29T06:40:59Z,29.86750681,121.5383816,1.555,95.29
2019-08-29T06:41:00Z,29.86751911,121.5384057,1.676,97.84
2019-08-29T06:41:01Z,29.86752518,121.538416,2.222,102.7
2019-08-29T06:41:02Z,29.86752871,121.5384218,2.635,91.45
2019-08-29T06:41:03Z,29.86753075,121.5384266,2.711,86.87
2019-08-29T06:41:04Z,29.86753213,121.5384336,2.839,89.2
2019-08-29T06:41:05Z,29.86753145,121.5384445,3.098,82.22
2019-08-29T06:41:06Z,29.86753131,121.5384562,3.052,84.76
2019-08-29T06:41:07Z,29.8675293,121.5384683,3.078,74.08
2019-08-29T06:41:08Z,29.86752583,121.5384799,3.055,102.34
2019-08-29T06:41:09Z,29.86752658,121.5384934,5.098,81.46
2019-08-29T06:41:10Z,29.86752461,121.5385019,1.559,126.61
2019-08-29T06:41:11Z,29.86752148,121.5385101,2.479,99.97
2019-08-29T06:41:12Z,29.86751878,121.5385167,1.659,103.44
2019-08-29T06:41:13Z,29.8675163,121.5385224,1.385,104.46
2019-08-29T06:41:14Z,29.86751376,121.5385278,1.533,108.95
2019-08-29T06:41:15Z,29.8675105,121.5385327,1.513,131.44
2019-08-29T06:41:16Z,29.86750763,121.5385366,2.126,131.84
2019-08-29T06:41:17Z,29.86750358,121.5385383,2.759,165.04
2019-08-29T06:41:18Z,29.86749811,121.5385387,2.152,190.72
2019-08-29T06:41:19Z,29.86749471,121.5385396,2.007,137.28
2019-08-29T06:41:20Z,29.86749181,121.5385375,2.111,245.14
2019-08-29T06:41:21Z,29.86748815,121.5385363,2.631,166.41
2019-08-29T06:41:22Z,29.86748371,121.5385352,2.761,200.58
2019-08-29T06:41:23Z,29.86748111,121.5385359,1.433,126.29
2019-08-29T06:41:24Z,29.86749673,121.5385169,1.368,187.42
2019-08-29T06:41:25Z,29.86749245,121.5385181,1.974,166.57
2019-08-29T06:41:26Z,29.8674879,121.5385195,1.948,171.77
2019-08-29T06:41:27Z,29.86748266,121.5385207,2.248,172.19
2019-08-29T06:41:28Z,29.86747635,121.5385213,2.907,192.78
2019-08-29T06:41:29Z,29.86747006,121.5385198,2.403,189.76
2019-08-29T06:41:30Z,29.8674683,121.538518,2.865,340.32
2019-08-29T06:41:31Z,29.86747043,121.5385161,6.863,336.66
2019-08-29T06:41:32Z,29.86746756,121.5385221,0.794,210.33
2019-08-29T06:41:33Z,29.86746523,121.5385275,2.546,136.67
2019-08-29T06:41:34Z,29.86746741,121.5385331,0.888,150.06
2019-08-29T06:41:35Z,29.86746978,121.5385358,1.25,138.26
2019-08-29T06:41:36Z,29.86747241,121.5385417,1.379,134.3
2019-08-29T06:41:37Z,29.86747321,121.5385465,1.418,130.91
2019-08-29T06:41:38Z,29.8674725,121.5385517,1.709,118.6
2019-08-29T06:41:39Z,29.86747535,121.5385578,2.526,95.33
2019-08-29T06:41:40Z,29.86747028,121.5385643,1.401,127.66
2019-08-29T06:41:41Z,29.86746458,121.538572,2.296,109.21
2019-08-29T06:41:42Z,29.86746021,121.5385796,2.778,109.98
2019-08-29T06:41:43Z,29.86745278,121.5385882,2.77,110.04
2019-08-29T06:41:44Z,29.86744575,121.5385983,3.055,99.69
2019-08-29T06:41:45Z,29.86744151,121.5386073,3.261,112.37
2019-08-29T06:41:46Z,29.86743758,121.5386173,3.14,97.6
2019-08-29T06:41:47Z,29.8674368,121.5386269,2.833,92.65
2019-08-29T06:41:48Z,29.86743761,121.5386315,1.724,66.65
2019-08-29T06:41:49Z,29.86743941,121.5386368,2.009,61.41
2019-08-29T06:41:50Z,29.86744085,121.5386424,2.502,82.78
2019-08-29T06:41:51Z,29.86743966,121.5386465,1.9,144.75
2019-08-29T06:41:52Z,29.86743571,121.538651,3.205,138.73
2019-08-29T06:41:53Z,29.86743493,121.5386564,2.368,64.29
2019-08-29T06:41:54Z,29.86743316,121.5386582,2.002,165.14
2019-08-29T06:41:55Z,29.86743243,121.5386584,2.272,135.28
2019-08-29T06:41:56Z,29.86742898,121.5386618,2.55,139.3
2019-08-29T06:41:57Z,29.86742286,121.5386691,2.809,137.79
2019-08-29T06:41:58Z,29.86741493,121.5386747,3.209,148.46
2019-08-29T06:41:59Z,29.86740955,121.5386801,2.67,120.81
2019-08-29T06:42:00Z,29.867405,121.5386876,3.478,118.62
2019-08-29T06:42:01Z,29.86740093,121.5386946,2.846,126.57
2019-08-29T06:42:02Z,29.86739681,121.538702,2.939,120.78
2019-08-29T06:42:03Z,29.86739446,121.5387101,2.963,96.47
2019-08-29T06:42:04Z,29.86739348,121.5387191,2.679,96.23
2019-08-29T06:42:05Z,29.86739418,121.538726,2.318,72
2019-08-29T06:42:06Z,29.8673947,121.5387301,0.731,91.29
2019-08-29T06:42:07Z,29.86739375,121.5387371,3.837,99.95
2019-08-29T06:42:08Z,29.86739378,121.5387473,3.994,89.22
2019-08-29T06:42:09Z,29.86739513,121.5387599,4.626,71.44
2019-08-29T06:42:10Z,29.86740068,121.5387717,5.318,49.25
2019-08-29T06:42:11Z,29.86740505,121.5387865,6.317,82.99
2019-08-29T06:42:12Z,29.8674099,121.5388032,6.598,67.16
2019-08-29T06:42:13Z,29.86740918,121.5388215,6.706,100.44
2019-08-29T06:42:14Z,29.86740658,121.5388389,4.476,74.79
2019-08-29T06:42:15Z,29.86740345,121.5388543,5,91.75
2019-08-29T06:42:16Z,29.86740061,121.5388694,4.835,85.35
2019-08-29T06:42:17Z,29.86739775,121.5388844,4.578,90.65
2019-08-29T06:42:18Z,29.86739751,121.5388967,3.676,80.26
2019-08-29T06:42:19Z,29.86739898,121.53891,5.357,76.56
2019-08-29T06:42:20Z,29.86739923,121.5389251,5.65,90.32
2019-08-29T06:42:21Z,29.86740006,121.5389405,5.652,84.93
2019-08-29T06:42:22Z,29.8673992,121.5389558,5.307,97.04
2019-08-29T06:42:23Z,29.86739795,121.5389701,4.783,94.44
2019-08-29T06:42:24Z,29.86739631,121.5389848,4.922,101.22
2019-08-29T06:42:25Z,29.86739388,121.5389989,4.609,101.64
2019-08-29T06:42:26Z,29.8673908,121.5390119,4.35,104.57
2019-08-29T06:42:27Z,29.86738756,121.5390244,4.626,110.97
2019-08-29T06:42:28Z,29.8673818,121.5390364,4.267,123.37
2019-08-29T06:42:29Z,29.86737878,121.5390466,3.205,83.35
2019-08-29T06:42:30Z,29.86738613,121.5390539,6.974,17.2
2019-08-29T06:42:31Z,29.86739666,121.5390597,4.042,24.65
2019-08-29T06:42:32Z,29.86740836,121.5390635,4.476,10.65
2019-08-29T06:42:33Z,29.86742276,121.5390703,7.919,26.91
2019-08-29T06:42:34Z,29.86742936,121.539071,3.587,254.09
2019-08-29T06:42:35Z,29.86743135,121.5390655,6.946,282.36
2019-08-29T06:42:36Z,29.8674284,121.5390559,4.291,238.39
2019-08-29T06:42:37Z,29.86742276,121.5390487,2.392,198.82
2019-08-29T06:42:38Z,29.86741833,121.5390391,4.446,257.01
2019-08-29T06:42:39Z,29.86741455,121.5390279,4.781,253.31
2019-08-29T06:42:40Z,29.86740728,121.539017,5.387,217.44
2019-08-29T06:42:41Z,29.86740003,121.5390101,3.553,210.43
2019-08-29T06:42:42Z,29.86739621,121.5390017,3.961,264.24
2019-08-29T06:42:43Z,29.86739501,121.5389931,3.179,268.12
2019-08-29T06:42:44Z,29.86739348,121.5389831,4.12,252.89
2019-08-29T06:42:45Z,29.86739333,121.5389722,4.224,276.03
2019-08-29T06:42:46Z,29.86739376,121.5389568,4.004,260.69
2019-08-29T06:42:47Z,29.86739176,121.5389468,3.52,258.47
2019-08-29T06:42:48Z,29.86738756,121.5389426,2.453,250.92
2019-08-29T06:42:49Z,29.8673848,121.5389358,3.361,256.32
2019-08-29T06:42:50Z,29.86738238,121.5389264,3.935,259.8
2019-08-29T06:42:51Z,29.86738058,121.5389159,3.581,259.75
2019-08-29T06:42:52Z,29.86737875,121.5389067,3.185,255.86
2019-08-29T06:42:53Z,29.8673769,121.5388972,2.659,248.04
2019-08-29T06:42:54Z,29.8673733,121.5389032,7.924,96.92
2019-08-29T06:42:55Z,29.8673692,121.5388814,4.368,234.51
2019-08-29T06:42:56Z,29.86736296,121.5388703,4.718,239.64
2019-08-29T06:42:57Z,29.8673571,121.5388577,5.215,246.16
2019-08-29T06:42:58Z,29.86735153,121.538845,5.489,249.32
2019-08-29T06:42:59Z,29.867344,121.5388257,5.454,246.19
2019-08-29T06:43:00Z,29.86734016,121.5388142,5.652,251.83
2019-08-29T06:43:01Z,29.86733705,121.5388015,4.481,254.96
2019-08-29T06:43:02Z,29.86733391,121.5387902,3.698,248.01
2019-08-29T06:43:03Z,29.8673281,121.5387722,4.726,255.74
2019-08-29T06:43:04Z,29.86732416,121.5387579,4.67,254.79
2019-08-29T06:43:05Z,29.86731948,121.5387451,4.828,251.82
2019-08-29T06:43:06Z,29.86731551,121.5387312,4.992,253.17
2019-08-29T06:43:07Z,29.86731155,121.538719,4.633,249.59
2019-08-29T06:43:08Z,29.86730748,121.5387075,4.196,249.89
2019-08-29T06:43:09Z,29.86730165,121.5386994,3.579,241.54
2019-08-29T06:43:10Z,29.86729471,121.5386922,4.052,242.59
2019-08-29T06:43:11Z,29.86728726,121.5386838,3.82,236.47
2019-08-29T06:43:12Z,29.86727633,121.5386808,3.452,234.31
2019-08-29T06:43:13Z,29.86726921,121.5386718,3.213,229.87
2019-08-29T06:43:14Z,29.86726246,121.5386645,3.296,228.92
2019-08-29T06:43:15Z,29.86725435,121.5386553,3.303,230.03
2019-08-29T06:43:16Z,29.86724903,121.5386461,2.944,227.75
2019-08-29T06:43:17Z,29.86724073,121.5386442,2.435,234
2019-08-29T06:43:18Z,29.86723785,121.5386392,0.996,221.58
2019-08-29T06:43:19Z,29.86723543,121.5386366,0.842,174.5
2019-08-29T06:43:20Z,29.86723198,121.5386401,1.192,134.44
2019-08-29T06:43:21Z,29.86723018,121.5386402,1.213,131.5
2019-08-29T06:43:22Z,29.8672299,121.5386391,0.609,350.23
2019-08-29T06:43:23Z,29.86723351,121.5386342,1.114,302.81
2019-08-29T06:43:24Z,29.8672357,121.5386298,1.509,282.18
2019-08-29T06:43:25Z,29.86723683,121.5386266,0.929,310.65
2019-08-29T06:43:26Z,29.86723988,121.5386277,0.9,56.79
2019-08-29T06:43:27Z,29.86724026,121.538631,0.679,95.59
2019-08-29T06:43:28Z,29.8672414,121.5386344,0.635,103.23
2019-08-29T06:43:29Z,29.86724276,121.5386492,0.909,142.91
2019-08-29T06:43:30Z,29.86724348,121.5386514,0.709,118.15
2019-08-29T06:43:31Z,29.86724543,121.5386504,1.235,118.52
2019-08-29T06:43:32Z,29.86724758,121.5386525,0.835,168.39
2019-08-29T06:43:33Z,29.8672468,121.5386475,0.976,159.1
2019-08-29T06:43:34Z,29.86724666,121.53865,1.233,169.67
2019-08-29T06:43:35Z,29.86724368,121.5386506,1.233,169.67
2019-08-29T06:43:36Z,29.86724245,121.5386503,1.07,184.95
2019-08-29T06:43:37Z,29.86725253,121.5386386,2.642,269.46
2019-08-29T06:43:38Z,29.86726,121.5386356,1.779,295.59
2019-08-29T06:43:39Z,29.86726513,121.5386297,2.126,302.82
2019-08-29T06:43:40Z,29.86727136,121.5386503,2.761,295.73
2019-08-29T06:43:41Z,29.86728363,121.5386459,2.639,288.67
2019-08-29T06:43:42Z,29.86729273,121.5386441,1.655,322.19
2019-08-29T06:43:43Z,29.86729878,121.5386455,2.34,65.51
2019-08-29T06:43:44Z,29.86729328,121.5386338,4.018,266.08
2019-08-29T06:43:45Z,29.86729236,121.5386245,4.665,352.56
2019-08-29T06:43:46Z,29.86728963,121.5386172,1.455,135.95
2019-08-29T06:43:47Z,29.86728765,121.5386118,0.894,267.44
2019-08-29T06:43:48Z,29.86729075,121.5386133,2.268,76.01
2019-08-29T06:43:49Z,29.86728938,121.5386303,3.896,125.82
2019-08-29T06:43:50Z,29.86729248,121.5386401,2.748,17.83
2019-08-29T06:43:51Z,29.86729288,121.5386431,1.389,148.91
2019-08-29T06:43:52Z,29.86729318,121.5386496,1.774,142.11
2019-08-29T06:43:53Z,29.86729133,121.5386558,2.605,118.06
2019-08-29T06:43:54Z,29.86728948,121.5386589,0.572,139.6
2019-08-29T06:43:55Z,29.86729671,121.5386706,1.179,80.19
2019-08-29T06:43:56Z,29.86729751,121.5386728,0.563,22.16
2019-08-29T06:43:57Z,29.86729896,121.5386728,0.624,342.41
2019-08-29T06:43:58Z,29.86730165,121.5386715,1.146,311.71
2019-08-29T06:43:59Z,29.86730561,121.5386697,1.201,315.55
2019-08-29T06:44:00Z,29.86730346,121.538663,3.341,221.61
2019-08-29T06:44:01Z,29.86730708,121.538664,1.046,291.06
2019-08-29T06:44:02Z,29.86730498,121.5386605,0.981,265.12
2019-08-29T06:44:03Z,29.86730378,121.5386582,0.964,258.47
2019-08-29T06:44:04Z,29.86730268,121.5386555,0.963,266.47
2019-08-29T06:44:05Z,29.86730156,121.5386533,0.779,242.36
2019-08-29T06:44:06Z,29.86730051,121.5386522,0.331,0
2019-08-29T06:44:07Z,29.86729956,121.5386527,0.609,126.74
2019-08-29T06:44:08Z,29.86729841,121.5386546,1.066,120.66
2019-08-29T06:44:09Z,29.86729711,121.5386565,0.625,140.6
2019-08-29T06:44:10Z,29.86729676,121.5386563,0.542,288.84
2019-08-29T06:44:11Z,29.86729911,121.538654,2.392,333.82
2019-08-29T06:44:12Z,29.86729771,121.5386569,2.322,106.74
2019-08-29T06:44:13Z,29.86728078,121.5386578,2.289,140.98
2019-08-29T06:44:14Z,29.8672836,121.5386582,2.577,71.94
2019-08-29T06:44:15Z,29.8672982,121.538641,1.435,294.31
2019-08-29T06:44:16Z,29.8672998,121.5386374,1.555,294.7
2019-08-29T06:44:17Z,29.86730148,121.5386331,1.751,291.56
2019-08-29T06:44:18Z,29.86730326,121.5386283,1.935,283.02
2019-08-29T06:44:19Z,29.86730463,121.538622,2.776,280.08
2019-08-29T06:44:20Z,29.86730666,121.5386149,2.815,281.69
2019-08-29T06:44:21Z,29.86730818,121.5386073,2.709,281.64
2019-08-29T06:44:22Z,29.86730978,121.5385994,2.896,281.11
2019-08-29T06:44:23Z,29.86731186,121.5385919,2.477,290.49
2019-08-29T06:44:24Z,29.86731431,121.5385848,2.383,291.34
2019-08-29T06:44:25Z,29.86733416,121.538582,2.25,292.58
2019-08-29T06:44:26Z,29.86733516,121.5385768,3.126,264.55
2019-08-29T06:44:27Z,29.8673376,121.5385702,4,264
2019-08-29T06:44:28Z,29.86733878,121.5385532,2.546,267.61
2019-08-29T06:44:29Z,29.86733931,121.5385411,5.063,260.95
2019-08-29T06:44:30Z,29.86734056,121.5385317,3.644,265.7
2019-08-29T06:44:31Z,29.86734081,121.5385157,4.75,269.88
2019-08-29T06:44:32Z,29.86734011,121.5384995,4.474,262.04
2019-08-29T06:44:33Z,29.86734163,121.538485,3.442,274.92
2019-08-29T06:44:34Z,29.86734425,121.5384722,4.928,297.67
2019-08-29T06:44:35Z,29.86734871,121.5384667,3.416,305.65
2019-08-29T06:44:36Z,29.86735471,121.5384613,4.27,301.78
2019-08-29T06:44:37Z,29.86736103,121.5384552,3.494,306.26
2019-08-29T06:44:38Z,29.86736638,121.5384509,3.4,299.74
2019-08-29T06:44:39Z,29.86737286,121.5384465,3.166,308.3
2019-08-29T06:44:40Z,29.86737976,121.5384426,2.974,324.49
2019-08-29T06:44:41Z,29.86738915,121.5384374,5.107,321.78
2019-08-29T06:44:42Z,29.86739475,121.5384298,3.496,290
2019-08-29T06:44:43Z,29.86739926,121.5384261,2.177,335.87
2019-08-29T06:44:44Z,29.86740353,121.5384209,2.913,302.86
2019-08-29T06:44:45Z,29.86740838,121.5384146,2.92,292.41
2019-08-29T06:44:46Z,29.86740771,121.5384099,2.533,309.99
2019-08-29T06:44:47Z,29.86741245,121.5384692,43.046,89.35
2019-08-29T06:44:48Z,29.86741971,121.5384091,2.407,296.32
2019-08-29T06:44:49Z,29.8674208,121.5383839,1.914,307.97
2019-08-29T06:44:50Z,29.86742523,121.5383773,2.377,288.47
2019-08-29T06:44:51Z,29.86743343,121.5383713,2.055,296.04
2019-08-29T06:44:52Z,29.86743461,121.5383706,2.098,30.26
2019-08-29T06:44:53Z,29.86743905,121.5383737,2.955,355.38
2019-08-29T06:44:54Z,29.86745575,121.5384047,9.437,342.97
2019-08-29T06:44:55Z,29.86744003,121.5384013,1.981,28.21
2019-08-29T06:44:56Z,29.86745073,121.5383971,7.496,356.68
2019-08-29T06:44:57Z,29.8674537,121.5384209,21.486,84.68
2019-08-29T06:44:58Z,29.867458,121.5383863,1.45,26.65
2019-08-29T06:44:59Z,29.867458,121.5383864,1.392,25.67
2019-08-29T06:45:00Z,29.86745905,121.5384385,1.811,140.7
2019-08-29T06:45:01Z,29.86746068,121.5384273,1.016,78.07
2019-08-29T06:45:02Z,29.86745701,121.5384251,2.224,74.79
2019-08-29T06:45:03Z,29.8674544,121.5384249,1.757,68.08
2019-08-29T06:45:04Z,29.86745315,121.538428,1.811,66
2019-08-29T06:45:05Z,29.86745298,121.5384331,1.974,70.22
2019-08-29T06:45:06Z,29.86745253,121.5384368,2.207,75.49
2019-08-29T06:45:07Z,29.86745278,121.538444,2.094,76.82
2019-08-29T06:45:08Z,29.86745543,121.5384513,2.69,70.38
2019-08-29T06:45:09Z,29.86745765,121.5384571,2.879,73.19
2019-08-29T06:45:10Z,29.86746013,121.5384639,3.316,71.5
2019-08-29T06:45:11Z,29.86746175,121.5384721,3.085,72.88
2019-08-29T06:45:12Z,29.86746176,121.5384832,3.8,81.5
2019-08-29T06:45:13Z,29.867463,121.538495,4.085,74.69
2019-08-29T06:45:14Z,29.86746215,121.5385092,4.363,80.33
2019-08-29T06:45:15Z,29.86746198,121.5385236,4.302,80.81
2019-08-29T06:45:16Z,29.86746041,121.5385397,4.724,85.27
2019-08-29T06:45:17Z,29.86746065,121.5385546,4.598,87.83
2019-08-29T06:45:18Z,29.86746058,121.5385694,4.492,81.36
2019-08-29T06:45:19Z,29.86745891,121.5385829,3.209,75.99
2019-08-29T06:45:20Z,29.86746216,121.5385886,2.663,2.34
2019-08-29T06:45:21Z,29.86746665,121.538589,1.122,349.5
2019-08-29T06:45:22Z,29.86746991,121.5385872,2.181,331.9
2019-08-29T06:45:23Z,29.86747245,121.5385852,1.835,325.11
2019-08-29T06:45:24Z,29.86747035,121.5385816,2.69,213.37
2019-08-29T06:45:25Z,29.86747253,121.5385728,5.276,305.39
2019-08-29T06:45:26Z,29.86747505,121.5385664,1.188,294.29
2019-08-29T06:45:27Z,29.8674784,121.5385588,3.694,293.85
2019-08-29T06:45:28Z,29.86748173,121.5385513,2.848,295.95
2019-08-29T06:45:29Z,29.8674855,121.5385432,3.526,298.58
2019-08-29T06:45:30Z,29.86748978,121.5385358,2.633,310.11
2019-08-29T06:45:31Z,29.86749245,121.5385309,1.383,294.71
2019-08-29T06:45:32Z,29.86749368,121.538526,2.64,274.39
2019-08-29T06:45:33Z,29.86750843,121.5385127,1.627,306.34
2019-08-29T06:45:34Z,29.8674793,121.5385583,56.769,125.79
2019-08-29T06:45:35Z,29.86748943,121.5385446,2.052,352.02
2019-08-29T06:45:36Z,29.86749891,121.5385393,2.772,52.71
2019-08-29T06:45:37Z,29.86750501,121.5385345,3.553,1.26
2019-08-29T06:45:38Z,29.86751473,121.5385342,2.04,248.53
2019-08-29T06:45:39Z,29.8675169,121.5385443,4.444,71.05
2019-08-29T06:45:40Z,29.86751148,121.5385435,0.703,297.06
2019-08-29T06:45:41Z,29.86750836,121.5385445,2.915,61.11
2019-08-29T06:45:42Z,29.86750698,121.5385504,7.106,227.18
2019-08-29T06:45:43Z,29.8675133,121.5385441,4.022,23.22
2019-08-29T06:45:44Z,29.86752576,121.538531,5.994,146.47
2019-08-29T06:45:45Z,29.86754066,121.5385187,3.785,41.08
2019-08-29T06:45:46Z,29.86754378,121.5385216,3.216,21.62
2019-08-29T06:45:47Z,29.86754413,121.5385251,1.327,117.98
2019-08-29T06:45:48Z,29.86754013,121.5385306,2.989,134.32
2019-08-29T06:45:49Z,29.86753588,121.538536,1.529,85.1
2019-08-29T06:45:50Z,29.86752883,121.5385393,2.179,139.32
2019-08-29T06:45:51Z,29.86752316,121.5385415,0.783,2.53
2019-08-29T06:45:52Z,29.86751641,121.5385435,3.2,171.09
2019-08-29T06:45:53Z,29.86751398,121.5385456,2.742,78.87
2019-08-29T06:45:54Z,29.8675111,121.5385514,3.133,128.56
2019-08-29T06:45:55Z,29.86751095,121.5385542,0.988,51.58
2019-08-29T06:45:56Z,29.8675111,121.5385591,2.255,89.86
2019-08-29T06:45:57Z,29.86751115,121.5385635,1.583,92.29
2019-08-29T06:45:58Z,29.86751295,121.5385564,1.902,100.43
2019-08-29T06:45:59Z,29.8675119,121.5385616,1.726,100.83
2019-08-29T06:46:00Z,29.86751103,121.5385666,1.844,101.67
