2019-08-27T03:20:00Z,29.8679445,121.5389793,0,0
2019-08-27T03:20:01Z,29.86794276,121.5389781,0,0
2019-08-27T03:20:02Z,29.86794155,121.5389766,0,0
2019-08-27T03:20:03Z,29.8679418,121.5389764,2.009,148.71
2019-08-27T03:20:04Z,29.8679418,121.5389762,4.257,295.54
2019-08-27T03:20:05Z,29.86794155,121.5389765,2.855,67.16
2019-08-27T03:20:06Z,29.86794148,121.5389773,2.383,63.98
2019-08-27T03:20:07Z,29.8679445,121.5389774,1.711,316.01
2019-08-27T03:20:08Z,29.86794613,121.5389749,1.601,264.95
2019-08-27T03:20:09Z,29.8679468,121.5389748,1.296,100.11
2019-08-27T03:20:10Z,29.86794763,121.5389747,0.414,300.45
2019-08-27T03:20:11Z,29.86794731,121.5389727,1.246,257.05
2019-08-27T03:20:12Z,29.8679477,121.5389738,1.159,132.02
2019-08-27T03:20:13Z,29.86794808,121.5389753,1.131,123.33
2019-08-27T03:20:14Z,29.86794875,121.538976,0.398,336.67
2019-08-27T03:20:15Z,29.86794945,121.5389764,2.179,256.7
2019-08-27T03:20:16Z,29.8679506,121.5389771,1.411,83.74
2019-08-27T03:20:17Z,29.86794878,121.5389801,2.355,131.09
2019-08-27T03:20:18Z,29.86794743,121.5389824,0.607,148.5
2019-08-27T03:20:19Z,29.86794776,121.5389819,1.007,35.39
2019-08-27T03:20:20Z,29.86794816,121.5389794,1.927,274.84
2019-08-27T03:20:21Z,29.86794861,121.5389774,0.942,0
2019-08-27T03:20:22Z,29.86794946,121.5389772,0.637,95.01
2019-08-27T03:20:23Z,29.86795095,121.5389757,0.246,276.14
2019-08-27T03:20:24Z,29.86795265,121.5389753,0.54,103.16
2019-08-27T03:20:25Z,29.86795273,121.538975,0.348,283.16
2019-08-27T03:20:26Z,29.8679538,121.5389747,0.103,0
2019-08-27T03:20:27Z,29.86795413,121.538975,2.998,304.71
2019-08-27T03:20:28Z,29.86795583,121.5389708,1.585,283.3
2019-08-27T03:20:29Z,29.86795598,121.538971,0.694,133.82
2019-08-27T03:20:30Z,29.8679562,121.5389713,0.538,49.92
2019-08-27T03:20:31Z,29.86795656,121.5389716,0.751,88.87
2019-08-27T03:20:32Z,29.86795718,121.5389714,5.059,274.95
2019-08-27T03:20:33Z,29.86795713,121.5389711,2.131,149.59
2019-08-27T03:20:34Z,29.8679571,121.5389708,3.028,163.13
2019-08-27T03:20:35Z,29.86795288,121.5389711,1.405,185.83
2019-08-27T03:20:36Z,29.86794725,121.5389698,2.783,193.45
2019-08-27T03:20:37Z,29.86794273,121.5389642,3.09,247.71
2019-08-27T03:20:38Z,29.86793936,121.5389634,2.533,123.28
2019-08-27T03:20:39Z,29.86793471,121.5389604,3.702,221.77
2019-08-27T03:20:40Z,29.86792848,121.5389579,3.663,192.18
2019-08-27T03:20:41Z,29.86792331,121.5389538,3.04,236.92
2019-08-27T03:20:42Z,29.86791336,121.5389493,5.257,191.52
2019-08-27T03:20:43Z,29.86790756,121.538947,2.264,139.08
2019-08-27T03:20:44Z,29.86789983,121.5389434,3.935,198.54
2019-08-27T03:20:45Z,29.86789315,121.5389416,1.84,176.95
2019-08-27T03:20:46Z,29.86788698,121.5389402,2.018,184.17
2019-08-27T03:20:47Z,29.8678811,121.5389399,2.483,135.8
2019-08-27T03:20:48Z,29.86787885,121.5389445,3.535,82.73
2019-08-27T03:20:49Z,29.86787683,121.5389504,1.972,89.68
2019-08-27T03:20:50Z,29.86787495,121.5389602,4.933,100.1
2019-08-27T03:20:51Z,29.8678682,121.5389702,4.407,120.76
2019-08-27T03:20:52Z,29.8678566,121.5389762,4.205,173.5
2019-08-27T03:20:53Z,29.86784371,121.5389763,4.268,199.38
2019-08-27T03:20:54Z,29.86783401,121.538973,2.007,241.77
2019-08-27T03:20:55Z,29.86782898,121.5389701,1.246,330.73
2019-08-27T03:20:56Z,29.86782093,121.5389745,3.844,99.64
2019-08-27T03:20:57Z,29.86781936,121.5389751,3.37,304.08
2019-08-27T03:20:58Z,29.8678189,121.5389753,2.531,219.47
2019-08-27T03:20:59Z,29.86781761,121.5389758,1.889,200.09
2019-08-27T03:21:00Z,29.8678176,121.5389757,1.209,107.36
2019-08-27T03:21:01Z,29.86781456,121.5389781,2.418,145.31
2019-08-27T03:21:02Z,29.86780823,121.5389755,4.898,209.29
2019-08-27T03:21:03Z,29.86780318,121.5389767,3.415,63.73
2019-08-27T03:21:04Z,29.86779718,121.5389762,3.816,198.67
2019-08-27T03:21:05Z,29.86779563,121.5389745,3.766,331.19
2019-08-27T03:21:06Z,29.86779566,121.5389732,0.375,307.34
2019-08-27T03:21:07Z,29.86779521,121.5389714,1.713,245.74
2019-08-27T03:21:08Z,29.86779703,121.5389704,4.124,353.86
2019-08-27T03:21:09Z,29.86779608,121.5389709,1.59,241.11
2019-08-27T03:21:10Z,29.8677942,121.5389666,2.553,256.28
2019-08-27T03:21:11Z,29.86778868,121.5389621,0.957,241.21
2019-08-27T03:21:12Z,29.86778466,121.5389594,0.653,242.23
2019-08-27T03:21:13Z,29.8677821,121.5389588,0.601,255.54
2019-08-27T03:21:14Z,29.86777991,121.5389578,0.348,247.71
2019-08-27T03:21:15Z,29.86777523,121.538956,0.172,0
2019-08-27T03:21:16Z,29.86777226,121.538955,0.131,0
2019-08-27T03:21:17Z,29.86777091,121.5389547,0.081,0
2019-08-27T03:21:18Z,29.8677702,121.5389544,0,0
2019-08-27T03:21:19Z,29.86776826,121.5389535,0,0
2019-08-27T03:21:20Z,29.86776793,121.5389531,0,0
2019-08-27T03:21:21Z,29.86776788,121.5389541,0,0
2019-08-27T03:21:22Z,29.86776715,121.5389545,0,0
2019-08-27T03:21:23Z,29.86776648,121.5389548,0,0
2019-08-27T03:21:24Z,29.86776625,121.5389554,0,0
2019-08-27T03:21:25Z,29.867767,121.5389567,0,0
2019-08-27T03:21:26Z,29.86776743,121.5389571,0,0
2019-08-27T03:21:27Z,29.86776766,121.5389571,0,0
2019-08-27T03:21:28Z,29.86776771,121.5389572,0,0
2019-08-27T03:21:29Z,29.86776771,121.5389573,1.37,341.07
2019-08-27T03:21:30Z,29.86776795,121.5389573,0.637,342.25
2019-08-27T03:21:31Z,29.86777015,121.5389564,0.85,328.4
2019-08-27T03:21:32Z,29.8677716,121.538955,0.907,314.5
2019-08-27T03:21:33Z,29.86777316,121.5389533,0.848,312.54
2019-08-27T03:21:34Z,29.867774,121.5389514,0.698,304.71
2019-08-27T03:21:35Z,29.867775,121.5389494,0.892,308.32
2019-08-27T03:21:36Z,29.86777625,121.5389474,0.866,301.81
2019-08-27T03:21:37Z,29.86777636,121.5389471,0.605,297.79
2019-08-27T03:21:38Z,29.86777686,121.5389471,0.533,275.76
2019-08-27T03:21:39Z,29.8677774,121.5389467,0.457,305.77
2019-08-27T03:21:40Z,29.86777806,121.5389465,0.609,343.21
2019-08-27T03:21:41Z,29.86777888,121.5389463,0.566,243.61
2019-08-27T03:21:42Z,29.86777981,121.538946,0.333,311.58
2019-08-27T03:21:43Z,29.86778021,121.5389458,0.194,116.18
2019-08-27T03:21:44Z,29.86778066,121.5389457,0.079,0
2019-08-27T03:21:45Z,29.86778101,121.5389457,0,0
2019-08-27T03:21:46Z,29.86778141,121.5389457,0,0
2019-08-27T03:21:47Z,29.86778175,121.5389457,0,0
2019-08-27T03:21:48Z,29.86778205,121.5389456,0,0
2019-08-27T03:21:49Z,29.86778186,121.5389452,0,0
2019-08-27T03:21:50Z,29.8677818,121.5389449,0,0
2019-08-27T03:21:51Z,29.86778208,121.5389445,0,0
2019-08-27T03:21:52Z,29.86778225,121.538944,0,0
2019-08-27T03:21:53Z,29.86778231,121.5389434,0,0
2019-08-27T03:21:54Z,29.86778225,121.5389429,1.227,328.9
2019-08-27T03:21:55Z,29.86778256,121.5389423,0.474,299.89
2019-08-27T03:21:56Z,29.86778485,121.5389412,1.098,352.48
2019-08-27T03:21:57Z,29.86778585,121.5389388,2.272,259.48
2019-08-27T03:21:58Z,29.8677859,121.5389387,3.22,359.32
2019-08-27T03:21:59Z,29.86779006,121.5389361,4.55,332.11
2019-08-27T03:22:00Z,29.8677938,121.538934,2.477,335
2019-08-27T03:22:01Z,29.86779686,121.538932,2.142,323.97
2019-08-27T03:22:02Z,29.86779983,121.5389301,2.135,334.84
2019-08-27T03:22:03Z,29.8678014,121.5389279,2.855,280.77
2019-08-27T03:22:04Z,29.86780265,121.5389266,1.244,349.29
2019-08-27T03:22:05Z,29.86780253,121.5389267,0.668,262.75
2019-08-27T03:22:06Z,29.8678025,121.5389267,1.548,26.14
2019-08-27T03:22:07Z,29.8678021,121.5389267,1.233,230.03
2019-08-27T03:22:08Z,29.86780206,121.5389268,0.583,56.68
2019-08-27T03:22:09Z,29.86780228,121.5389272,0.185,0
2019-08-27T03:22:10Z,29.86780221,121.5389273,0,0
2019-08-27T03:22:11Z,29.86780248,121.5389273,1.813,222.88
2019-08-27T03:22:12Z,29.86780251,121.5389273,0.222,296.3
2019-08-27T03:22:13Z,29.86780298,121.5389275,1.238,268.68
2019-08-27T03:22:14Z,29.86780161,121.5389255,2.415,218.64
2019-08-27T03:22:15Z,29.8678005,121.5389227,1.527,258.66
2019-08-27T03:22:16Z,29.86779875,121.5389189,1.122,241.11
2019-08-27T03:22:17Z,29.86779768,121.5389158,1.113,243.78
2019-08-27T03:22:18Z,29.86779536,121.5389124,0.957,235.08
2019-08-27T03:22:19Z,29.86779401,121.5389093,0.894,231.94
2019-08-27T03:22:20Z,29.86779181,121.538906,0.648,238.5
2019-08-27T03:22:21Z,29.86778993,121.5389035,0.868,247.55
2019-08-27T03:22:22Z,29.86778733,121.5388994,0.981,219.38
2019-08-27T03:22:23Z,29.86778636,121.5388977,0.338,273.2
2019-08-27T03:22:24Z,29.86778518,121.5388956,1.018,221.09
2019-08-27T03:22:25Z,29.8677848,121.5388943,0.3,259.7
2019-08-27T03:22:26Z,29.86778438,121.5388933,0.474,222.05
2019-08-27T03:22:27Z,29.86778371,121.5388923,0.614,219.12
2019-08-27T03:22:28Z,29.86778343,121.538892,0.388,266.13
2019-08-27T03:22:29Z,29.86778215,121.5388902,1.066,232.73
2019-08-27T03:22:30Z,29.86778066,121.5388874,1.39,240.12
2019-08-27T03:22:31Z,29.86777835,121.5388837,1.644,229.28
2019-08-27T03:22:32Z,29.86777548,121.5388793,2.005,232.66
2019-08-27T03:22:33Z,29.86777148,121.5388752,2.305,219.49
2019-08-27T03:22:34Z,29.86776653,121.5388705,2.561,216.15
2019-08-27T03:22:35Z,29.86776068,121.5388668,2.811,209.57
2019-08-27T03:22:36Z,29.8677544,121.5388634,2.702,205.02
2019-08-27T03:22:37Z,29.86774813,121.5388598,2.5,215.76
2019-08-27T03:22:38Z,29.86774371,121.5388556,2.424,224.37
2019-08-27T03:22:39Z,29.86773991,121.5388506,2.176,229.41
2019-08-27T03:22:40Z,29.86773608,121.5388445,2.892,236.27
2019-08-27T03:22:41Z,29.8677312,121.538839,2.865,214.86
2019-08-27T03:22:42Z,29.86772606,121.5388333,2.631,225.72
2019-08-27T03:22:43Z,29.86772126,121.5388285,2.198,219.47
2019-08-27T03:22:44Z,29.86771696,121.5388239,1.837,226.35
2019-08-27T03:22:45Z,29.86771385,121.5388202,1.661,223.76
2019-08-27T03:22:46Z,29.86771168,121.538817,1.307,234.59
2019-08-27T03:22:47Z,29.8677099,121.5388144,1.237,229.02
2019-08-27T03:22:48Z,29.86770821,121.5388115,1.218,235.11
2019-08-27T03:22:49Z,29.86770681,121.5388091,0.853,237.52
2019-08-27T03:22:50Z,29.86770543,121.5388066,0.888,240.39
2019-08-27T03:22:51Z,29.86770388,121.5388038,0.74,239.88
2019-08-27T03:22:52Z,29.86770308,121.5388017,0.692,247.03
2019-08-27T03:22:53Z,29.86770191,121.5387992,0.87,243.81
2019-08-27T03:22:54Z,29.867701,121.5387966,0.844,256.36
2019-08-27T03:22:55Z,29.8677001,121.5387939,0.951,248.89
2019-08-27T03:22:56Z,29.86769866,121.5387908,0.983,244.36
2019-08-27T03:22:57Z,29.8676969,121.5387875,1.185,232.98
2019-08-27T03:22:58Z,29.86769528,121.5387843,1.027,243.17
2019-08-27T03:22:59Z,29.86769403,121.5387814,0.848,234.85
2019-08-27T03:23:00Z,29.867693,121.5387791,0.557,250.24
2019-08-27T03:23:01Z,29.86769153,121.5387763,0.896,247.3
2019-08-27T03:23:02Z,29.8676903,121.5387734,1.188,248.61
2019-08-27T03:23:03Z,29.86768885,121.5387702,1.126,237.66
2019-08-27T03:23:04Z,29.86768691,121.5387671,1.42,230.83
2019-08-27T03:23:05Z,29.86768475,121.538764,1.355,223.72
2019-08-27T03:23:06Z,29.8676819,121.5387605,1.976,224.43
2019-08-27T03:23:07Z,29.86767878,121.5387573,1.903,221.85
2019-08-27T03:23:08Z,29.8676738,121.5387535,2.807,207.81
2019-08-27T03:23:09Z,29.86766798,121.5387505,2.748,202.02
2019-08-27T03:23:10Z,29.86766213,121.5387473,2.642,210.66
2019-08-27T03:23:11Z,29.867656,121.5387435,2.939,210.53
2019-08-27T03:23:12Z,29.86765028,121.5387386,2.879,221.03
2019-08-27T03:23:13Z,29.86764503,121.5387331,2.809,226.14
2019-08-27T03:23:14Z,29.86764035,121.5387268,2.946,233.58
2019-08-27T03:23:15Z,29.86763658,121.5387198,2.852,244.11
2019-08-27T03:23:16Z,29.86763321,121.5387126,2.515,244.97
2019-08-27T03:23:17Z,29.86763031,121.5387058,2.481,245.73
2019-08-27T03:23:18Z,29.86762738,121.5386998,2.366,238.98
2019-08-27T03:23:19Z,29.86762471,121.5386939,2.331,247.73
2019-08-27T03:23:20Z,29.86762166,121.5386871,2.835,243.22
2019-08-27T03:23:21Z,29.86761785,121.5386803,2.79,233.43
2019-08-27T03:23:22Z,29.86761343,121.538674,2.731,229.25
2019-08-27T03:23:23Z,29.86760923,121.5386682,2.272,232.14
2019-08-27T03:23:24Z,29.86760538,121.5386625,2.394,233.59
2019-08-27T03:23:25Z,29.8676016,121.5386569,2.292,233.21
2019-08-27T03:23:26Z,29.86759795,121.5386518,2.292,230.71
2019-08-27T03:23:27Z,29.86759483,121.5386469,2.022,238.21
2019-08-27T03:23:28Z,29.86759168,121.5386421,2.126,235.22
2019-08-27T03:23:29Z,29.8675887,121.5386372,1.739,239.07
2019-08-27T03:23:30Z,29.86758638,121.5386329,1.463,241.71
2019-08-27T03:23:31Z,29.86758473,121.538629,1.27,242.92
2019-08-27T03:23:32Z,29.86758366,121.5386259,1.176,247.32
2019-08-27T03:23:33Z,29.86758278,121.538623,0.968,252.93
2019-08-27T03:23:34Z,29.8675817,121.5386204,0.92,248.18
2019-08-27T03:23:35Z,29.86758055,121.538618,0.813,254.84
2019-08-27T03:23:36Z,29.86757963,121.5386158,0.738,254.92
2019-08-27T03:23:37Z,29.86757886,121.5386137,0.779,251.83
2019-08-27T03:23:38Z,29.86757825,121.5386119,0.62,255.91
2019-08-27T03:23:39Z,29.86757795,121.5386102,0.72,256.09
2019-08-27T03:23:40Z,29.86757755,121.5386087,0.627,251.12
2019-08-27T03:23:41Z,29.86757688,121.5386068,0.772,246.46
2019-08-27T03:23:42Z,29.86757606,121.5386044,1.018,249.56
2019-08-27T03:23:43Z,29.8675751,121.5386014,1.203,252.89
2019-08-27T03:23:44Z,29.86757445,121.5385978,1.407,263.54
2019-08-27T03:23:45Z,29.86757415,121.5385941,1.257,266.27
2019-08-27T03:23:46Z,29.86757413,121.5385907,1.077,267.43
2019-08-27T03:23:47Z,29.86757423,121.5385878,0.959,272.79
2019-08-27T03:23:48Z,29.86757415,121.5385853,0.785,262.47
2019-08-27T03:23:49Z,29.86757405,121.5385835,0.535,273.98
2019-08-27T03:23:50Z,29.86757401,121.538582,0.518,281.37
2019-08-27T03:23:51Z,29.86757435,121.5385805,0.624,289.3
2019-08-27T03:23:52Z,29.867575,121.5385784,0.987,290.87
2019-08-27T03:23:53Z,29.86757513,121.5385754,1.111,265.28
2019-08-27T03:23:54Z,29.86757508,121.5385725,0.963,271.73
2019-08-27T03:23:55Z,29.86757493,121.5385693,1.176,267.97
2019-08-27T03:23:56Z,29.86757431,121.5385657,1.231,257.92
2019-08-27T03:23:57Z,29.8675731,121.5385621,1.296,247.09
2019-08-27T03:23:58Z,29.86757218,121.5385592,0.859,254.14
2019-08-27T03:23:59Z,29.86757131,121.5385569,0.766,244.41
2019-08-27T03:24:00Z,29.86757038,121.5385548,0.703,249.13
2019-08-27T03:24:01Z,29.86756976,121.5385527,0.709,264.02
2019-08-27T03:24:02Z,29.86756923,121.5385504,0.783,264.19
2019-08-27T03:24:03Z,29.8675687,121.5385475,1.2,261.37
2019-08-27T03:24:04Z,29.86756808,121.5385441,1.209,260.69
2019-08-27T03:24:05Z,29.86756736,121.5385407,1.137,260.59
2019-08-27T03:24:06Z,29.8675665,121.5385372,1.235,258.71
2019-08-27T03:24:07Z,29.86756596,121.5385339,1.168,262.69
2019-08-27T03:24:08Z,29.86756558,121.5385305,1.226,264.63
2019-08-27T03:24:09Z,29.86756493,121.5385272,1.207,250.89
2019-08-27T03:24:10Z,29.86756431,121.5385242,0.951,258.88
2019-08-27T03:24:11Z,29.86756398,121.5385216,0.881,268.71
2019-08-27T03:24:12Z,29.86756391,121.5385185,1.251,270.09
2019-08-27T03:24:13Z,29.86756376,121.5385147,1.527,264.9
2019-08-27T03:24:14Z,29.8675632,121.5385103,1.572,259.6
2019-08-27T03:24:15Z,29.86756215,121.5385064,1.348,247.35
2019-08-27T03:24:16Z,29.86756113,121.538503,1.074,253.43
2019-08-27T03:24:17Z,29.86756015,121.5384996,1.218,253.85
2019-08-27T03:24:18Z,29.8675592,121.5384956,1.718,255.81
2019-08-27T03:24:19Z,29.86755753,121.5384904,2.222,247.98
2019-08-27T03:24:20Z,29.8675555,121.5384843,2.477,249.27
2019-08-27T03:24:21Z,29.86755336,121.5384778,2.37,249.26
2019-08-27T03:24:22Z,29.86755165,121.5384711,2.394,257.73
2019-08-27T03:24:23Z,29.86755026,121.5384641,2.585,257.57
2019-08-27T03:24:24Z,29.86754938,121.5384564,2.794,264.93
2019-08-27T03:24:25Z,29.86754838,121.5384481,3.065,259.55
2019-08-27T03:24:26Z,29.86754726,121.5384379,4.096,263.29
2019-08-27T03:24:27Z,29.86754236,121.5384276,4.52,227.31
2019-08-27T03:24:28Z,29.86753665,121.5384184,3.665,234.61
2019-08-27T03:24:29Z,29.86752896,121.5384125,4.004,198.64
2019-08-27T03:24:30Z,29.86752738,121.5384136,2.97,51.56
2019-08-27T03:24:31Z,29.86752583,121.5384153,1.518,187.85
2019-08-27T03:24:32Z,29.86752615,121.5384175,1.253,53.07
2019-08-27T03:24:33Z,29.86752681,121.5384201,1.003,84.9
2019-08-27T03:24:34Z,29.86752995,121.5384232,2.231,32.87
2019-08-27T03:24:35Z,29.86753295,121.5384275,1.961,64.9
2019-08-27T03:24:36Z,29.86753706,121.5384321,2.365,36.43
2019-08-27T03:24:37Z,29.8675416,121.5384359,2.372,29.34
2019-08-27T03:24:38Z,29.86754658,121.5384403,2.668,42.91
2019-08-27T03:24:39Z,29.86755221,121.5384447,2.622,31.61
2019-08-27T03:24:40Z,29.86755688,121.5384503,2.931,53.39
2019-08-27T03:24:41Z,29.8675606,121.5384561,2.313,58.1
2019-08-27T03:24:42Z,29.86756536,121.5384623,2.953,46.57
2019-08-27T03:24:43Z,29.8675684,121.5384695,2.87,78.18
2019-08-27T03:24:44Z,29.8675702,121.5384767,2.287,78.89
2019-08-27T03:24:45Z,29.86757251,121.5384831,2.337,57.65
2019-08-27T03:24:46Z,29.86757495,121.5384892,2.429,64.58
2019-08-27T03:24:47Z,29.86757905,121.538495,2.842,42.58
2019-08-27T03:24:48Z,29.86758308,121.538501,2.624,57.34
2019-08-27T03:24:49Z,29.86758593,121.5385074,2.427,74.33
2019-08-27T03:24:50Z,29.86758828,121.5385148,3.033,71.54
2019-08-27T03:24:51Z,29.86759046,121.5385228,2.776,81.85
2019-08-27T03:24:52Z,29.8675886,121.5385283,2.205,147.35
2019-08-27T03:24:53Z,29.86758675,121.5385312,0.87,116.5
2019-08-27T03:24:54Z,29.86758448,121.5385328,1.116,157.86
2019-08-27T03:24:55Z,29.8675818,121.5385325,1.277,201.97
2019-08-27T03:24:56Z,29.86757836,121.5385312,1.655,198.05
2019-08-27T03:24:57Z,29.86757396,121.5385285,2.277,210.93
2019-08-27T03:24:58Z,29.86757041,121.5385234,2.39,245.68
2019-08-27T03:24:59Z,29.86756718,121.5385168,2.861,242.37
2019-08-27T03:25:00Z,29.86756398,121.5385098,2.52,239.9
2019-08-27T03:25:01Z,29.86756161,121.5385034,2.079,251.71
2019-08-27T03:25:02Z,29.86755948,121.5384976,2.074,246.13
2019-08-27T03:25:03Z,29.86755773,121.5384917,2.052,253.82
2019-08-27T03:25:04Z,29.8675564,121.538486,2.24,252.28
2019-08-27T03:25:05Z,29.86755476,121.5384804,2.127,249.9
2019-08-27T03:25:06Z,29.86755325,121.5384745,2.209,253.24
2019-08-27T03:25:07Z,29.86755201,121.5384686,2.077,257.94
2019-08-27T03:25:08Z,29.86755236,121.5384621,2.5,282.83
2019-08-27T03:25:09Z,29.86755016,121.5384572,2.177,209.91
2019-08-27T03:25:10Z,29.86754661,121.5384566,1.87,153.73
2019-08-27T03:25:11Z,29.86754475,121.5384518,3.155,272.46
2019-08-27T03:25:12Z,29.86754261,121.5384483,1.45,197.55
2019-08-27T03:25:13Z,29.8675427,121.5384482,0.711,126.03
2019-08-27T03:25:14Z,29.86754273,121.538448,0.496,237.91
2019-08-27T03:25:15Z,29.86754278,121.5384479,1.259,165.77
2019-08-27T03:25:16Z,29.86754108,121.5384459,1.907,237.54
2019-08-27T03:25:17Z,29.8675387,121.5384423,2.563,229.93
2019-08-27T03:25:18Z,29.86753755,121.5384407,0.825,97.76
2019-08-27T03:25:19Z,29.86753778,121.5384407,0.751,237.78
2019-08-27T03:25:20Z,29.86753616,121.5384392,1.635,211.37
2019-08-27T03:25:21Z,29.86753688,121.5384398,0.362,183.43
2019-08-27T03:25:22Z,29.86753598,121.5384389,0.564,205.11
2019-08-27T03:25:23Z,29.86753521,121.5384381,0.746,224.28
2019-08-27T03:25:24Z,29.8675343,121.5384369,0.596,184.15
2019-08-27T03:25:25Z,29.86753381,121.5384359,0.198,227.93
2019-08-27T03:25:26Z,29.8675333,121.5384352,0.216,28.4
2019-08-27T03:25:27Z,29.8675334,121.5384352,0.937,210.84
2019-08-27T03:25:28Z,29.86753195,121.5384341,0.85,210.85
2019-08-27T03:25:29Z,29.86753251,121.5384344,0.455,183.25
2019-08-27T03:25:30Z,29.86753298,121.5384342,0.438,209.35
2019-08-27T03:25:31Z,29.8675329,121.5384334,0.364,122.67
2019-08-27T03:25:32Z,29.86753213,121.538433,0.264,317.13
2019-08-27T03:25:33Z,29.8675308,121.538432,0.525,193.85
2019-08-27T03:25:34Z,29.86753,121.5384313,0.318,0
2019-08-27T03:25:35Z,29.8675293,121.538431,0.216,0
2019-08-27T03:25:36Z,29.86752875,121.5384305,0.457,199.47
2019-08-27T03:25:37Z,29.86752693,121.5384301,0.472,179.16
2019-08-27T03:25:38Z,29.86752565,121.5384299,0.45,183.74
2019-08-27T03:25:39Z,29.86752515,121.538431,0.403,172.88
2019-08-27T03:25:40Z,29.86752455,121.5384302,0.294,168.84
2019-08-27T03:25:41Z,29.86752383,121.5384313,0.283,183.49
2019-08-27T03:25:42Z,29.86752326,121.5384322,0.309,188.78
2019-08-27T03:25:43Z,29.86752263,121.5384332,0.235,8.03
2019-08-27T03:25:44Z,29.86752308,121.5384343,0.098,0
2019-08-27T03:25:45Z,29.86752315,121.5384339,0,0
2019-08-27T03:25:46Z,29.86752236,121.5384335,0.62,191.23
2019-08-27T03:25:47Z,29.86752066,121.5384348,0.522,211.72
2019-08-27T03:25:48Z,29.86751973,121.5384344,0.437,194.66
2019-08-27T03:25:49Z,29.86751853,121.538433,0.651,188.9
2019-08-27T03:25:50Z,29.86751718,121.5384321,0.638,193.32
2019-08-27T03:25:51Z,29.8675157,121.5384311,0.948,201.48
2019-08-27T03:25:52Z,29.86751488,121.5384314,0.7,94.77
2019-08-27T03:25:53Z,29.86751453,121.5384312,0.179,0
2019-08-27T03:25:54Z,29.8675143,121.53843,0.414,201.42
2019-08-27T03:25:55Z,29.86751341,121.5384285,0.727,203.27
2019-08-27T03:25:56Z,29.86751205,121.5384281,0.479,213.74
2019-08-27T03:25:57Z,29.86751076,121.5384266,0.763,199.82
2019-08-27T03:25:58Z,29.86750978,121.5384251,0.379,186.58
2019-08-27T03:25:59Z,29.86750961,121.5384234,0.118,0
2019-08-27T03:26:00Z,29.86751005,121.5384227,0.094,0
2019-08-27T03:26:01Z,29.86751183,121.5384228,0.677,241.49
2019-08-27T03:26:02Z,29.86751205,121.5384226,0.588,228.19
2019-08-27T03:26:03Z,29.86751196,121.5384226,0.768,195.52
2019-08-27T03:26:04Z,29.8675118,121.5384229,0.6,22.79
2019-08-27T03:26:05Z,29.86751168,121.5384225,0.696,224.86
2019-08-27T03:26:06Z,29.86751223,121.5384209,1.094,166.5
2019-08-27T03:26:07Z,29.86751265,121.5384196,1.072,279.3
2019-08-27T03:26:08Z,29.86751316,121.5384187,0.683,229.75
2019-08-27T03:26:09Z,29.86751331,121.5384181,0.757,143.17
2019-08-27T03:26:10Z,29.86751331,121.538418,0.488,278.15
2019-08-27T03:26:11Z,29.86751328,121.5384171,0.927,245.93
2019-08-27T03:26:12Z,29.86751318,121.5384159,0.516,138.45
2019-08-27T03:26:13Z,29.86751316,121.5384152,0.446,266.38
2019-08-27T03:26:14Z,29.86751336,121.5384146,0.929,237.69
2019-08-27T03:26:15Z,29.86751345,121.5384141,0.407,0
2019-08-27T03:26:16Z,29.86751345,121.5384135,0.366,249.4
2019-08-27T03:26:17Z,29.86751333,121.5384131,0.461,267.46
2019-08-27T03:26:18Z,29.8675132,121.5384128,0.244,0
2019-08-27T03:26:19Z,29.86751298,121.5384123,0.172,0
2019-08-27T03:26:20Z,29.86751283,121.5384112,0.503,279.85
2019-08-27T03:26:21Z,29.8675127,121.5384102,0.068,0
2019-08-27T03:26:22Z,29.86751255,121.5384091,0.137,0
2019-08-27T03:26:23Z,29.8675122,121.5384082,0.064,0
2019-08-27T03:26:24Z,29.86751183,121.5384073,0.346,276.46
2019-08-27T03:26:25Z,29.86751183,121.5384059,0.448,280.69
2019-08-27T03:26:26Z,29.8675114,121.5384033,1.088,255.17
2019-08-27T03:26:27Z,29.86751071,121.5384013,0.5,232.43
2019-08-27T03:26:28Z,29.86751063,121.538401,0.664,230.25
2019-08-27T03:26:29Z,29.86751066,121.5384002,0.311,0
2019-08-27T03:26:30Z,29.86751083,121.5383989,0.805,244.18
2019-08-27T03:26:31Z,29.8675088,121.5383979,1.111,181.82
2019-08-27T03:26:32Z,29.8675086,121.5383973,0.261,359.37
2019-08-27T03:26:33Z,29.86750848,121.5383969,0.372,47.39
2019-08-27T03:26:34Z,29.86750838,121.5383965,0.777,282.83
2019-08-27T03:26:35Z,29.86750845,121.5383962,1.24,238.94
2019-08-27T03:26:36Z,29.86750751,121.5383936,1.463,235.08
2019-08-27T03:26:37Z,29.86750735,121.5383915,0.853,216.11
2019-08-27T03:26:38Z,29.86750403,121.5383886,0.853,221.88
2019-08-27T03:26:39Z,29.86750403,121.5383882,1.468,0
2019-08-27T03:26:40Z,29.86750258,121.5383858,2.326,230.41
2019-08-27T03:26:41Z,29.86750266,121.5383851,1.772,47.55
2019-08-27T03:26:42Z,29.86750281,121.5383843,1.677,247.39
2019-08-27T03:26:43Z,29.86750281,121.5383835,1.622,128.69
2019-08-27T03:26:44Z,29.86750155,121.5383811,1.539,260.86
2019-08-27T03:26:45Z,29.86750165,121.5383805,0.94,169.31
2019-08-27T03:26:46Z,29.86750151,121.5383796,0.207,0
2019-08-27T03:26:47Z,29.8675009,121.538378,0.337,268.68
2019-08-27T03:26:48Z,29.86750081,121.5383767,0.583,204.61
2019-08-27T03:26:49Z,29.8675004,121.5383753,0.766,233.23
2019-08-27T03:26:50Z,29.86750025,121.5383737,0.829,202.92
2019-08-27T03:26:51Z,29.86749883,121.5383722,0.566,204.34
2019-08-27T03:26:52Z,29.8674971,121.5383713,0.659,211.87
2019-08-27T03:26:53Z,29.86749425,121.5383699,0.483,185.78
2019-08-27T03:26:54Z,29.86749318,121.5383693,0.314,0
2019-08-27T03:26:55Z,29.86749168,121.5383689,0.266,198.37
2019-08-27T03:26:56Z,29.86749143,121.5383678,0.211,0
2019-08-27T03:26:57Z,29.8674912,121.5383668,0.087,0
2019-08-27T03:26:58Z,29.86749106,121.5383661,0,0
2019-08-27T03:26:59Z,29.867491,121.5383655,0,0
2019-08-27T03:27:00Z,29.86749086,121.5383649,0,0
2019-08-27T03:27:01Z,29.86749083,121.5383643,0,0
2019-08-27T03:27:02Z,29.86749056,121.538364,0,0
2019-08-27T03:27:03Z,29.86749011,121.538364,0,0
2019-08-27T03:27:04Z,29.86748996,121.5383632,0,0
2019-08-27T03:27:05Z,29.86748995,121.5383623,0,0
2019-08-27T03:27:06Z,29.86749018,121.5383616,0,0
2019-08-27T03:27:07Z,29.86749065,121.538361,0,0
2019-08-27T03:27:08Z,29.86749115,121.5383602,0,0
2019-08-27T03:27:09Z,29.86749146,121.5383593,0,0
2019-08-27T03:27:10Z,29.86749166,121.5383584,0,0
2019-08-27T03:27:11Z,29.86749171,121.5383578,0,0
2019-08-27T03:27:12Z,29.867492,121.5383567,0,0
2019-08-27T03:27:13Z,29.86749225,121.5383555,0,0
2019-08-27T03:27:14Z,29.86749095,121.5383549,0,0
2019-08-27T03:27:15Z,29.86748956,121.5383555,0,0
2019-08-27T03:27:16Z,29.86748941,121.5383561,0,0
2019-08-27T03:27:17Z,29.86748853,121.5383561,0,0
2019-08-27T03:27:18Z,29.86748775,121.5383568,0,0
2019-08-27T03:27:19Z,29.86748688,121.5383579,0,0
2019-08-27T03:27:20Z,29.86748615,121.538359,0,0
2019-08-27T03:27:21Z,29.86748575,121.5383609,0,0
2019-08-27T03:27:22Z,29.86748575,121.5383628,0,0
2019-08-27T03:27:23Z,29.86748531,121.5383643,0,0
2019-08-27T03:27:24Z,29.86748518,121.5383665,0,0
2019-08-27T03:27:25Z,29.86748516,121.5383677,0,0
2019-08-27T03:27:26Z,29.8674845,121.5383687,0,0
2019-08-27T03:27:27Z,29.86748518,121.5383709,1.889,59.47
2019-08-27T03:27:28Z,29.86748708,121.5383745,1.559,55.99
2019-08-27T03:27:29Z,29.86748951,121.5383789,1.946,49.95
2019-08-27T03:27:30Z,29.86749281,121.5383837,1.287,65.39
2019-08-27T03:27:31Z,29.867496,121.5383876,2.485,31.13
2019-08-27T03:27:32Z,29.86749938,121.5383908,1.989,36.59
2019-08-27T03:27:33Z,29.86750371,121.5383954,2.726,45.17
2019-08-27T03:27:34Z,29.86750701,121.5384007,2.433,58.19
2019-08-27T03:27:35Z,29.86750996,121.5384063,2.652,52.38
2019-08-27T03:27:36Z,29.8675115,121.5384122,2.698,60.91
2019-08-27T03:27:37Z,29.86751316,121.5384185,2.355,67.47
2019-08-27T03:27:38Z,29.8675153,121.5384246,2.792,52.58
2019-08-27T03:27:39Z,29.86751638,121.5384307,2.539,60.66
2019-08-27T03:27:40Z,29.86751941,121.5384369,2.879,53.15
2019-08-27T03:27:41Z,29.86752173,121.5384432,2.35,59.95
2019-08-27T03:27:42Z,29.86752418,121.5384486,2.039,51.22
2019-08-27T03:27:43Z,29.8675274,121.5384529,2.307,31.51
2019-08-27T03:27:44Z,29.86753091,121.5384564,1.889,40.43
2019-08-27T03:27:45Z,29.86753466,121.5384609,2.498,45.36
2019-08-27T03:27:46Z,29.86753695,121.5384662,2.227,69.49
2019-08-27T03:27:47Z,29.86753868,121.5384718,1.992,65.63
2019-08-27T03:27:48Z,29.86754041,121.5384769,1.82,57.51
2019-08-27T03:27:49Z,29.86754311,121.5384818,2.05,50.43
2019-08-27T03:27:50Z,29.86754571,121.5384873,2.255,62.01
2019-08-27T03:27:51Z,29.86754848,121.5384933,2.724,49.25
2019-08-27T03:27:52Z,29.86755098,121.5385003,2.815,69.4
2019-08-27T03:27:53Z,29.867554,121.5385078,2.637,67.29
2019-08-27T03:27:54Z,29.86755713,121.5385143,2.361,56.91
2019-08-27T03:27:55Z,29.86755965,121.5385205,2.157,70.69
2019-08-27T03:27:56Z,29.86756228,121.5385255,1.546,55.92
2019-08-27T03:27:57Z,29.86756435,121.5385297,1.696,58.14
2019-08-27T03:27:58Z,29.86756668,121.5385344,1.981,57.58
2019-08-27T03:27:59Z,29.86756958,121.5385393,2.011,56.12
2019-08-27T03:28:00Z,29.8675726,121.538545,2.257,64.56
2019-08-27T03:28:01Z,29.86757445,121.5385508,1.848,78.3
2019-08-27T03:28:02Z,29.86757578,121.5385554,1.342,68.29
2019-08-27T03:28:03Z,29.86757663,121.5385589,1.126,71.49
2019-08-27T03:28:04Z,29.86757676,121.5385623,1.201,97.91
2019-08-27T03:28:05Z,29.8675774,121.5385644,1.033,22.56
2019-08-27T03:28:06Z,29.86757873,121.5385662,1.057,40.58
2019-08-27T03:28:07Z,29.86758056,121.5385686,1.522,44.67
2019-08-27T03:28:08Z,29.86758293,121.5385723,1.718,67.29
2019-08-27T03:28:09Z,29.8675836,121.5385766,1.598,96.22
2019-08-27T03:28:10Z,29.86758365,121.538582,2.018,96.16
2019-08-27T03:28:11Z,29.86758176,121.5385877,2.363,123.43
2019-08-27T03:28:12Z,29.86757843,121.5385927,2.052,130.67
2019-08-27T03:28:13Z,29.86757585,121.5385972,1.7,120.11
2019-08-27T03:28:14Z,29.86757408,121.538602,1.924,108.54
2019-08-27T03:28:15Z,29.86757285,121.5386069,1.827,109.25
2019-08-27T03:28:16Z,29.86757165,121.5386112,1.439,108.88
2019-08-27T03:28:17Z,29.86757128,121.5386151,1.305,86.66
2019-08-27T03:28:18Z,29.8675713,121.5386192,1.542,94.73
2019-08-27T03:28:19Z,29.86757135,121.5386231,1.198,90.39
2019-08-27T03:28:20Z,29.86757146,121.5386266,1.172,88.06
2019-08-27T03:28:21Z,29.86757125,121.5386297,1.022,94.28
2019-08-27T03:28:22Z,29.86757135,121.5386321,0.688,81.97
2019-08-27T03:28:23Z,29.86757115,121.5386338,0.507,99.78
2019-08-27T03:28:24Z,29.8675709,121.5386353,0.479,93.7
2019-08-27T03:28:25Z,29.8675711,121.5386364,0.124,0
2019-08-27T03:28:26Z,29.86757178,121.5386379,0.492,63.76
2019-08-27T03:28:27Z,29.8675723,121.538639,0.309,51.48
2019-08-27T03:28:28Z,29.86757345,121.5386405,0.701,42.42
2019-08-27T03:28:29Z,29.86757493,121.5386422,1.185,46.77
2019-08-27T03:28:30Z,29.86757671,121.5386455,1.809,62.62
2019-08-27T03:28:31Z,29.86757733,121.5386499,1.574,97.22
2019-08-27T03:28:32Z,29.86757675,121.5386541,1.238,109.81
2019-08-27T03:28:33Z,29.86757603,121.5386575,1.026,103.68
2019-08-27T03:28:34Z,29.86757528,121.5386606,1,102.58
2019-08-27T03:28:35Z,29.86757438,121.5386638,1.214,103.43
2019-08-27T03:28:36Z,29.86757361,121.5386672,1.222,106.6
2019-08-27T03:28:37Z,29.86757283,121.5386705,1.113,111.36
2019-08-27T03:28:38Z,29.86757195,121.5386735,1.126,95.49
2019-08-27T03:28:39Z,29.867571,121.5386766,1.09,109.16
2019-08-27T03:28:40Z,29.86757043,121.5386795,0.974,85.63
2019-08-27T03:28:41Z,29.86756995,121.5386824,0.97,105.34
2019-08-27T03:28:42Z,29.86756996,121.5386851,0.868,79.01
2019-08-27T03:28:43Z,29.86756985,121.5386877,0.822,92.65
2019-08-27T03:28:44Z,29.86756998,121.5386899,0.72,96.24
2019-08-27T03:28:45Z,29.86756991,121.5386921,0.737,98.31
2019-08-27T03:28:46Z,29.86756975,121.5386942,0.716,109.95
2019-08-27T03:28:47Z,29.86756986,121.5386963,0.679,91.93
2019-08-27T03:28:48Z,29.86756986,121.5386982,0.69,100.24
2019-08-27T03:28:49Z,29.86756953,121.5387006,0.988,101.1
2019-08-27T03:28:50Z,29.867569,121.5387034,1.037,108.96
2019-08-27T03:28:51Z,29.86756816,121.5387062,0.988,118.53
2019-08-27T03:28:52Z,29.86756691,121.5387094,1.39,113.68
2019-08-27T03:28:53Z,29.86756528,121.5387126,1.27,129.34
2019-08-27T03:28:54Z,29.86756346,121.538716,1.355,120.86
2019-08-27T03:28:55Z,29.86756155,121.5387196,1.413,125.89
2019-08-27T03:28:56Z,29.86755956,121.5387233,1.498,118.94
2019-08-27T03:28:57Z,29.86755768,121.5387266,1.327,129.91
2019-08-27T03:28:58Z,29.867556,121.5387302,1.409,116.95
2019-08-27T03:28:59Z,29.8675542,121.5387332,1.261,125.23
