2019-08-28T01:32:57Z,29.86720175,121.5382396,1.468,26.32
2019-08-28T01:32:58Z,29.86720471,121.5382417,1.437,31.77
2019-08-28T01:32:59Z,29.86720766,121.538244,1.424,37.43
2019-08-28T01:33:00Z,29.86721088,121.5382462,1.529,26.4
2019-08-28T01:33:01Z,29.86721421,121.5382483,1.542,27.4
2019-08-28T01:33:02Z,29.86721718,121.5382505,1.409,36.77
2019-08-28T01:33:03Z,29.86722035,121.538253,1.581,34.7
2019-08-28T01:33:04Z,29.86722346,121.5382555,1.542,32.86
2019-08-28T01:33:05Z,29.86722693,121.5382582,1.744,31.97
2019-08-28T01:33:06Z,29.86723061,121.5382608,1.701,32.07
2019-08-28T01:33:07Z,29.86723416,121.5382633,1.681,30.62
2019-08-28T01:33:08Z,29.86723763,121.5382661,1.714,38.97
2019-08-28T01:33:09Z,29.86724131,121.5382685,1.748,24.3
2019-08-28T01:33:10Z,29.86724486,121.538271,1.603,37.42
2019-08-28T01:33:11Z,29.8672483,121.5382737,1.672,36.49
2019-08-28T01:33:12Z,29.86725171,121.5382764,1.622,36.96
2019-08-28T01:33:13Z,29.86725491,121.5382794,1.635,40.68
2019-08-28T01:33:14Z,29.86725798,121.5382823,1.62,41.39
2019-08-28T01:33:15Z,29.86726115,121.5382853,1.753,38.74
2019-08-28T01:33:16Z,29.86726411,121.5382884,1.603,44.44
2019-08-28T01:33:17Z,29.86726653,121.5382914,1.326,50.92
2019-08-28T01:33:18Z,29.86726911,121.5382947,1.705,44.83
2019-08-28T01:33:19Z,29.86727156,121.5382978,1.376,49.64
2019-08-28T01:33:20Z,29.86727371,121.538301,1.4,53.35
2019-08-28T01:33:21Z,29.86727598,121.5383041,1.47,49.21
2019-08-28T01:33:22Z,29.86727816,121.5383073,1.401,47.93
2019-08-28T01:33:23Z,29.8672807,121.5383105,1.59,47.53
2019-08-28T01:33:24Z,29.86728235,121.5383144,1.574,76.16
2019-08-28T01:33:25Z,29.86728361,121.5383187,1.561,71.11
2019-08-28T01:33:26Z,29.86728456,121.5383236,1.92,80.16
2019-08-28T01:33:27Z,29.86728465,121.5383296,2.277,96.88
2019-08-28T01:33:28Z,29.86728393,121.538336,2.303,103.99
2019-08-28T01:33:29Z,29.8672829,121.5383429,2.503,98.51
2019-08-28T01:33:30Z,29.86728246,121.53835,2.466,89.54
2019-08-28T01:33:31Z,29.86728271,121.5383574,2.627,87
2019-08-28T01:33:32Z,29.86728375,121.5383646,2.481,75.12
2019-08-28T01:33:33Z,29.86728583,121.5383709,2.294,65.25
2019-08-28T01:33:34Z,29.86728873,121.5383765,2.227,56.71
2019-08-28T01:33:35Z,29.86729226,121.5383815,2.189,49.58
2019-08-28T01:33:36Z,29.86729616,121.5383863,2.324,45.96
2019-08-28T01:33:37Z,29.86729996,121.5383911,2.179,51.56
2019-08-28T01:33:38Z,29.86730323,121.5383964,2.213,59.97
2019-08-28T01:33:39Z,29.86730571,121.538402,2.153,70.38
2019-08-28T01:33:40Z,29.86730715,121.5384081,2.161,81.32
2019-08-28T01:33:41Z,29.86730753,121.5384139,1.964,91.62
2019-08-28T01:33:42Z,29.86730785,121.5384195,1.92,83.15
2019-08-28T01:33:43Z,29.86730845,121.5384251,1.979,80.82
2019-08-28T01:33:44Z,29.86730873,121.5384307,1.989,91.12
2019-08-28T01:33:45Z,29.86730951,121.5384366,2.111,77.5
2019-08-28T01:33:46Z,29.86730986,121.5384426,2.031,91.95
2019-08-28T01:33:47Z,29.86731006,121.5384484,2.042,86.6
2019-08-28T01:33:48Z,29.86731076,121.538454,2,77.81
2019-08-28T01:33:49Z,29.86731153,121.5384597,1.998,81.8
2019-08-28T01:33:50Z,29.86731265,121.5384654,2.029,75.45
2019-08-28T01:33:51Z,29.86731441,121.5384711,2.183,67.49
2019-08-28T01:33:52Z,29.86731635,121.5384769,2.094,69.85
2019-08-28T01:33:53Z,29.86731806,121.5384824,2.011,73.33
2019-08-28T01:33:54Z,29.8673201,121.5384875,1.911,61.7
2019-08-28T01:33:55Z,29.86732265,121.5384923,2.002,54.22
2019-08-28T01:33:56Z,29.86732616,121.5384962,1.981,29.86
2019-08-28T01:33:57Z,29.86733043,121.5384977,1.902,357.5
2019-08-28T01:33:58Z,29.86733488,121.5384984,1.818,5.91
2019-08-28T01:33:59Z,29.86733941,121.538499,1.887,7.66
2019-08-28T01:34:00Z,29.86734401,121.5384997,1.855,9.8
2019-08-28T01:34:01Z,29.86734883,121.538501,2.124,14.87
2019-08-28T01:34:02Z,29.86735413,121.5385025,2.255,13.18
2019-08-28T01:34:03Z,29.86735965,121.5385039,2.183,10.74
2019-08-28T01:34:04Z,29.86736541,121.5385055,2.424,13.48
2019-08-28T01:34:05Z,29.8673711,121.538507,2.294,11.63
2019-08-28T01:34:06Z,29.86737658,121.5385087,2.27,15.07
2019-08-28T01:34:07Z,29.86738198,121.5385104,2.196,17.39
2019-08-28T01:34:08Z,29.86738715,121.5385123,2.183,18.21
2019-08-28T01:34:09Z,29.86739236,121.5385143,2.237,19.23
2019-08-28T01:34:10Z,29.86739733,121.5385166,2.139,21.61
2019-08-28T01:34:11Z,29.86740226,121.5385189,2.15,20.31
2019-08-28T01:34:12Z,29.86740713,121.5385212,2.098,22.64
2019-08-28T01:34:13Z,29.867412,121.5385234,2.111,22.17
2019-08-28T01:34:14Z,29.86741675,121.5385257,1.983,25.14
2019-08-28T01:34:15Z,29.86742131,121.538528,2.072,21.04
2019-08-28T01:34:16Z,29.8674258,121.5385304,1.952,27.63
2019-08-28T01:34:17Z,29.86743018,121.5385327,1.92,24.1
2019-08-28T01:34:18Z,29.86743431,121.538535,1.826,27.73
2019-08-28T01:34:19Z,29.86743841,121.5385373,1.837,26.27
2019-08-28T01:34:20Z,29.86744228,121.5385398,1.655,31.98
2019-08-28T01:34:21Z,29.8674459,121.5385425,1.718,35.64
2019-08-28T01:34:22Z,29.8674497,121.5385449,1.672,24.57
2019-08-28T01:34:23Z,29.86745348,121.5385469,1.618,22.66
2019-08-28T01:34:24Z,29.86745731,121.5385484,1.722,16.11
2019-08-28T01:34:25Z,29.86746121,121.5385495,1.457,11.52
2019-08-28T01:34:26Z,29.86746505,121.5385501,1.542,4.71
2019-08-28T01:34:27Z,29.86746883,121.53855,1.524,355.79
2019-08-28T01:34:28Z,29.86747231,121.5385498,1.433,357.27
2019-08-28T01:34:29Z,29.86747593,121.5385497,1.485,2.17
2019-08-28T01:34:30Z,29.86747928,121.5385498,1.307,3.3
2019-08-28T01:34:31Z,29.8674826,121.5385502,1.403,8.22
2019-08-28T01:34:32Z,29.8674859,121.5385509,1.398,10.73
2019-08-28T01:34:33Z,29.86748913,121.5385517,1.311,13.39
2019-08-28T01:34:34Z,29.86749243,121.5385527,1.42,16.2
2019-08-28T01:34:35Z,29.86749565,121.5385538,1.374,13.78
2019-08-28T01:34:36Z,29.8674988,121.5385548,1.307,17.78
2019-08-28T01:34:37Z,29.86750178,121.538556,1.19,19.41
2019-08-28T01:34:38Z,29.86750451,121.5385571,1.083,19.48
2019-08-28T01:34:39Z,29.86750703,121.5385584,1.103,28.21
2019-08-28T01:34:40Z,29.86750925,121.5385599,0.892,33.03
2019-08-28T01:34:41Z,29.86751133,121.5385615,0.966,35
2019-08-28T01:34:42Z,29.86751325,121.5385631,0.926,32.79
2019-08-28T01:34:43Z,29.86751498,121.5385648,0.94,43.69
2019-08-28T01:34:44Z,29.86751668,121.5385663,0.84,33.53
2019-08-28T01:34:45Z,29.86751841,121.5385681,0.963,43.32
2019-08-28T01:34:46Z,29.86752016,121.5385697,0.861,37.44
2019-08-28T01:34:47Z,29.86752193,121.5385713,0.927,39.15
2019-08-28T01:34:48Z,29.86752383,121.538573,0.948,34.57
2019-08-28T01:34:49Z,29.86752581,121.5385744,0.914,29.09
2019-08-28T01:34:50Z,29.86752796,121.5385756,0.979,28.03
2019-08-28T01:34:51Z,29.86752995,121.538577,0.938,27.5
2019-08-28T01:34:52Z,29.8675321,121.5385781,1.005,21.71
2019-08-28T01:34:53Z,29.8675343,121.5385792,0.944,23.38
2019-08-28T01:34:54Z,29.86753645,121.5385802,0.948,18.08
2019-08-28T01:34:55Z,29.86753876,121.538581,0.994,14.91
2019-08-28T01:34:56Z,29.86754106,121.5385817,0.938,15.13
2019-08-28T01:34:57Z,29.86754335,121.5385823,0.972,10.89
2019-08-28T01:34:58Z,29.86754556,121.5385829,0.976,15.88
2019-08-28T01:34:59Z,29.86754768,121.5385834,0.833,7.63
2019-08-28T01:35:00Z,29.86754996,121.5385837,1.005,6.3
2019-08-28T01:35:01Z,29.86755216,121.538584,0.859,6.52
2019-08-28T01:35:02Z,29.86755435,121.5385842,0.887,4.3
2019-08-28T01:35:03Z,29.86755643,121.5385843,0.853,1.88
2019-08-28T01:35:04Z,29.86755851,121.5385845,0.87,5.44
2019-08-28T01:35:05Z,29.86756063,121.5385845,0.85,358.6
2019-08-28T01:35:06Z,29.86756266,121.5385846,0.796,3.47
2019-08-28T01:35:07Z,29.86756458,121.5385846,0.761,359.53
2019-08-28T01:35:08Z,29.86756643,121.5385845,0.753,359
2019-08-28T01:35:09Z,29.86756828,121.5385845,0.761,1.6
2019-08-28T01:35:10Z,29.86757001,121.5385846,0.688,6.21
2019-08-28T01:35:11Z,29.86757173,121.5385846,0.733,0.63
2019-08-28T01:35:12Z,29.86757345,121.5385848,0.683,7.78
2019-08-28T01:35:13Z,29.86757511,121.5385849,0.713,4.67
2019-08-28T01:35:14Z,29.8675768,121.538585,0.663,5.67
2019-08-28T01:35:15Z,29.86757853,121.5385851,0.709,3.27
2019-08-28T01:35:16Z,29.86758015,121.5385853,0.631,11.1
2019-08-28T01:35:17Z,29.86758165,121.5385855,0.672,1.43
2019-08-28T01:35:18Z,29.86758328,121.5385855,0.688,5.22
2019-08-28T01:35:19Z,29.86758481,121.5385856,0.607,9.39
2019-08-28T01:35:20Z,29.8675863,121.5385857,0.648,1.94
2019-08-28T01:35:21Z,29.86758781,121.5385859,0.648,9.5
2019-08-28T01:35:22Z,29.86758926,121.5385859,0.631,2.59
2019-08-28T01:35:23Z,29.86759073,121.5385861,0.683,7.23
2019-08-28T01:35:24Z,29.86759223,121.5385862,0.579,8.06
2019-08-28T01:35:25Z,29.86759361,121.5385864,0.555,7.44
2019-08-28T01:35:26Z,29.86759495,121.5385866,0.607,7.63
2019-08-28T01:35:27Z,29.86759621,121.5385868,0.511,11.68
2019-08-28T01:35:28Z,29.86759755,121.5385869,0.57,9.27
2019-08-28T01:35:29Z,29.8675989,121.5385872,0.518,7.09
2019-08-28T01:35:30Z,29.86760015,121.5385874,0.533,15.67
2019-08-28T01:35:31Z,29.86760125,121.5385877,0.431,8.84
2019-08-28T01:35:32Z,29.86760245,121.538588,0.561,10.28
2019-08-28T01:35:33Z,29.86760363,121.5385883,0.437,14.95
2019-08-28T01:35:34Z,29.86760473,121.5385885,0.5,13.14
2019-08-28T01:35:35Z,29.86760588,121.5385889,0.485,11.38
2019-08-28T01:35:36Z,29.86760688,121.5385892,0.392,16.31
2019-08-28T01:35:37Z,29.86760785,121.5385894,0.401,14.18
2019-08-28T01:35:38Z,29.86760886,121.5385898,0.461,18.02
2019-08-28T01:35:39Z,29.86760973,121.5385901,0.357,19.09
2019-08-28T01:35:40Z,29.86761068,121.5385905,0.348,22.23
2019-08-28T01:35:41Z,29.86761156,121.5385909,0.362,18.98
2019-08-28T01:35:42Z,29.86761245,121.5385913,0.477,23.77
2019-08-28T01:35:43Z,29.86761328,121.5385917,0.392,14.21
2019-08-28T01:35:44Z,29.86761403,121.5385924,0.44,41.85
2019-08-28T01:35:45Z,29.86761485,121.5385932,0.435,33.78
2019-08-28T01:35:46Z,29.86761563,121.5385936,0.412,11.8
2019-08-28T01:35:47Z,29.86761645,121.5385941,0.455,32.91
2019-08-28T01:35:48Z,29.86761776,121.5385941,0.561,354.33
2019-08-28T01:35:49Z,29.86761895,121.5385947,0.603,34.93
2019-08-28T01:35:50Z,29.86762026,121.5385953,0.601,21.25
2019-08-28T01:35:51Z,29.86762165,121.5385961,0.624,27.55
2019-08-28T01:35:52Z,29.8676233,121.5385969,0.616,31.47
2019-08-28T01:35:53Z,29.86762453,121.538598,0.672,38.53
2019-08-28T01:35:54Z,29.8676256,121.5385993,0.618,53.29
2019-08-28T01:35:55Z,29.8676267,121.5386005,0.6,40.59
2019-08-28T01:35:56Z,29.8676278,121.5386018,0.705,41.04
2019-08-28T01:35:57Z,29.86762905,121.538603,0.613,39.38
2019-08-28T01:35:58Z,29.86763025,121.5386041,0.642,45.28
2019-08-28T01:35:59Z,29.86763155,121.5386051,0.629,23.51
2019-08-28T01:36:00Z,29.86763278,121.5386059,0.598,35.56
2019-08-28T01:36:01Z,29.86763411,121.5386065,0.601,20.4
2019-08-28T01:36:02Z,29.86763531,121.5386072,0.553,27.72
2019-08-28T01:36:03Z,29.86763658,121.5386077,0.548,15.35
2019-08-28T01:36:04Z,29.86763783,121.5386082,0.516,17.51
2019-08-28T01:36:05Z,29.86763906,121.5386085,0.525,9.4
2019-08-28T01:36:06Z,29.86764033,121.5386087,0.513,10.12
2019-08-28T01:36:07Z,29.86764155,121.5386089,0.525,0.5
2019-08-28T01:36:08Z,29.86764285,121.5386089,0.555,0.74
2019-08-28T01:36:09Z,29.8676441,121.5386089,0.461,353.89
2019-08-28T01:36:10Z,29.86764521,121.5386087,0.533,352.15
2019-08-28T01:36:11Z,29.86764641,121.5386084,0.498,344
2019-08-28T01:36:12Z,29.86764768,121.5386079,0.575,342.27
2019-08-28T01:36:13Z,29.8676488,121.5386075,0.412,337.96
2019-08-28T01:36:14Z,29.86764985,121.538607,0.501,336.7
2019-08-28T01:36:15Z,29.8676509,121.5386063,0.481,329.82
2019-08-28T01:36:16Z,29.86765188,121.5386058,0.433,334.46
2019-08-28T01:36:17Z,29.86765278,121.5386052,0.429,325.1
2019-08-28T01:36:18Z,29.86765371,121.5386045,0.455,328.03
2019-08-28T01:36:19Z,29.86765448,121.5386038,0.414,325.04
2019-08-28T01:36:20Z,29.86765506,121.5386032,0.394,322.7
2019-08-28T01:36:21Z,29.8676556,121.5386023,0.412,286.77
2019-08-28T01:36:22Z,29.86765593,121.5386013,0.311,292.8
2019-08-28T01:36:23Z,29.8676562,121.5386005,0.34,295.29
2019-08-28T01:36:24Z,29.86765655,121.5385996,0.275,305.65
2019-08-28T01:36:25Z,29.86765681,121.5385989,0.288,286.72
2019-08-28T01:36:26Z,29.86765711,121.5385982,0.283,301.83
2019-08-28T01:36:27Z,29.8676575,121.5385975,0.296,308.68
2019-08-28T01:36:28Z,29.86765778,121.5385969,0.235,302.14
2019-08-28T01:36:29Z,29.86765818,121.5385963,0.281,307.15
2019-08-28T01:36:30Z,29.86765848,121.5385958,0.222,126.8
2019-08-28T01:36:31Z,29.86765881,121.5385952,0.522,307.43
2019-08-28T01:36:32Z,29.86765921,121.5385946,0.235,316.33
2019-08-28T01:36:33Z,29.86765965,121.5385941,0.244,132.97
2019-08-28T01:36:34Z,29.86766015,121.5385936,0.609,319.28
2019-08-28T01:36:35Z,29.86766055,121.5385931,0.172,0
2019-08-28T01:36:36Z,29.86766101,121.5385926,0.225,139.43
2019-08-28T01:36:37Z,29.86766163,121.5385922,0.096,0
2019-08-28T01:36:38Z,29.86766215,121.5385919,0,0
2019-08-28T01:36:39Z,29.86766273,121.5385917,0,0
2019-08-28T01:36:40Z,29.86766315,121.5385916,0,0
2019-08-28T01:36:41Z,29.86766356,121.5385916,0,0
2019-08-28T01:36:42Z,29.86766396,121.5385916,0,0
2019-08-28T01:36:43Z,29.8676643,121.5385916,0,0
2019-08-28T01:36:44Z,29.86766465,121.5385917,0,0
2019-08-28T01:36:45Z,29.86766481,121.5385919,0,0
2019-08-28T01:36:46Z,29.86766496,121.5385922,0,0
2019-08-28T01:36:47Z,29.86766503,121.5385929,0,0
2019-08-28T01:36:48Z,29.86766518,121.5385936,0,0
2019-08-28T01:36:49Z,29.8676658,121.5385946,0,0
2019-08-28T01:36:50Z,29.86766638,121.5385957,0,0
2019-08-28T01:36:51Z,29.86766708,121.5385965,0,0
2019-08-28T01:36:52Z,29.86766828,121.5385975,0,0
2019-08-28T01:36:53Z,29.86766943,121.5385984,1.094,33.66
2019-08-28T01:36:54Z,29.86767091,121.5385994,0.5,22.28
2019-08-28T01:36:55Z,29.86767246,121.5386004,0.744,31.91
2019-08-28T01:36:56Z,29.8676743,121.5386014,0.922,22.12
2019-08-28T01:36:57Z,29.86767631,121.5386024,0.842,22.34
2019-08-28T01:36:58Z,29.86767856,121.5386034,1.105,20.32
2019-08-28T01:36:59Z,29.86768098,121.5386044,0.964,18.18
2019-08-28T01:37:00Z,29.86768365,121.5386054,1.268,15.63
2019-08-28T01:37:01Z,29.8676865,121.5386062,1.14,13.01
2019-08-28T01:37:02Z,29.86768945,121.5386071,1.218,16.11
2019-08-28T01:37:03Z,29.86769236,121.5386081,1.32,18.42
2019-08-28T01:37:04Z,29.86769556,121.5386091,1.394,13.62
2019-08-28T01:37:05Z,29.86769875,121.5386102,1.307,18.86
2019-08-28T01:37:06Z,29.86770195,121.5386114,1.394,16.27
2019-08-28T01:37:07Z,29.8677051,121.5386124,1.326,14.92
2019-08-28T01:37:08Z,29.86770868,121.5386127,1.581,355.39
2019-08-28T01:37:09Z,29.8677119,121.5386142,1.45,38.86
2019-08-28T01:37:10Z,29.867714,121.5386166,1.126,60.1
2019-08-28T01:37:11Z,29.86771506,121.5386193,0.927,74.4
2019-08-28T01:37:12Z,29.86771541,121.5386219,0.831,88.39
2019-08-28T01:37:13Z,29.86771553,121.5386246,0.929,92.07
2019-08-28T01:37:14Z,29.86771431,121.5386264,0.875,150.38
2019-08-28T01:37:15Z,29.86771278,121.5386278,0.677,140.36
2019-08-28T01:37:16Z,29.86771115,121.5386294,0.95,132.79
2019-08-28T01:37:17Z,29.86770931,121.5386312,0.937,139.16
2019-08-28T01:37:18Z,29.86770753,121.5386333,1.087,134.46
2019-08-28T01:37:19Z,29.86770583,121.5386356,1.026,125.3
2019-08-28T01:37:20Z,29.86770411,121.5386383,1.181,124.53
2019-08-28T01:37:21Z,29.8677028,121.5386413,1.246,118.92
2019-08-28T01:37:22Z,29.86770191,121.5386447,1.242,97.32
2019-08-28T01:37:23Z,29.86770206,121.5386489,1.666,81.71
2019-08-28T01:37:24Z,29.867701,121.5386527,1.433,132.2
2019-08-28T01:37:25Z,29.86769916,121.5386555,1.101,138.38
2019-08-28T01:37:26Z,29.86769693,121.5386571,1.005,158.04
2019-08-28T01:37:27Z,29.86769473,121.5386578,0.722,188.41
2019-08-28T01:37:28Z,29.86769308,121.5386577,0.579,180.29
2019-08-28T01:37:29Z,29.86769196,121.5386573,0.374,213.49
2019-08-28T01:37:30Z,29.86769093,121.5386567,0.513,208.61
2019-08-28T01:37:31Z,29.86769041,121.5386562,0.22,262.78
2019-08-28T01:37:32Z,29.8676898,121.5386558,0.311,185.65
2019-08-28T01:37:33Z,29.86768975,121.5386552,0.451,300.12
2019-08-28T01:37:34Z,29.86768933,121.5386545,0.448,206.02
2019-08-28T01:37:35Z,29.86768915,121.5386537,0.344,281.74
2019-08-28T01:37:36Z,29.86768846,121.5386528,0.59,211.8
2019-08-28T01:37:37Z,29.8676872,121.5386525,0.74,172.35
2019-08-28T01:37:38Z,29.86768531,121.5386528,0.901,168.05
2019-08-28T01:37:39Z,29.86768256,121.538653,1.181,180.49
2019-08-28T01:37:40Z,29.86767983,121.5386541,1.2,147.96
2019-08-28T01:37:41Z,29.86767746,121.5386566,1.505,125.07
2019-08-28T01:37:42Z,29.86767508,121.5386606,1.827,120.68
2019-08-28T01:37:43Z,29.8676719,121.5386631,1.57,171.21
2019-08-28T01:37:44Z,29.86766901,121.538664,1.12,175.73
2019-08-28T01:37:45Z,29.86766621,121.538664,1.094,189.24
2019-08-28T01:37:46Z,29.86766468,121.538663,0.559,246.57
2019-08-28T01:37:47Z,29.86766366,121.5386621,0.511,200.53
2019-08-28T01:37:48Z,29.86766285,121.5386613,0.424,225.9
2019-08-28T01:37:49Z,29.86766235,121.5386606,0.229,227.01
2019-08-28T01:37:50Z,29.86766206,121.5386599,0.237,242.31
2019-08-28T01:37:51Z,29.86766225,121.5386594,0.251,312.07
2019-08-28T01:37:52Z,29.86766243,121.5386588,0.205,270.24
2019-08-28T01:37:53Z,29.8676628,121.5386586,0.172,0
2019-08-28T01:37:54Z,29.86766316,121.5386578,0.622,300.79
2019-08-28T01:37:55Z,29.86766226,121.5386572,0.844,184.68
2019-08-28T01:37:56Z,29.86766051,121.5386575,1.02,161.01
2019-08-28T01:37:57Z,29.8676574,121.5386583,1.483,172.24
2019-08-28T01:37:58Z,29.86765301,121.5386593,2.011,168.03
2019-08-28T01:37:59Z,29.86764813,121.538661,2.159,158.6
2019-08-28T01:38:00Z,29.86764383,121.5386655,2.587,122.26
2019-08-28T01:38:01Z,29.86764111,121.5386723,2.67,106.26
2019-08-28T01:38:02Z,29.86763673,121.5386748,2.529,192.87
2019-08-28T01:38:03Z,29.86763325,121.5386742,1.003,220.39
2019-08-28T01:38:04Z,29.86763131,121.5386723,0.744,235.68
2019-08-28T01:38:05Z,29.8676315,121.5386699,0.981,303.58
2019-08-28T01:38:06Z,29.86763136,121.5386677,0.777,241.04
2019-08-28T01:38:07Z,29.86763061,121.5386661,0.648,215.14
2019-08-28T01:38:08Z,29.86762991,121.5386647,0.54,230.81
2019-08-28T01:38:09Z,29.86762816,121.5386641,0.835,183.28
2019-08-28T01:38:10Z,29.86762585,121.5386641,1.018,176.54
2019-08-28T01:38:11Z,29.86762293,121.5386648,1.34,163.83
2019-08-28T01:38:12Z,29.86762015,121.538667,1.47,131.36
2019-08-28T01:38:13Z,29.86761721,121.5386699,1.583,139.37
2019-08-28T01:38:14Z,29.8676143,121.5386711,1.233,188.24
2019-08-28T01:38:15Z,29.8676118,121.5386713,0.798,185.47
2019-08-28T01:38:16Z,29.86760991,121.5386707,0.651,203.16
2019-08-28T01:38:17Z,29.86760871,121.5386698,0.525,225.76
2019-08-28T01:38:18Z,29.86760745,121.5386687,0.709,211.32
2019-08-28T01:38:19Z,29.86760673,121.5386676,0.448,251.12
2019-08-28T01:38:20Z,29.86760605,121.5386665,0.516,227.05
2019-08-28T01:38:21Z,29.86760541,121.5386654,0.514,236.56
2019-08-28T01:38:22Z,29.867605,121.5386645,0.453,241.85
2019-08-28T01:38:23Z,29.8676045,121.5386634,0.555,246.34
2019-08-28T01:38:24Z,29.86760433,121.5386625,0.275,260.71
2019-08-28T01:38:25Z,29.86760391,121.5386616,0.388,237.22
2019-08-28T01:38:26Z,29.86760376,121.5386607,0.344,271.82
2019-08-28T01:38:27Z,29.86760375,121.53866,0.229,233.27
2019-08-28T01:38:28Z,29.86760356,121.5386591,0.435,267.79
2019-08-28T01:38:29Z,29.86760353,121.5386582,0.3,265.05
2019-08-28T01:38:30Z,29.86760331,121.5386573,0.375,251.98
2019-08-28T01:38:31Z,29.86760305,121.538656,0.54,264.46
2019-08-28T01:38:32Z,29.86760295,121.5386545,0.542,277.3
2019-08-28T01:38:33Z,29.86760283,121.5386528,0.648,265.17
2019-08-28T01:38:34Z,29.86760265,121.538651,0.688,261.93
2019-08-28T01:38:35Z,29.86760241,121.5386492,0.564,269.47
2019-08-28T01:38:36Z,29.86760216,121.5386473,0.779,263.52
2019-08-28T01:38:37Z,29.86760185,121.5386454,0.633,259.83
2019-08-28T01:38:38Z,29.8676016,121.5386434,0.725,268.41
2019-08-28T01:38:39Z,29.86760173,121.5386411,0.885,281.77
2019-08-28T01:38:40Z,29.86760266,121.538639,0.959,312.6
2019-08-28T01:38:41Z,29.86760435,121.538637,1.253,323.71
2019-08-28T01:38:42Z,29.86760548,121.538635,0.674,272.94
2019-08-28T01:38:43Z,29.86760596,121.5386332,0.609,284.96
2019-08-28T01:38:44Z,29.86760606,121.5386315,0.637,273.05
2019-08-28T01:38:45Z,29.86760603,121.5386302,0.414,270.39
2019-08-28T01:38:46Z,29.86760583,121.5386291,0.438,261.6
2019-08-28T01:38:47Z,29.86760555,121.5386285,0.175,0
2019-08-28T01:38:48Z,29.86760523,121.538628,0.225,242.93
2019-08-28T01:38:49Z,29.86760455,121.5386276,0.388,195.66
2019-08-28T01:38:50Z,29.86760366,121.5386278,0.407,147.41
2019-08-28T01:38:51Z,29.86760243,121.5386285,0.65,147
2019-08-28T01:38:52Z,29.86760118,121.5386301,0.926,121.84
2019-08-28T01:38:53Z,29.86760006,121.5386322,0.796,114.56
2019-08-28T01:38:54Z,29.86759953,121.5386352,1.144,103.16
2019-08-28T01:38:55Z,29.86759856,121.5386378,0.881,117.7
2019-08-28T01:38:56Z,29.86759745,121.5386399,0.772,129.18
2019-08-28T01:38:57Z,29.86759616,121.5386413,0.611,150.14
2019-08-28T01:38:58Z,29.86759503,121.5386421,0.379,146.98
2019-08-28T01:38:59Z,29.86759403,121.5386425,0.387,164.71
2019-08-28T01:39:00Z,29.86759323,121.5386429,0.3,147.2
2019-08-28T01:39:01Z,29.86759253,121.5386431,0.242,335.52
2019-08-28T01:39:02Z,29.86759186,121.5386432,0.57,173.67
2019-08-28T01:39:03Z,29.86759106,121.5386432,0.262,189.82
2019-08-28T01:39:04Z,29.86759038,121.5386433,0.253,5.05
2019-08-28T01:39:05Z,29.8675899,121.5386437,0.1,0
2019-08-28T01:39:06Z,29.86758918,121.5386443,0.542,147.3
2019-08-28T01:39:07Z,29.8675886,121.538645,0.301,104.04
2019-08-28T01:39:08Z,29.86758805,121.5386458,0.305,128.71
2019-08-28T01:39:09Z,29.86758778,121.5386466,0.381,107.45
2019-08-28T01:39:10Z,29.86758713,121.5386477,0.414,120.3
2019-08-28T01:39:11Z,29.86758661,121.5386486,0.4,122.82
2019-08-28T01:39:12Z,29.86758628,121.5386494,0.357,108.61
2019-08-28T01:39:13Z,29.86758563,121.5386503,0.357,132.66
2019-08-28T01:39:14Z,29.86758526,121.538651,0.275,106.98
2019-08-28T01:39:15Z,29.86758471,121.5386517,0.37,141.28
2019-08-28T01:39:16Z,29.86758433,121.5386522,0.257,314.79
2019-08-28T01:39:17Z,29.86758378,121.5386527,0.1,0
2019-08-28T01:39:18Z,29.86758331,121.538653,0,0
2019-08-28T01:39:19Z,29.86758271,121.5386534,0,0
2019-08-28T01:39:20Z,29.86758218,121.5386538,0,0
2019-08-28T01:39:21Z,29.86758191,121.5386541,0,0
2019-08-28T01:39:22Z,29.86758143,121.5386545,0,0
2019-08-28T01:39:23Z,29.8675807,121.5386549,0,0
2019-08-28T01:39:24Z,29.86757973,121.5386552,0,0
2019-08-28T01:39:25Z,29.8675789,121.5386556,0,0
2019-08-28T01:39:26Z,29.867578,121.5386558,0,0
2019-08-28T01:39:27Z,29.86757745,121.5386557,0,0
2019-08-28T01:39:28Z,29.86757681,121.5386556,0,0
2019-08-28T01:39:29Z,29.86757645,121.5386554,0,0
2019-08-28T01:39:30Z,29.86757616,121.5386552,0,0
2019-08-28T01:39:31Z,29.86757591,121.538655,0,0
2019-08-28T01:39:32Z,29.86757566,121.5386548,0,0
2019-08-28T01:39:33Z,29.86757556,121.5386547,0,0
2019-08-28T01:39:34Z,29.86757555,121.5386544,0,0
2019-08-28T01:39:35Z,29.86757541,121.5386539,0,0
2019-08-28T01:39:36Z,29.86757541,121.5386532,0,0
2019-08-28T01:39:37Z,29.86757528,121.5386524,0,0
2019-08-28T01:39:38Z,29.86757535,121.5386518,0,0
2019-08-28T01:39:39Z,29.86757528,121.538651,0,0
2019-08-28T01:39:40Z,29.86757521,121.5386503,0,0
2019-08-28T01:39:41Z,29.86757501,121.5386496,0,0
2019-08-28T01:39:42Z,29.86757485,121.538649,0,0
2019-08-28T01:39:43Z,29.86757471,121.5386483,0,0
2019-08-28T01:39:44Z,29.86757456,121.5386476,0,0
2019-08-28T01:39:45Z,29.86757445,121.5386466,0,0
2019-08-28T01:39:46Z,29.86757456,121.5386454,0,0
2019-08-28T01:39:47Z,29.86757491,121.538644,0,0
2019-08-28T01:39:48Z,29.86757523,121.5386424,1.046,287.68
2019-08-28T01:39:49Z,29.86757598,121.5386406,0.687,307.32
2019-08-28T01:39:50Z,29.86757693,121.5386383,0.955,294.33
2019-08-28T01:39:51Z,29.8675778,121.5386359,0.879,291.4
2019-08-28T01:39:52Z,29.86757885,121.5386333,1.135,298.06
2019-08-28T01:39:53Z,29.86758128,121.538631,1.505,332.55
2019-08-28T01:39:54Z,29.86758296,121.5386281,1.257,283.75
2019-08-28T01:39:55Z,29.86758318,121.5386254,0.848,251.68
2019-08-28T01:39:56Z,29.867583,121.5386233,0.609,264.92
2019-08-28T01:39:57Z,29.86758238,121.5386218,0.516,239.86
2019-08-28T01:39:58Z,29.86758161,121.538621,0.405,202.28
2019-08-28T01:39:59Z,29.86758095,121.5386204,0.461,238.8
2019-08-28T01:40:00Z,29.86758016,121.5386195,0.64,225.14
2019-08-28T01:40:01Z,29.86757963,121.5386194,0.337,93.18
2019-08-28T01:40:02Z,29.867579,121.538619,0.422,229.78
2019-08-28T01:40:03Z,29.86757895,121.5386198,0.248,41.66
2019-08-28T01:40:04Z,29.8675782,121.5386198,0.713,186.5
2019-08-28T01:40:05Z,29.86757775,121.5386208,0.711,79.01
2019-08-28T01:40:06Z,29.86757781,121.5386217,0.235,66.67
2019-08-28T01:40:07Z,29.86757755,121.5386234,0.84,99.74
2019-08-28T01:40:08Z,29.86757851,121.5386251,1.014,39.92
2019-08-28T01:40:09Z,29.86757906,121.5386274,1.576,79.64
2019-08-28T01:40:10Z,29.86757913,121.5386292,0.829,115.99
2019-08-28T01:40:11Z,29.8675793,121.5386309,0.666,71.28
2019-08-28T01:40:12Z,29.867579,121.5386326,0.744,116.88
2019-08-28T01:40:13Z,29.86757866,121.5386336,0.953,123.73
2019-08-28T01:40:14Z,29.86757861,121.5386354,0.968,71.45
2019-08-28T01:40:15Z,29.86757836,121.5386374,1.157,116.93
2019-08-28T01:40:16Z,29.86757776,121.538639,0.944,124.34
2019-08-28T01:40:17Z,29.86757795,121.5386408,0.814,65.87
2019-08-28T01:40:18Z,29.86757766,121.5386423,0.542,130.99
2019-08-28T01:40:19Z,29.86757708,121.5386435,0.424,128.13
2019-08-28T01:40:20Z,29.86757668,121.5386443,0.262,93.4
2019-08-28T01:40:21Z,29.86757616,121.5386448,0.235,289.96
2019-08-28T01:40:22Z,29.86757575,121.5386449,0.116,0
2019-08-28T01:40:23Z,29.86757551,121.5386447,0,0
2019-08-28T01:40:24Z,29.86757508,121.5386446,0,0
2019-08-28T01:40:25Z,29.86757475,121.538645,0,0
2019-08-28T01:40:26Z,29.86757485,121.5386467,1.074,82.07
2019-08-28T01:40:27Z,29.86757578,121.5386496,1.301,62.83
2019-08-28T01:40:28Z,29.8675762,121.5386536,1.514,94.45
2019-08-28T01:40:29Z,29.86757575,121.5386568,0.896,115.32
2019-08-28T01:40:30Z,29.86757461,121.538659,0.807,128.97
2019-08-28T01:40:31Z,29.8675734,121.5386607,0.65,108.49
2019-08-28T01:40:32Z,29.86757231,121.5386614,0.525,300.56
2019-08-28T01:40:33Z,29.8675713,121.5386619,0.972,148.19
2019-08-28T01:40:34Z,29.86757073,121.538662,0.496,336.93
2019-08-28T01:40:35Z,29.86757013,121.5386619,0.148,0
2019-08-28T01:40:36Z,29.86756971,121.5386617,0,0
2019-08-28T01:40:37Z,29.86756911,121.5386616,0.544,180.77
2019-08-28T01:40:38Z,29.86756861,121.5386621,0.351,0.77
2019-08-28T01:40:39Z,29.86756818,121.5386617,0.103,0
2019-08-28T01:40:40Z,29.86756778,121.5386622,0,0
2019-08-28T01:40:41Z,29.86756718,121.5386622,0,0
2019-08-28T01:40:42Z,29.86756656,121.5386625,0,0
2019-08-28T01:40:43Z,29.8675661,121.5386629,0,0
2019-08-28T01:40:44Z,29.86756548,121.5386633,0,0
2019-08-28T01:40:45Z,29.86756476,121.538664,0,0
2019-08-28T01:40:46Z,29.8675641,121.5386645,0,0
2019-08-28T01:40:47Z,29.8675636,121.5386649,0,0
2019-08-28T01:40:48Z,29.86756335,121.5386649,0,0
2019-08-28T01:40:49Z,29.86756305,121.5386651,0,0
2019-08-28T01:40:50Z,29.86756305,121.5386655,0,0
2019-08-28T01:40:51Z,29.86756293,121.5386658,0,0
2019-08-28T01:40:52Z,29.86756301,121.538666,0,0
2019-08-28T01:40:53Z,29.8675628,121.538666,0,0
2019-08-28T01:40:54Z,29.86756315,121.538666,0,0
2019-08-28T01:40:55Z,29.86756316,121.5386661,0,0
2019-08-28T01:40:56Z,29.86756348,121.5386658,0,0
2019-08-28T01:40:57Z,29.86756378,121.5386658,0,0
2019-08-28T01:40:58Z,29.867564,121.5386657,0,0
2019-08-28T01:40:59Z,29.86756423,121.5386656,0,0
2019-08-28T01:41:00Z,29.86756435,121.5386656,0,0
2019-08-28T01:41:01Z,29.86756403,121.5386655,0,0
2019-08-28T01:41:02Z,29.86756343,121.5386651,0,0
2019-08-28T01:41:03Z,29.86756265,121.5386644,0,0
2019-08-28T01:41:04Z,29.8675611,121.5386639,1.263,205.48
2019-08-28T01:41:05Z,29.86755921,121.538663,0.716,207.87
2019-08-28T01:41:06Z,29.86755673,121.5386618,1.253,204.32
2019-08-28T01:41:07Z,29.86755423,121.5386601,1.35,215.77
2019-08-28T01:41:08Z,29.86755206,121.5386577,1.313,232.23
2019-08-28T01:41:09Z,29.8675497,121.5386547,1.57,222.19
2019-08-28T01:41:10Z,29.86754788,121.538651,1.505,252.08
2019-08-28T01:41:11Z,29.86754755,121.5386471,1.331,284.79
2019-08-28T01:41:12Z,29.8675485,121.5386439,0.976,308.72
2019-08-28T01:41:13Z,29.86755051,121.5386413,1.155,322.26
2019-08-28T01:41:14Z,29.8675524,121.538639,0.955,310.32
2019-08-28T01:41:15Z,29.8675549,121.5386374,1.405,343.04
2019-08-28T01:41:16Z,29.86755791,121.5386373,1.559,19.73
2019-08-28T01:41:17Z,29.86756105,121.5386374,1.231,356.33
2019-08-28T01:41:18Z,29.86756433,121.5386381,1.614,19.68
2019-08-28T01:41:19Z,29.86756728,121.5386386,1.138,7.22
2019-08-28T01:41:20Z,29.86757021,121.5386391,1.342,14.49
2019-08-28T01:41:21Z,29.86757296,121.5386395,1.24,8.4
2019-08-28T01:41:22Z,29.867576,121.5386402,1.55,17.58
2019-08-28T01:41:23Z,29.86757913,121.5386405,1.283,359.62
2019-08-28T01:41:24Z,29.86758253,121.5386409,1.664,13.43
2019-08-28T01:41:25Z,29.86758641,121.538641,1.814,359.32
2019-08-28T01:41:26Z,29.867591,121.5386414,2.211,11.45
2019-08-28T01:41:27Z,29.8675957,121.5386428,2.014,24.65
2019-08-28T01:41:28Z,29.8676004,121.5386445,2.102,17.55
2019-08-28T01:41:29Z,29.86760481,121.5386462,1.881,18.91
2019-08-28T01:41:30Z,29.86760898,121.5386478,1.84,17.88
2019-08-28T01:41:31Z,29.86761286,121.5386494,1.753,22.9
2019-08-28T01:41:32Z,29.86761678,121.5386509,1.731,18.42
2019-08-28T01:41:33Z,29.86762048,121.5386525,1.692,18.93
2019-08-28T01:41:34Z,29.8676242,121.5386541,1.681,24.6
2019-08-28T01:41:35Z,29.86762781,121.5386557,1.583,19.93
2019-08-28T01:41:36Z,29.86763118,121.5386572,1.379,21.18
2019-08-28T01:41:37Z,29.86763463,121.5386588,1.713,22.77
2019-08-28T01:41:38Z,29.86763776,121.5386604,1.311,21.68
2019-08-28T01:41:39Z,29.86764081,121.538662,1.44,23.39
2019-08-28T01:41:40Z,29.86764386,121.5386638,1.511,25.19
2019-08-28T01:41:41Z,29.86764678,121.5386654,1.466,19.54
2019-08-28T01:41:42Z,29.86764995,121.5386672,1.614,24.63
2019-08-28T01:41:43Z,29.86765333,121.5386693,1.783,28.37
2019-08-28T01:41:44Z,29.8676566,121.5386716,1.576,28.35
2019-08-28T01:41:45Z,29.86765995,121.538674,1.664,31.83
2019-08-28T01:41:46Z,29.86766301,121.5386765,1.476,33.82
2019-08-28T01:41:47Z,29.86766585,121.5386791,1.546,36.46
2019-08-28T01:41:48Z,29.86766868,121.5386816,1.431,32.39
2019-08-28T01:41:49Z,29.86767108,121.5386838,1.253,32.99
2019-08-28T01:41:50Z,29.86767368,121.5386857,1.283,27.3
2019-08-28T01:41:51Z,29.86767606,121.5386874,1.127,25.52
2019-08-28T01:41:52Z,29.86767843,121.5386887,1.233,21.83
2019-08-28T01:41:53Z,29.86768101,121.5386896,1.101,16.7
2019-08-28T01:41:54Z,29.86768348,121.5386903,1.055,16.18
2019-08-28T01:41:55Z,29.86768598,121.5386907,1.009,9.35
2019-08-28T01:41:56Z,29.86768826,121.538691,0.996,11.84
2019-08-28T01:41:57Z,29.86769096,121.5386911,1.003,11.06
2019-08-28T01:41:58Z,29.86769331,121.5386914,1.059,10.64
2019-08-28T01:41:59Z,29.86769578,121.5386917,0.948,12.12
2019-08-28T01:42:00Z,29.86769826,121.5386918,1.057,10.16
2019-08-28T01:42:01Z,29.86770043,121.5386918,0.927,12.57
2019-08-28T01:42:02Z,29.86770275,121.5386922,1.085,15.14
2019-08-28T01:42:03Z,29.86770446,121.5386924,0.761,24.03
2019-08-28T01:42:04Z,29.86770658,121.538693,1.107,10.66
2019-08-28T01:42:05Z,29.86770865,121.5386941,0.946,16.45
2019-08-28T01:42:06Z,29.86771073,121.5386954,1.05,20.33
2019-08-28T01:42:07Z,29.86771303,121.5386968,1.059,24.16
2019-08-28T01:42:08Z,29.86771531,121.5386982,1.133,23.66
2019-08-28T01:42:09Z,29.86771751,121.5386998,1.231,29.67
2019-08-28T01:42:10Z,29.8677198,121.5387018,1.129,32.27
2019-08-28T01:42:11Z,29.86772166,121.5387037,1.101,33.84
2019-08-28T01:42:12Z,29.8677237,121.5387059,1.19,37.69
2019-08-28T01:42:13Z,29.867726,121.538708,1.251,32.47
2019-08-28T01:42:14Z,29.86772891,121.5387101,1.296,41.45
2019-08-28T01:42:15Z,29.86773166,121.5387123,1.448,36.67
2019-08-28T01:42:16Z,29.86773428,121.5387147,1.324,43.38
2019-08-28T01:42:17Z,29.86773655,121.5387172,1.453,41.67
2019-08-28T01:42:18Z,29.86773945,121.53872,1.385,44.08
2019-08-28T01:42:19Z,29.86774226,121.5387227,1.266,45.39
2019-08-28T01:42:20Z,29.8677453,121.538725,1.318,37.97
2019-08-28T01:42:21Z,29.86774828,121.5387271,1.22,44.04
2019-08-28T01:42:22Z,29.86775126,121.5387287,1.083,37.38
2019-08-28T01:42:23Z,29.86775428,121.5387306,1.224,29.27
2019-08-28T01:42:24Z,29.86775691,121.5387323,0.985,33.8
2019-08-28T01:42:25Z,29.86775923,121.538734,1.151,30.42
2019-08-28T01:42:26Z,29.86776118,121.5387355,0.979,39.43
2019-08-28T01:42:27Z,29.86776301,121.5387371,0.942,25.07
2019-08-28T01:42:28Z,29.86776483,121.5387388,1.057,35.57
2019-08-28T01:42:29Z,29.86776688,121.5387401,1.035,13.81
2019-08-28T01:42:30Z,29.86776951,121.5387411,1.389,2.5
2019-08-28T01:42:31Z,29.86777238,121.5387421,1.485,11.6
2019-08-28T01:42:32Z,29.86777596,121.538742,1.648,346.05
2019-08-28T01:42:33Z,29.86777998,121.538742,1.676,4.14
2019-08-28T01:42:34Z,29.86778423,121.5387419,1.629,1.34
2019-08-28T01:42:35Z,29.8677886,121.5387419,1.966,4.94
2019-08-28T01:42:36Z,29.8677931,121.5387425,1.742,12.37
2019-08-28T01:42:37Z,29.86779786,121.5387434,2.076,3.89
2019-08-28T01:42:38Z,29.86780256,121.5387442,1.835,9.23
2019-08-28T01:42:39Z,29.86780725,121.5387452,1.824,9.63
2019-08-28T01:42:40Z,29.86781136,121.5387463,1.653,18.93
2019-08-28T01:42:41Z,29.86781545,121.5387476,1.663,19.4
2019-08-28T01:42:42Z,29.86781943,121.5387488,1.598,16.6
2019-08-28T01:42:43Z,29.86782303,121.5387503,1.559,31.46
2019-08-28T01:42:44Z,29.86782653,121.538752,1.529,26.45
2019-08-28T01:42:45Z,29.86782985,121.5387539,1.513,32.8
2019-08-28T01:42:46Z,29.86783315,121.5387562,1.663,29.89
2019-08-28T01:42:47Z,29.86783683,121.5387585,1.79,26.73
2019-08-28T01:42:48Z,29.8678407,121.5387605,1.727,18.87
2019-08-28T01:42:49Z,29.86784506,121.5387621,1.97,20.34
2019-08-28T01:42:50Z,29.86784985,121.5387638,1.922,19.63
2019-08-28T01:42:51Z,29.86785455,121.5387652,1.833,11.16
2019-08-28T01:42:52Z,29.86785941,121.5387666,2.055,14.76
2019-08-28T01:42:53Z,29.86786433,121.5387684,1.976,13.67
2019-08-28T01:42:54Z,29.86786928,121.5387694,2.052,4.23
2019-08-28T01:42:55Z,29.86787456,121.5387704,2.05,12.33
2019-08-28T01:42:56Z,29.86787941,121.5387713,1.779,9.62
2019-08-28T01:42:57Z,29.8678837,121.5387731,1.9,23.06
2019-08-28T01:42:58Z,29.86788728,121.5387758,1.509,36.39
2019-08-28T01:42:59Z,29.86789006,121.5387784,1.698,38.47
2019-08-28T01:43:00Z,29.86789243,121.5387811,1.516,47.49
2019-08-28T01:43:01Z,29.86789451,121.5387841,1.489,51.21
2019-08-28T01:43:02Z,29.86789615,121.5387871,1.598,55.79
2019-08-28T01:43:03Z,29.86789763,121.53879,1.357,61.14
2019-08-28T01:43:04Z,29.86789803,121.5387941,1.396,85.44
2019-08-28T01:43:05Z,29.8678992,121.5387977,1.611,55.4
2019-08-28T01:43:06Z,29.86790126,121.5388001,1.268,32.77
2019-08-28T01:43:07Z,29.867904,121.5388012,1.376,8.07
2019-08-28T01:43:08Z,29.86790691,121.5388022,1.45,22.88
2019-08-28T01:43:09Z,29.86791001,121.5388032,1.235,9.04
2019-08-28T01:43:10Z,29.86791153,121.5388043,0.22,0
2019-08-28T01:43:11Z,29.86791155,121.5388047,0.357,181.34
2019-08-28T01:43:12Z,29.86791113,121.5388051,0.227,7.53
2019-08-28T01:43:13Z,29.86791083,121.5388058,0,0
2019-08-28T01:43:14Z,29.86791086,121.5388061,0,0
2019-08-28T01:43:15Z,29.8679111,121.5388059,0,0
2019-08-28T01:43:16Z,29.86791085,121.5388059,0,0
2019-08-28T01:43:17Z,29.86791103,121.5388059,0,0
2019-08-28T01:43:18Z,29.86791106,121.538806,0,0
2019-08-28T01:43:19Z,29.86791108,121.538806,0,0
2019-08-28T01:43:20Z,29.86791108,121.5388061,0,0
2019-08-28T01:43:21Z,29.86791111,121.5388061,0,0
2019-08-28T01:43:22Z,29.86791095,121.5388062,0,0
2019-08-28T01:43:23Z,29.86791101,121.5388062,0,0
2019-08-28T01:43:24Z,29.86791105,121.5388061,0,0
2019-08-28T01:43:25Z,29.86791103,121.5388061,0,0
2019-08-28T01:43:26Z,29.86791088,121.5388061,0,0
2019-08-28T01:43:27Z,29.86791101,121.538806,0,0
2019-08-28T01:43:28Z,29.86791095,121.5388063,0,0
2019-08-28T01:43:29Z,29.8679106,121.5388068,0,0
2019-08-28T01:43:30Z,29.86791035,121.5388067,0,0
2019-08-28T01:43:31Z,29.86790993,121.5388065,0,0
2019-08-28T01:43:32Z,29.86790978,121.5388065,0,0
2019-08-28T01:43:33Z,29.8679098,121.5388062,0,0
2019-08-28T01:43:34Z,29.86791008,121.5388057,0,0
2019-08-28T01:43:35Z,29.86791016,121.5388054,0,0
2019-08-28T01:43:36Z,29.86791035,121.5388053,0,0
2019-08-28T01:43:37Z,29.86791035,121.5388053,0,0
2019-08-28T01:43:38Z,29.86791036,121.5388052,0,0
2019-08-28T01:43:39Z,29.86791055,121.5388049,0,0
2019-08-28T01:43:40Z,29.86791065,121.5388047,0,0
2019-08-28T01:43:41Z,29.86791083,121.5388045,0,0
2019-08-28T01:43:42Z,29.86791113,121.5388042,0,0
2019-08-28T01:43:43Z,29.86791113,121.5388041,0,0
2019-08-28T01:43:44Z,29.8679112,121.5388039,0,0
2019-08-28T01:43:45Z,29.8679113,121.5388038,0,0
2019-08-28T01:43:46Z,29.86791118,121.5388036,0,0
2019-08-28T01:43:47Z,29.8679113,121.5388035,0,0
2019-08-28T01:43:48Z,29.86791196,121.5388037,0,0
2019-08-28T01:43:49Z,29.8679126,121.5388039,0,0
2019-08-28T01:43:50Z,29.86791343,121.5388041,0,0
2019-08-28T01:43:51Z,29.867914,121.538804,0,0
2019-08-28T01:43:52Z,29.86791428,121.538804,0,0
2019-08-28T01:43:53Z,29.86791431,121.5388041,0,0
2019-08-28T01:43:54Z,29.86791436,121.538804,0,0
2019-08-28T01:43:55Z,29.86791435,121.5388034,0,0
2019-08-28T01:43:56Z,29.86791433,121.5388028,0,0
2019-08-28T01:43:57Z,29.86791435,121.5388027,0,0
2019-08-28T01:43:58Z,29.8679144,121.5388025,0,0
2019-08-28T01:43:59Z,29.86791446,121.5388022,1.435,128.17
2019-08-28T01:44:00Z,29.86791461,121.538802,0.927,308.17
2019-08-28T01:44:01Z,29.86791491,121.538802,0.275,128.17
2019-08-28T01:44:02Z,29.86791515,121.538802,0.827,117.62
2019-08-28T01:44:03Z,29.86791535,121.5388019,0.535,297.62
2019-08-28T01:44:04Z,29.86791563,121.5388019,0.159,0
2019-08-28T01:44:05Z,29.86791585,121.5388018,0,0
2019-08-28T01:44:06Z,29.86791573,121.5388016,0,0
2019-08-28T01:44:07Z,29.86791576,121.5388016,0,0
2019-08-28T01:44:08Z,29.86791556,121.5388015,0,0
2019-08-28T01:44:09Z,29.86791515,121.5388012,0,0
2019-08-28T01:44:10Z,29.86791525,121.538801,0,0
2019-08-28T01:44:11Z,29.86791535,121.5388007,0,0
2019-08-28T01:44:12Z,29.86791528,121.5388002,0,0
2019-08-28T01:44:13Z,29.86791505,121.5387996,0,0
2019-08-28T01:44:14Z,29.867915,121.5387993,0,0
2019-08-28T01:44:15Z,29.86791496,121.5387991,0,0
2019-08-28T01:44:16Z,29.867915,121.538799,0,0
2019-08-28T01:44:17Z,29.86791511,121.5387989,0,0
2019-08-28T01:44:18Z,29.86791513,121.5387989,0,0
2019-08-28T01:44:19Z,29.86791515,121.538799,0,0
2019-08-28T01:44:20Z,29.86791521,121.5387989,0,0
2019-08-28T01:44:21Z,29.86791516,121.5387987,0,0
2019-08-28T01:44:22Z,29.86791518,121.5387987,0,0
2019-08-28T01:44:23Z,29.86791531,121.5387988,0,0
2019-08-28T01:44:24Z,29.86791548,121.5387988,0,0
2019-08-28T01:44:25Z,29.86791568,121.5387988,0,0
2019-08-28T01:44:26Z,29.86791596,121.5387989,0,0
2019-08-28T01:44:27Z,29.86791625,121.5387991,0,0
2019-08-28T01:44:28Z,29.8679165,121.5387993,0,0
2019-08-28T01:44:29Z,29.86791666,121.5387995,0,0
2019-08-28T01:44:30Z,29.86791673,121.5387996,0,0
2019-08-28T01:44:31Z,29.86791671,121.5387998,0,0
2019-08-28T01:44:32Z,29.8679167,121.5387999,0,0
2019-08-28T01:44:33Z,29.86791665,121.5388001,0,0
2019-08-28T01:44:34Z,29.8679166,121.5388003,0,0
2019-08-28T01:44:35Z,29.86791655,121.5388004,0,0
2019-08-28T01:44:36Z,29.86791655,121.5388005,0,0
2019-08-28T01:44:37Z,29.8679165,121.5388006,0,0
2019-08-28T01:44:38Z,29.86791646,121.5388007,0,0
2019-08-28T01:44:39Z,29.86791643,121.5388008,0,0
2019-08-28T01:44:40Z,29.86791648,121.5388008,0,0
2019-08-28T01:44:41Z,29.86791663,121.5388008,0,0
2019-08-28T01:44:42Z,29.8679167,121.5388009,0,0
2019-08-28T01:44:43Z,29.86791655,121.538801,0,0
2019-08-28T01:44:44Z,29.86791645,121.5388011,0,0
2019-08-28T01:44:45Z,29.86791615,121.5388013,0,0
2019-08-28T01:44:46Z,29.86791585,121.5388014,0,0
2019-08-28T01:44:47Z,29.86791583,121.5388017,0,0
2019-08-28T01:44:48Z,29.86791595,121.5388019,0,0
2019-08-28T01:44:49Z,29.8679161,121.5388019,0,0
2019-08-28T01:44:50Z,29.86791638,121.538802,0,0
2019-08-28T01:44:51Z,29.86791648,121.5388022,0,0
2019-08-28T01:44:52Z,29.86791676,121.5388023,0,0
2019-08-28T01:44:53Z,29.8679169,121.5388024,0,0
2019-08-28T01:44:54Z,29.86791701,121.5388025,0,0
2019-08-28T01:44:55Z,29.86791748,121.5388027,0,0
2019-08-28T01:44:56Z,29.86791766,121.5388028,0,0
2019-08-28T01:44:57Z,29.86791768,121.5388028,0,0
2019-08-28T01:44:58Z,29.86791763,121.5388027,0,0
2019-08-28T01:44:59Z,29.8679176,121.5388028,0,0
2019-08-28T01:45:00Z,29.86791753,121.5388028,0,0
2019-08-28T01:45:01Z,29.86791728,121.5388028,0,0
2019-08-28T01:45:02Z,29.86791698,121.5388029,0,0
2019-08-28T01:45:03Z,29.8679167,121.5388029,0,0
2019-08-28T01:45:04Z,29.86791651,121.5388029,0,0
2019-08-28T01:45:05Z,29.86791635,121.5388029,0,0
2019-08-28T01:45:06Z,29.86791616,121.5388029,0,0
2019-08-28T01:45:07Z,29.867916,121.5388029,0,0
2019-08-28T01:45:08Z,29.86791588,121.5388029,0,0
2019-08-28T01:45:09Z,29.86791576,121.5388029,0,0
2019-08-28T01:45:10Z,29.86791596,121.5388029,0,0
2019-08-28T01:45:11Z,29.86791595,121.538803,0,0
2019-08-28T01:45:12Z,29.86791581,121.538803,0,0
2019-08-28T01:45:13Z,29.86791576,121.5388031,0,0
2019-08-28T01:45:14Z,29.86791571,121.5388032,0,0
2019-08-28T01:45:15Z,29.86791566,121.5388033,0,0
2019-08-28T01:45:16Z,29.8679157,121.5388035,0,0
2019-08-28T01:45:17Z,29.86791578,121.5388036,0,0
2019-08-28T01:45:18Z,29.86791573,121.5388038,0,0
2019-08-28T01:45:19Z,29.86791565,121.5388039,0,0
2019-08-28T01:45:20Z,29.8679157,121.538804,0,0
2019-08-28T01:45:21Z,29.8679156,121.5388041,0,0
2019-08-28T01:45:22Z,29.86791545,121.5388042,0,0
2019-08-28T01:45:23Z,29.86791546,121.5388042,0,0
2019-08-28T01:45:24Z,29.86791523,121.5388042,0,0
2019-08-28T01:45:25Z,29.86791531,121.5388043,0,0
2019-08-28T01:45:26Z,29.86791528,121.5388044,0,0
2019-08-28T01:45:27Z,29.86791535,121.5388044,0,0
2019-08-28T01:45:28Z,29.86791568,121.5388045,0,0
2019-08-28T01:45:29Z,29.86791583,121.5388046,0,0
2019-08-28T01:45:30Z,29.86791571,121.5388046,0,0
2019-08-28T01:45:31Z,29.86791575,121.5388048,0,0
2019-08-28T01:45:32Z,29.86791561,121.5388049,0,0
2019-08-28T01:45:33Z,29.86791568,121.5388049,0,0
2019-08-28T01:45:34Z,29.86791571,121.538805,3.096,288.89
2019-08-28T01:45:35Z,29.8679151,121.5388049,2.002,108.89
2019-08-28T01:45:36Z,29.86791433,121.538805,0.596,288.89
2019-08-28T01:45:37Z,29.86791361,121.538805,0,0
2019-08-28T01:45:38Z,29.86791285,121.5388051,0,0
2019-08-28T01:45:39Z,29.86791225,121.5388053,0,0
2019-08-28T01:45:40Z,29.86791191,121.5388054,0,0
2019-08-28T01:45:41Z,29.86791168,121.5388056,0,0
2019-08-28T01:45:42Z,29.86791165,121.5388057,0,0
2019-08-28T01:45:43Z,29.86791168,121.5388058,4.163,38.07
2019-08-28T01:45:44Z,29.86791166,121.538806,1.311,241.46
2019-08-28T01:45:45Z,29.86791166,121.538806,0.277,183.86
2019-08-28T01:45:46Z,29.86791155,121.538806,0.287,26.07
2019-08-28T01:45:47Z,29.86791151,121.538806,0,0
2019-08-28T01:45:48Z,29.86791148,121.5388062,0,0
2019-08-28T01:45:49Z,29.86791153,121.5388064,2.203,354.54
2019-08-28T01:45:50Z,29.86791136,121.5388065,1.426,174.54
