2019-08-26T06:32:10Z,29.8644818,121.5373961,0,0
2019-08-26T06:32:11Z,29.86435756,121.5373576,0,0
2019-08-26T06:32:12Z,29.8642341,121.5373251,0,0
2019-08-26T06:32:13Z,29.86412188,121.5372995,0,0
2019-08-26T06:32:14Z,29.86404154,121.5372574,0,0
2019-08-26T06:32:15Z,29.8640085,121.5372246,0,0
2019-08-26T06:32:47Z,29.86545137,121.5382922,0,0
2019-08-26T06:32:48Z,29.86555448,121.5383192,0,0
2019-08-26T06:32:49Z,29.8655975,121.5383315,0,0
2019-08-26T06:32:50Z,29.8655972,121.5383346,0,0
2019-08-26T06:32:51Z,29.86557012,121.5383383,0,0
2019-08-26T06:32:52Z,29.8655607,121.5383417,0,0
2019-08-26T06:32:53Z,29.86565452,121.5383624,0,0
2019-08-26T06:32:54Z,29.86613028,121.5384535,0,0
2019-08-26T06:32:55Z,29.86627226,121.5384556,0,0
2019-08-26T06:32:56Z,29.86629214,121.5384331,0,0
2019-08-26T06:32:57Z,29.86630088,121.538399,0,0
2019-08-26T06:32:58Z,29.86633358,121.538365,0,0
2019-08-26T06:32:59Z,29.86635392,121.5383377,0,0
2019-08-26T06:33:00Z,29.86635172,121.5383128,0,0
2019-08-26T06:33:01Z,29.86635682,121.5382853,0,0
2019-08-26T06:33:02Z,29.8663811,121.5382772,0,0
2019-08-26T06:33:03Z,29.8663995,121.5382711,0,0
2019-08-26T06:33:04Z,29.86640638,121.5382722,0,0
2019-08-26T06:33:05Z,29.8664178,121.5382666,0,0
2019-08-26T06:33:06Z,29.8664245,121.5382548,0,0
2019-08-26T06:33:07Z,29.86647895,121.5382633,0,0
2019-08-26T06:33:08Z,29.86661644,121.538315,0,0
2019-08-26T06:33:28Z,29.8683613,121.5394046,0,0
2019-08-26T06:33:32Z,29.8677171,121.5389728,0,0
2019-08-26T06:33:33Z,29.86758954,121.5388941,0,0
2019-08-26T06:33:34Z,29.86744288,121.538811,0,0
2019-08-26T06:33:35Z,29.867276,121.5387056,0,0
2019-08-26T06:33:36Z,29.86718896,121.538655,0,0
2019-08-26T06:33:37Z,29.86715626,121.5386391,0,0
2019-08-26T06:33:38Z,29.86719388,121.538661,0,0
2019-08-26T06:33:39Z,29.86721088,121.5386623,0,0
2019-08-26T06:33:40Z,29.8672627,121.5386894,0,0
2019-08-26T06:33:41Z,29.8672889,121.538708,0,0
2019-08-26T06:33:42Z,29.86728292,121.5387053,0,0
2019-08-26T06:33:43Z,29.86729666,121.5387051,0,0
2019-08-26T06:33:44Z,29.86729356,121.5387006,0,0
2019-08-26T06:33:45Z,29.86727158,121.5386903,0,0
2019-08-26T06:33:46Z,29.8672605,121.5386834,0,0
2019-08-26T06:33:47Z,29.86724092,121.5386718,0,0
2019-08-26T06:33:48Z,29.8672322,121.5386574,0,0
2019-08-26T06:33:49Z,29.86720556,121.5386224,0,0
2019-08-26T06:33:50Z,29.867074,121.5385215,0,0
2019-08-26T06:33:51Z,29.86704032,121.538482,0,0
2019-08-26T06:33:52Z,29.8670936,121.5385118,0,0
2019-08-26T06:33:53Z,29.8670968,121.5385117,0,0
2019-08-26T06:33:55Z,29.86706568,121.5384955,0,0
2019-08-26T06:33:56Z,29.8670543,121.5384964,0,0
2019-08-26T06:33:57Z,29.86703798,121.5385034,0,0
2019-08-26T06:33:58Z,29.86702237,121.538507,0,0
2019-08-26T06:33:59Z,29.8670178,121.5385083,0,0
2019-08-26T06:34:01Z,29.867018,121.5385268,0,0
2019-08-26T06:34:02Z,29.86700188,121.5385194,0,0
2019-08-26T06:34:03Z,29.8670008,121.5385167,0,0
2019-08-26T06:34:46Z,29.8667229,121.5388379,0,0
2019-08-26T06:34:47Z,29.86667064,121.5387294,0,0
2019-08-26T06:34:48Z,29.86670518,121.5386768,0,0
2019-08-26T06:34:49Z,29.86675166,121.5386651,0,0
2019-08-26T06:34:50Z,29.86679032,121.5386707,0,0
2019-08-26T06:34:51Z,29.86687948,121.5387174,0,0
2019-08-26T06:34:52Z,29.86703914,121.5387896,0,0
2019-08-26T06:34:53Z,29.86706414,121.5387795,0,0
2019-08-26T06:34:54Z,29.86706272,121.5387733,0,0
2019-08-26T06:34:55Z,29.8670641,121.5387762,0,0
2019-08-26T06:34:56Z,29.86706668,121.5387816,0,0
2019-08-26T06:34:57Z,29.86706544,121.5387866,0,0
2019-08-26T06:34:58Z,29.8670621,121.538788,0,0
2019-08-26T06:34:59Z,29.86705944,121.5387904,0,0
2019-08-26T06:35:00Z,29.86705798,121.5387951,0,0
2019-08-26T06:35:01Z,29.86705702,121.5388035,0,0
2019-08-26T06:35:02Z,29.86705536,121.5388115,0,0
2019-08-26T06:35:03Z,29.8670555,121.5388186,0,0
2019-08-26T06:35:04Z,29.86705642,121.5388253,0,0
2019-08-26T06:35:05Z,29.86705864,121.5388314,0,0
2019-08-26T06:35:06Z,29.86706098,121.5388368,0,0
2019-08-26T06:35:07Z,29.86706326,121.5388412,0,0
2019-08-26T06:35:08Z,29.86706308,121.538846,0,0
2019-08-26T06:35:09Z,29.86706434,121.5388506,0,0
2019-08-26T06:35:10Z,29.86706564,121.5388556,0,0
2019-08-26T06:35:11Z,29.86706714,121.538861,0,0
2019-08-26T06:35:12Z,29.86706786,121.5388699,0,0
2019-08-26T06:35:13Z,29.86707188,121.5388774,0,0
2019-08-26T06:35:14Z,29.86707362,121.5388801,0,0
2019-08-26T06:35:15Z,29.86706844,121.5388835,0,0
2019-08-26T06:35:16Z,29.86706578,121.5388926,0,0
2019-08-26T06:35:17Z,29.86706826,121.5388953,0,0
2019-08-26T06:35:18Z,29.86707374,121.5388912,0,0
2019-08-26T06:35:19Z,29.86708096,121.5388912,0,0
2019-08-26T06:35:20Z,29.86709398,121.5388874,0,0
2019-08-26T06:35:21Z,29.86711408,121.5388838,0,0
2019-08-26T06:35:22Z,29.8671339,121.5388821,0,0
2019-08-26T06:35:23Z,29.8671529,121.5388741,0,0
2019-08-26T06:35:24Z,29.86716762,121.538871,0,0
2019-08-26T06:35:25Z,29.8671781,121.5388785,0,0
2019-08-26T06:35:26Z,29.86718448,121.5388804,0,0
2019-08-26T06:35:27Z,29.8671919,121.538873,0,0
2019-08-26T06:35:28Z,29.86719304,121.5388763,0,0
2019-08-26T06:35:29Z,29.8671913,121.5388765,0,0
2019-08-26T06:35:30Z,29.86718598,121.538884,0,0
2019-08-26T06:35:31Z,29.86717618,121.5388945,0,0
2019-08-26T06:35:32Z,29.86716974,121.5389059,0,0
2019-08-26T06:35:33Z,29.86716932,121.5389095,0,0
2019-08-26T06:35:34Z,29.86717094,121.5389132,0,0
2019-08-26T06:35:35Z,29.86717136,121.5389193,0,0
2019-08-26T06:35:36Z,29.8671716,121.5389261,0,0
2019-08-26T06:35:37Z,29.86717104,121.5389332,0,0
2019-08-26T06:35:38Z,29.8671699,121.5389407,0,0
2019-08-26T06:35:39Z,29.86716842,121.538949,0,0
2019-08-26T06:35:40Z,29.86716606,121.5389574,0,0
2019-08-26T06:35:41Z,29.8671639,121.5389664,0,0
2019-08-26T06:35:42Z,29.86715954,121.5389741,0,0
2019-08-26T06:35:43Z,29.86715014,121.5389823,0,0
2019-08-26T06:35:44Z,29.86714568,121.5389917,0,0
2019-08-26T06:35:45Z,29.86713952,121.5390018,0,0
2019-08-26T06:35:46Z,29.86713342,121.5390097,0,0
2019-08-26T06:35:47Z,29.86713186,121.5390179,0,0
2019-08-26T06:35:48Z,29.86713454,121.5390243,0,0
2019-08-26T06:35:49Z,29.867136,121.5390237,0,0
2019-08-26T06:35:50Z,29.86713592,121.5390199,0,0
2019-08-26T06:35:51Z,29.86713504,121.5390175,0,0
2019-08-26T06:35:52Z,29.86713224,121.5390159,0,0
2019-08-26T06:35:53Z,29.867129,121.5390116,0,0
2019-08-26T06:35:54Z,29.86712594,121.5390065,0,0
2019-08-26T06:35:55Z,29.86712242,121.5390021,0,0
2019-08-26T06:35:56Z,29.86711942,121.538999,0,0
2019-08-26T06:35:57Z,29.86711376,121.538995,0,0
2019-08-26T06:35:58Z,29.86710706,121.5389923,0,0
2019-08-26T06:35:59Z,29.8671029,121.5389895,0,0
2019-08-26T06:36:00Z,29.8670996,121.5389892,0,0
2019-08-26T06:36:01Z,29.86709438,121.5389835,0,0
2019-08-26T06:36:02Z,29.86709114,121.538978,0,0
2019-08-26T06:36:03Z,29.86708894,121.5389761,0,0
2019-08-26T06:36:04Z,29.8670867,121.5389715,0,0
2019-08-26T06:36:05Z,29.86708302,121.5389696,0,0
2019-08-26T06:36:06Z,29.86708244,121.5389761,0,0
2019-08-26T06:36:07Z,29.86708236,121.5389907,0,0
2019-08-26T06:36:08Z,29.86707326,121.5390046,0,0
2019-08-26T06:36:09Z,29.86706526,121.5390179,0,0
2019-08-26T06:36:10Z,29.86705792,121.5390333,0,0
2019-08-26T06:36:11Z,29.86705074,121.5390478,0,0
2019-08-26T06:36:12Z,29.86704244,121.5390633,0,0
2019-08-26T06:36:13Z,29.86703444,121.5390786,0,0
2019-08-26T06:36:14Z,29.86702254,121.5391005,0,0
2019-08-26T06:36:15Z,29.86701764,121.5391054,0,0
2019-08-26T06:36:16Z,29.86701534,121.5390908,0,0
2019-08-26T06:36:17Z,29.86701726,121.539071,0,0
2019-08-26T06:36:18Z,29.86701606,121.5390523,0,0
2019-08-26T06:36:19Z,29.86702378,121.5390298,0,0
2019-08-26T06:36:20Z,29.86702638,121.5390157,0,0
2019-08-26T06:36:21Z,29.86703136,121.5389974,0,0
2019-08-26T06:36:22Z,29.86703034,121.5389799,0,0
2019-08-26T06:36:23Z,29.86702334,121.5389624,0,0
2019-08-26T06:36:24Z,29.86703078,121.5389434,0,0
2019-08-26T06:36:25Z,29.86703768,121.5389337,0,0
2019-08-26T06:36:26Z,29.86704404,121.5389077,0,0
2019-08-26T06:36:27Z,29.8670516,121.5388693,0,0
2019-08-26T06:36:28Z,29.8670406,121.5388308,0,0
2019-08-26T06:36:29Z,29.86703096,121.5388013,0,0
2019-08-26T06:36:30Z,29.86701544,121.538793,0,0
2019-08-26T06:36:31Z,29.86698858,121.5387836,0,0
2019-08-26T06:36:32Z,29.86695222,121.5387715,0,0
2019-08-26T06:36:33Z,29.866924,121.5387608,0,0
2019-08-26T06:36:34Z,29.86690742,121.5387592,0,0
2019-08-26T06:36:35Z,29.86689144,121.5387558,0,0
2019-08-26T06:36:36Z,29.86688172,121.5387474,0,0
2019-08-26T06:36:37Z,29.86687454,121.5387345,0,0
2019-08-26T06:36:38Z,29.86686108,121.5387107,0,0
2019-08-26T06:36:39Z,29.8668673,121.538706,0,0
2019-08-26T06:36:40Z,29.8669088,121.5387202,0,0
2019-08-26T06:36:41Z,29.86694278,121.5387295,0,0
2019-08-26T06:36:42Z,29.86697228,121.5387352,0,0
2019-08-26T06:36:43Z,29.86698808,121.5387344,0,0
2019-08-26T06:36:44Z,29.86699818,121.5387313,0,0
2019-08-26T06:36:45Z,29.86700168,121.538726,0,0
2019-08-26T06:36:46Z,29.86700726,121.5387223,0,0
2019-08-26T06:36:47Z,29.8670107,121.5387157,0,0
2019-08-26T06:36:48Z,29.86701488,121.5387053,0,0
2019-08-26T06:36:49Z,29.86701896,121.5386959,0,0
2019-08-26T06:36:50Z,29.86701782,121.5386835,0,0
2019-08-26T06:36:51Z,29.86701752,121.5386801,0,0
2019-08-26T06:36:52Z,29.86701814,121.5386762,0,0
2019-08-26T06:36:53Z,29.8670178,121.5386692,0,0
2019-08-26T06:36:54Z,29.86701774,121.5386642,0,0
2019-08-26T06:36:55Z,29.86700442,121.5386527,0,0
2019-08-26T06:36:56Z,29.86700086,121.5386387,0,0
2019-08-26T06:36:57Z,29.8669946,121.5386328,0,0
2019-08-26T06:36:58Z,29.86699446,121.5386195,0,0
2019-08-26T06:36:59Z,29.86699886,121.5386081,0,0
2019-08-26T06:37:00Z,29.86700836,121.5385982,0,0
2019-08-26T06:37:01Z,29.86701402,121.5385958,0,0
2019-08-26T06:37:02Z,29.86701662,121.5385868,0,0
2019-08-26T06:37:03Z,29.86702538,121.5385828,0,0
2019-08-26T06:37:04Z,29.86704406,121.538583,0,0
2019-08-26T06:37:05Z,29.86705528,121.5385851,0,0
2019-08-26T06:37:06Z,29.86707118,121.5385833,0,0
2019-08-26T06:37:07Z,29.8670856,121.5385749,0,0
2019-08-26T06:37:08Z,29.8670906,121.5385694,0,0
2019-08-26T06:37:09Z,29.86710294,121.5385755,0,0
2019-08-26T06:37:10Z,29.8671098,121.5385785,0,0
2019-08-26T06:37:11Z,29.86711014,121.5385811,0,0
2019-08-26T06:37:12Z,29.86710982,121.5385819,0,0
2019-08-26T06:37:13Z,29.86711528,121.5385846,0,0
2019-08-26T06:37:14Z,29.86711078,121.5385913,0,0
2019-08-26T06:37:15Z,29.8671047,121.5385911,0,0
2019-08-26T06:37:16Z,29.86711246,121.5385912,0,0
2019-08-26T06:37:17Z,29.86712278,121.5386013,0,0
2019-08-26T06:37:18Z,29.86713664,121.5386119,0,0
2019-08-26T06:37:19Z,29.86714554,121.5386202,0,0
2019-08-26T06:37:20Z,29.86714954,121.5386252,0,0
2019-08-26T06:37:21Z,29.86715296,121.5386307,0,0
2019-08-26T06:37:22Z,29.8671552,121.538631,0,0
2019-08-26T06:37:23Z,29.86715418,121.5386279,0,0
2019-08-26T06:37:24Z,29.86715108,121.5386278,0,0
2019-08-26T06:37:25Z,29.86715366,121.5386302,0,0
2019-08-26T06:37:26Z,29.8671576,121.5386298,0,0
2019-08-26T06:37:27Z,29.8671614,121.5386314,0,0
2019-08-26T06:37:28Z,29.86715942,121.5386368,0,0
2019-08-26T06:37:29Z,29.86716066,121.5386443,0,0
2019-08-26T06:37:30Z,29.8671588,121.5386488,0,0
2019-08-26T06:37:31Z,29.86716176,121.5386518,0,0
2019-08-26T06:37:32Z,29.86716604,121.5386524,0,0
2019-08-26T06:37:33Z,29.86716406,121.5386552,0,0
2019-08-26T06:37:34Z,29.8671635,121.5386579,0,0
2019-08-26T06:37:35Z,29.8671651,121.5386629,0,0
2019-08-26T06:37:36Z,29.86716954,121.5386703,0,0
2019-08-26T06:37:37Z,29.86717496,121.5386795,0,0
2019-08-26T06:37:38Z,29.86717802,121.5386901,0,0
2019-08-26T06:37:39Z,29.86718254,121.5387015,0,0
2019-08-26T06:37:40Z,29.86718552,121.5387099,0,0
2019-08-26T06:37:41Z,29.86718786,121.5387152,0,0
2019-08-26T06:37:42Z,29.86718862,121.5387281,0,0
2019-08-26T06:37:43Z,29.8671934,121.5387319,0,0
2019-08-26T06:37:44Z,29.86719546,121.53873,0,0
2019-08-26T06:37:45Z,29.8671985,121.5387344,0,0
2019-08-26T06:37:46Z,29.86719866,121.5387425,0,0
2019-08-26T06:37:47Z,29.867204,121.5387386,0,0
2019-08-26T06:37:48Z,29.8672132,121.5387288,0,0
2019-08-26T06:37:49Z,29.86722923,121.5387186,0,0
2019-08-26T06:37:50Z,29.86725186,121.5387157,0,0
2019-08-26T06:37:51Z,29.86727476,121.5387112,0,0
2019-08-26T06:37:52Z,29.86728844,121.5387044,0,0
2019-08-26T06:37:53Z,29.86729904,121.5386932,0,0
2019-08-26T06:37:54Z,29.86730894,121.5386799,0,0
2019-08-26T06:37:55Z,29.86729274,121.538651,0,0
2019-08-26T06:37:56Z,29.86719906,121.5385737,0,0
2019-08-26T06:37:57Z,29.86716924,121.5385349,0,0
2019-08-26T06:37:58Z,29.8671624,121.5385106,0,0
2019-08-26T06:37:59Z,29.8671571,121.5384889,0,0
2019-08-26T06:38:00Z,29.86715834,121.5384731,0,0
2019-08-26T06:38:01Z,29.86715946,121.5385062,0,0
2019-08-26T06:38:02Z,29.86716068,121.5385282,0,0
2019-08-26T06:38:03Z,29.86716128,121.5385398,0,0
2019-08-26T06:38:04Z,29.86715866,121.5385481,0,0
2019-08-26T06:38:05Z,29.86715586,121.5385541,0,0
2019-08-26T06:38:06Z,29.86715506,121.5385577,0,0
2019-08-26T06:38:07Z,29.86715926,121.5385605,0,0
2019-08-26T06:38:08Z,29.86716512,121.5385643,0,0
2019-08-26T06:38:09Z,29.86717284,121.538564,0,0
2019-08-26T06:38:10Z,29.86718016,121.5385627,0,0
2019-08-26T06:38:11Z,29.8671887,121.5385649,0,0
2019-08-26T06:38:12Z,29.86719682,121.5385667,0,0
2019-08-26T06:38:13Z,29.86720366,121.5385727,0,0
2019-08-26T06:38:14Z,29.86721052,121.5385785,0,0
2019-08-26T06:38:15Z,29.86721688,121.5385855,0,0
2019-08-26T06:38:16Z,29.86722374,121.5385939,0,0
2019-08-26T06:38:17Z,29.8672288,121.5386036,0,0
2019-08-26T06:38:18Z,29.867233,121.538614,0,0
2019-08-26T06:38:19Z,29.8672388,121.5386247,0,0
2019-08-26T06:38:20Z,29.86724448,121.5386389,0,0
2019-08-26T06:38:21Z,29.86724698,121.5386548,0,0
2019-08-26T06:38:22Z,29.86724792,121.5386694,0,0
2019-08-26T06:38:23Z,29.86724672,121.5386872,0,0
2019-08-26T06:38:24Z,29.86724254,121.5387001,0,0
2019-08-26T06:38:25Z,29.86723878,121.5387126,0,0
2019-08-26T06:38:26Z,29.8672343,121.5387244,0,0
2019-08-26T06:38:27Z,29.86722944,121.538731,0,0
2019-08-26T06:38:28Z,29.86722526,121.538734,0,0
2019-08-26T06:38:29Z,29.86722072,121.5387306,0,0
2019-08-26T06:38:30Z,29.86721564,121.5387234,0,0
2019-08-26T06:38:31Z,29.86721084,121.538712,0,0
2019-08-26T06:38:32Z,29.86720836,121.5387004,0,0
2019-08-26T06:38:33Z,29.8672075,121.5386921,0,0
2019-08-26T06:38:37Z,29.86719983,121.5386559,0,0
2019-08-26T06:38:38Z,29.86719354,121.5386496,0,0
2019-08-26T06:38:39Z,29.86717684,121.5386493,0,0
2019-08-26T06:38:40Z,29.8671432,121.5386479,0,0
2019-08-26T06:38:41Z,29.86711516,121.5386419,0,0
2019-08-26T06:38:42Z,29.86709428,121.5386304,0,0
2019-08-26T06:38:43Z,29.86708168,121.5386038,0,0
2019-08-26T06:38:44Z,29.8670681,121.5385801,0,0
2019-08-26T06:38:45Z,29.8670651,121.5385495,0,0
2019-08-26T06:38:46Z,29.86706372,121.5385267,0,0
2019-08-26T06:38:47Z,29.8670688,121.5385122,0,0
2019-08-26T06:38:48Z,29.86707566,121.5385024,0,0
2019-08-26T06:38:49Z,29.86708122,121.538498,0,0
2019-08-26T06:38:50Z,29.86708772,121.5384885,0,0
2019-08-26T06:38:51Z,29.86709266,121.5384788,0,0
2019-08-26T06:38:52Z,29.86710086,121.5384769,0,0
2019-08-26T06:38:53Z,29.86710712,121.5384713,0,0
2019-08-26T06:38:54Z,29.8671105,121.5384689,0,0
2019-08-26T06:38:55Z,29.86711234,121.5384609,0,0
2019-08-26T06:38:56Z,29.86711714,121.5384536,0,0
2019-08-26T06:38:57Z,29.86713014,121.5384502,0,0
2019-08-26T06:38:58Z,29.86714836,121.5384469,0,0
2019-08-26T06:38:59Z,29.86716172,121.5384423,0,0
2019-08-26T06:39:00Z,29.86716662,121.5384364,0,0
2019-08-26T06:39:01Z,29.86717028,121.5384319,0,0
2019-08-26T06:39:02Z,29.86717626,121.5384288,0,0
2019-08-26T06:39:03Z,29.8671606,121.5384128,0,0
2019-08-26T06:39:04Z,29.8671499,121.5383999,0,0
2019-08-26T06:39:05Z,29.86715862,121.5384001,0,0
2019-08-26T06:39:06Z,29.867174,121.538403,0,0
2019-08-26T06:39:07Z,29.86719182,121.5384039,0,0
2019-08-26T06:39:08Z,29.86721306,121.5384037,0,0
2019-08-26T06:39:09Z,29.8672234,121.5383942,0,0
2019-08-26T06:39:10Z,29.86723614,121.5383936,0,0
2019-08-26T06:39:11Z,29.86726018,121.5384028,0,0
2019-08-26T06:39:12Z,29.86727928,121.5384039,0,0
2019-08-26T06:39:13Z,29.8672991,121.5384088,0,0
2019-08-26T06:39:14Z,29.86731858,121.5384194,0,0
2019-08-26T06:39:15Z,29.86733428,121.5384314,0,0
2019-08-26T06:39:16Z,29.86734498,121.5384383,0,0
2019-08-26T06:39:17Z,29.86735336,121.5384473,0,0
2019-08-26T06:39:18Z,29.86736096,121.5384631,0,0
2019-08-26T06:39:19Z,29.86736574,121.538481,0,0
2019-08-26T06:39:20Z,29.86736662,121.538498,0,0
2019-08-26T06:39:21Z,29.8673667,121.5385177,0,0
2019-08-26T06:39:22Z,29.86737056,121.53854,0,0
2019-08-26T06:39:23Z,29.86737246,121.5385563,0,0
2019-08-26T06:39:24Z,29.86737366,121.5385688,0,0
2019-08-26T06:39:25Z,29.86737644,121.5385833,0,0
2019-08-26T06:39:26Z,29.86737984,121.5385993,0,0
2019-08-26T06:39:27Z,29.86738012,121.5386106,0,0
2019-08-26T06:39:28Z,29.86737892,121.5386178,0,0
2019-08-26T06:39:29Z,29.86737728,121.5386237,0,0
2019-08-26T06:39:30Z,29.86737036,121.5386302,0,0
2019-08-26T06:39:31Z,29.86736296,121.5386399,0,0
2019-08-26T06:39:32Z,29.86736008,121.5386508,0,0
2019-08-26T06:39:33Z,29.86736238,121.5386562,0,0
2019-08-26T06:39:34Z,29.86736374,121.5386644,0,0
2019-08-26T06:39:35Z,29.86736332,121.5386729,0,0
2019-08-26T06:39:36Z,29.86736256,121.5386809,0,0
2019-08-26T06:39:37Z,29.86735888,121.5386896,0,0
2019-08-26T06:39:38Z,29.86735446,121.5386959,0,0
2019-08-26T06:39:39Z,29.8673468,121.5387009,0,0
2019-08-26T06:39:40Z,29.86733492,121.5387078,0,0
2019-08-26T06:39:41Z,29.86731812,121.5387116,0,0
2019-08-26T06:39:42Z,29.86729928,121.5387238,0,0
2019-08-26T06:39:43Z,29.86729142,121.5387454,0,0
2019-08-26T06:39:44Z,29.86728064,121.5387526,0,0
2019-08-26T06:39:45Z,29.86727336,121.5387575,0,0
2019-08-26T06:39:46Z,29.8672748,121.5387661,0,0
2019-08-26T06:39:47Z,29.8672951,121.5388107,0,0
2019-08-26T06:39:48Z,29.86730576,121.5388466,0,0
2019-08-26T06:39:49Z,29.86729682,121.5388455,0,0
2019-08-26T06:39:50Z,29.86728088,121.53883,0,0
2019-08-26T06:39:51Z,29.86726152,121.5387893,0,0
2019-08-26T06:39:52Z,29.86723074,121.5387021,0,0
2019-08-26T06:39:53Z,29.86719326,121.5385941,0,0
2019-08-26T06:39:54Z,29.86715284,121.5384807,0,0
2019-08-26T06:39:55Z,29.8671157,121.5383834,0,0
2019-08-26T06:39:56Z,29.86707672,121.538281,0,0
2019-08-26T06:39:57Z,29.8670525,121.5382166,0,0
2019-08-26T06:40:01Z,29.8669664,121.5379622,0,0
2019-08-26T06:40:02Z,29.86700854,121.5380224,0,0
2019-08-26T06:40:03Z,29.86708296,121.5380825,0,0
2019-08-26T06:40:04Z,29.86716882,121.5381837,0,0
2019-08-26T06:40:05Z,29.86730596,121.5383596,0,0
2019-08-26T06:40:06Z,29.86733236,121.5384113,0,0
2019-08-26T06:40:07Z,29.86734884,121.5384625,0,0
2019-08-26T06:40:08Z,29.86735462,121.5384935,0,0
2019-08-26T06:40:09Z,29.86735754,121.5385027,0,0
2019-08-26T06:40:10Z,29.86734404,121.5384555,0,0
2019-08-26T06:40:11Z,29.86732856,121.5384034,0,0
2019-08-26T06:40:12Z,29.86731714,121.5384074,0,0
2019-08-26T06:40:13Z,29.86730742,121.5384287,0,0
2019-08-26T06:40:14Z,29.86729768,121.538443,0,0
2019-08-26T06:40:15Z,29.86729042,121.5384575,0,0
2019-08-26T06:40:16Z,29.86728478,121.5384679,0,0
2019-08-26T06:40:17Z,29.8672761,121.5384744,0,0
2019-08-26T06:40:18Z,29.86725674,121.5384839,0,0
2019-08-26T06:40:19Z,29.867234,121.5385072,0,0
2019-08-26T06:40:20Z,29.86721434,121.5385612,0,0
2019-08-26T06:40:21Z,29.86718494,121.538607,0,0
2019-08-26T06:40:22Z,29.86714484,121.5386325,0,0
2019-08-26T06:40:23Z,29.8671014,121.5386608,0,0
2019-08-26T06:40:24Z,29.86705484,121.5386943,0,0
2019-08-26T06:40:25Z,29.86702216,121.5387277,0,0
2019-08-26T06:40:26Z,29.86701654,121.5387381,0,0
2019-08-26T06:40:27Z,29.86702584,121.5387345,0,0
2019-08-26T06:40:28Z,29.86704562,121.5387268,0,0
2019-08-26T06:40:29Z,29.86705996,121.5387273,0,0
2019-08-26T06:40:30Z,29.867075,121.5387276,0,0
2019-08-26T06:40:31Z,29.86709564,121.5387185,0,0
2019-08-26T06:40:32Z,29.86711544,121.5387092,0,0
2019-08-26T06:40:33Z,29.86713038,121.5386932,0,0
2019-08-26T06:40:34Z,29.8671347,121.5386629,0,0
2019-08-26T06:40:35Z,29.86713452,121.5386311,0,0
2019-08-26T06:40:36Z,29.86713106,121.5386013,0,0
2019-08-26T06:40:37Z,29.8671265,121.5385791,0,0
2019-08-26T06:40:38Z,29.86711932,121.5385604,0,0
2019-08-26T06:40:39Z,29.8671141,121.538549,0,0
2019-08-26T06:40:45Z,29.86705003,121.5384443,0,0
2019-08-26T06:40:46Z,29.86705886,121.5383966,0,0
2019-08-26T06:40:47Z,29.86706296,121.5383628,0,0
2019-08-26T06:40:48Z,29.86707144,121.5383334,0,0
2019-08-26T06:40:49Z,29.86709812,121.5383801,0,0
2019-08-26T06:40:50Z,29.86711476,121.5385643,0,0
2019-08-26T06:40:51Z,29.86712074,121.5385862,0,0
2019-08-26T06:40:52Z,29.8671231,121.5385889,0,0
2019-08-26T06:40:53Z,29.86712642,121.5385919,0,0
2019-08-26T06:40:54Z,29.86712932,121.5385985,0,0
2019-08-26T06:40:55Z,29.86712662,121.5386,0,0
2019-08-26T06:40:56Z,29.867124,121.5386006,0,0
2019-08-26T06:40:57Z,29.86712942,121.5385981,0,0
2019-08-26T06:40:58Z,29.8671356,121.5386055,0,0
2019-08-26T06:40:59Z,29.86712686,121.5385956,0,0
2019-08-26T06:41:00Z,29.86712462,121.5385831,0,0
2019-08-26T06:41:01Z,29.86712384,121.5385757,0,0
2019-08-26T06:41:02Z,29.867116,121.5385778,0,0
2019-08-26T06:41:03Z,29.86711094,121.5385764,0,0
2019-08-26T06:41:04Z,29.8671102,121.5385769,0,0
2019-08-26T06:41:05Z,29.8671111,121.5385934,0,0
2019-08-26T06:41:06Z,29.86711214,121.5386148,0,0
2019-08-26T06:41:07Z,29.86710964,121.5386335,0,0
2019-08-26T06:41:08Z,29.86710996,121.5386355,0,0
2019-08-26T06:41:09Z,29.8671142,121.5386396,0,0
2019-08-26T06:41:10Z,29.86712052,121.5386394,0,0
2019-08-26T06:41:11Z,29.86712314,121.5386359,0,0
2019-08-26T06:41:12Z,29.86712514,121.5386319,0,0
2019-08-26T06:41:13Z,29.8671239,121.5386327,0,0
2019-08-26T06:41:14Z,29.86712232,121.5386327,0,0
2019-08-26T06:41:15Z,29.86711798,121.5386304,0,0
2019-08-26T06:41:16Z,29.86711122,121.5386287,0,0
2019-08-26T06:41:17Z,29.86710044,121.5386234,0,0
2019-08-26T06:41:18Z,29.8670932,121.5386221,0,0
2019-08-26T06:41:19Z,29.86708056,121.5386146,0,0
2019-08-26T06:41:20Z,29.86706692,121.5386012,0,0
2019-08-26T06:41:21Z,29.8670622,121.538586,0,0
2019-08-26T06:41:22Z,29.8670612,121.5385842,0,0
2019-08-26T06:41:23Z,29.86705616,121.5385821,0,0
2019-08-26T06:41:24Z,29.8670496,121.5385805,0,0
2019-08-26T06:41:25Z,29.86704384,121.5385789,0,0
2019-08-26T06:41:26Z,29.8670459,121.5385921,0,0
2019-08-26T06:41:27Z,29.86704662,121.5386036,0,0
2019-08-26T06:41:28Z,29.86703588,121.5386134,0,0
2019-08-26T06:41:29Z,29.86702718,121.5386152,0,0
2019-08-26T06:41:30Z,29.86701344,121.5386131,0,0
2019-08-26T06:41:31Z,29.86700144,121.5386029,0,0
2019-08-26T06:41:32Z,29.86700742,121.5385934,0,0
2019-08-26T06:41:33Z,29.86701338,121.5385883,0,0
2019-08-26T06:41:34Z,29.86702046,121.5385894,0,0
2019-08-26T06:41:35Z,29.8670269,121.5385872,0,0
2019-08-26T06:41:36Z,29.86703404,121.5385811,0,0
2019-08-26T06:41:37Z,29.86704308,121.5385772,0,0
2019-08-26T06:41:38Z,29.8670507,121.5385751,0,0
2019-08-26T06:41:39Z,29.86705374,121.5385744,0,0
2019-08-26T06:41:40Z,29.86705412,121.5385789,0,0
2019-08-26T06:41:41Z,29.86705344,121.5385798,0,0
2019-08-26T06:41:42Z,29.86705594,121.5385824,0,0
2019-08-26T06:41:43Z,29.86706042,121.5385928,0,0
2019-08-26T06:41:44Z,29.86706374,121.5386005,0,0
2019-08-26T06:41:45Z,29.86706882,121.5386064,0,0
2019-08-26T06:41:46Z,29.86706736,121.5386116,0,0
2019-08-26T06:41:47Z,29.86706314,121.5386228,0,0
2019-08-26T06:41:48Z,29.86706052,121.5386406,0,0
2019-08-26T06:41:49Z,29.86706474,121.5386581,0,0
2019-08-26T06:41:50Z,29.86707768,121.5386837,0,0
2019-08-26T06:41:51Z,29.8670822,121.5387025,0,0
2019-08-26T06:41:52Z,29.86708198,121.5387081,0,0
2019-08-26T06:41:53Z,29.8670799,121.5387082,0,0
2019-08-26T06:41:54Z,29.86707604,121.5387005,0,0
2019-08-26T06:41:55Z,29.86707066,121.5386918,0,0
2019-08-26T06:41:56Z,29.86706342,121.5386873,0,0
2019-08-26T06:41:57Z,29.8670598,121.5386847,0,0
2019-08-26T06:41:58Z,29.86705994,121.5386938,0,0
2019-08-26T06:41:59Z,29.86706578,121.5387102,0,0
2019-08-26T06:42:00Z,29.8670698,121.5387276,0,0
2019-08-26T06:42:01Z,29.86707448,121.5387451,0,0
2019-08-26T06:42:02Z,29.86707422,121.5387565,0,0
2019-08-26T06:42:03Z,29.86706808,121.5387595,0,0
2019-08-26T06:42:04Z,29.86706296,121.5387579,0,0
2019-08-26T06:42:05Z,29.86706048,121.5387533,0,0
2019-08-26T06:42:06Z,29.86706362,121.5387599,0,0
2019-08-26T06:42:07Z,29.8670677,121.5387613,0,0
2019-08-26T06:42:08Z,29.86707518,121.5387606,0,0
2019-08-26T06:42:09Z,29.86708206,121.53876,0,0
2019-08-26T06:42:10Z,29.86708452,121.5387608,0,0
2019-08-26T06:42:11Z,29.86708914,121.5387627,0,0
2019-08-26T06:42:12Z,29.86709096,121.5387687,0,0
2019-08-26T06:42:13Z,29.86709068,121.5387743,0,0
2019-08-26T06:42:14Z,29.86709026,121.5387784,0,0
2019-08-26T06:42:15Z,29.8670905,121.5387828,0,0
2019-08-26T06:42:16Z,29.86709534,121.538794,0,0
2019-08-26T06:42:17Z,29.86710012,121.5388032,0,0
2019-08-26T06:42:18Z,29.86710482,121.538813,0,0
2019-08-26T06:42:19Z,29.86711038,121.5388226,0,0
2019-08-26T06:42:20Z,29.8671173,121.5388321,0,0
2019-08-26T06:42:21Z,29.86712438,121.5388426,0,0
2019-08-26T06:42:22Z,29.86713106,121.5388535,0,0
2019-08-26T06:42:23Z,29.86713674,121.5388654,0,0
2019-08-26T06:42:24Z,29.86714494,121.5388758,0,0
2019-08-26T06:42:25Z,29.86715592,121.538885,0,0
2019-08-26T06:42:26Z,29.8671718,121.5388973,0,0
2019-08-26T06:42:27Z,29.86718404,121.5389114,0,0
2019-08-26T06:42:28Z,29.8671917,121.5389206,0,0
2019-08-26T06:42:29Z,29.86719834,121.5389225,0,0
2019-08-26T06:42:30Z,29.8672043,121.5389153,0,0
2019-08-26T06:42:31Z,29.8672056,121.5388979,0,0
2019-08-26T06:42:32Z,29.86720648,121.5388824,0,0
2019-08-26T06:42:33Z,29.8672145,121.5388793,0,0
2019-08-26T06:42:34Z,29.86722326,121.5388835,0,0
2019-08-26T06:42:35Z,29.86723204,121.538888,0,0
2019-08-26T06:42:36Z,29.86723328,121.5388944,0,0
2019-08-26T06:42:37Z,29.86723154,121.5389013,0,0
2019-08-26T06:42:38Z,29.86723454,121.5389046,0,0
2019-08-26T06:42:39Z,29.86723536,121.5389078,0,0
2019-08-26T06:42:40Z,29.86723238,121.5389129,0,0
2019-08-26T06:42:41Z,29.86722952,121.5389177,0,0
2019-08-26T06:42:42Z,29.86722718,121.5389215,0,0
2019-08-26T06:42:43Z,29.86722262,121.5389232,0,0
2019-08-26T06:42:44Z,29.86721254,121.5389265,0,0
2019-08-26T06:42:45Z,29.8672023,121.5389287,0,0
2019-08-26T06:42:46Z,29.86720276,121.5389265,0,0
2019-08-26T06:42:47Z,29.86719778,121.538929,0,0
2019-08-26T06:42:48Z,29.8671982,121.5389272,0,0
2019-08-26T06:42:49Z,29.86719376,121.5389235,0,0
2019-08-26T06:42:50Z,29.86719182,121.5389195,0,0
2019-08-26T06:42:51Z,29.8671843,121.5389208,0,0
2019-08-26T06:42:55Z,29.8671518,121.5389221,0,0
2019-08-26T06:42:56Z,29.86709968,121.5389222,0,0
2019-08-26T06:42:57Z,29.8670657,121.5389183,0,0
2019-08-26T06:42:58Z,29.86707254,121.5389266,0,0
2019-08-26T06:42:59Z,29.86708812,121.5389359,0,0
2019-08-26T06:43:00Z,29.86711198,121.5389425,0,0
2019-08-26T06:43:01Z,29.86712582,121.5389475,0,0
2019-08-26T06:43:02Z,29.86712738,121.5389536,0,0
2019-08-26T06:43:03Z,29.86712784,121.5389542,0,0
2019-08-26T06:43:04Z,29.86712884,121.5389526,0,0
2019-08-26T06:43:05Z,29.8671276,121.5389537,0,0
2019-08-26T06:43:06Z,29.86712516,121.538952,0,0
2019-08-26T06:43:07Z,29.86711994,121.538946,0,0
2019-08-26T06:43:08Z,29.86710674,121.5389551,0,0
2019-08-26T06:43:09Z,29.867091,121.5389648,0,0
2019-08-26T06:43:10Z,29.86707904,121.5389689,0,0
2019-08-26T06:43:11Z,29.86706574,121.5389723,0,0
2019-08-26T06:43:13Z,29.8670451,121.5389627,0,0
2019-08-26T06:43:14Z,29.86705046,121.5389357,0,0
2019-08-26T06:43:15Z,29.86706986,121.5389068,0,0
2019-08-26T06:43:16Z,29.86708832,121.5388955,0,0
2019-08-26T06:43:17Z,29.86709034,121.5388789,0,0
2019-08-26T06:43:18Z,29.8670683,121.5388524,0,0
2019-08-26T06:43:19Z,29.86704656,121.5388299,0,0
2019-08-26T06:43:20Z,29.8670274,121.5388098,0,0
2019-08-26T06:43:36Z,29.86696745,121.5392125,0,0
2019-08-26T06:43:37Z,29.86695306,121.5392329,0,0
2019-08-26T06:43:38Z,29.86705002,121.5391639,0,0
2019-08-26T06:43:39Z,29.86709196,121.5391184,0,0
2019-08-26T06:43:40Z,29.86711148,121.5391115,0,0
2019-08-26T06:43:41Z,29.86712064,121.539111,0,0
2019-08-26T06:43:42Z,29.86712358,121.5391044,0,0
2019-08-26T06:43:43Z,29.86712386,121.5390975,0,0
2019-08-26T06:43:44Z,29.86711946,121.5390887,0,0
2019-08-26T06:43:45Z,29.86711048,121.5390778,0,0
2019-08-26T06:43:46Z,29.8670977,121.5390651,0,0
2019-08-26T06:43:47Z,29.86708748,121.5390572,0,0
2019-08-26T06:43:48Z,29.86708012,121.5390463,0,0
2019-08-26T06:43:49Z,29.86708524,121.5390256,0,0
2019-08-26T06:43:50Z,29.86708682,121.539002,0,0
2019-08-26T06:43:51Z,29.8670853,121.5389918,0,0
2019-08-26T06:43:52Z,29.8670832,121.5389853,0,0
2019-08-26T06:43:53Z,29.86708816,121.5389644,0,0
2019-08-26T06:43:54Z,29.8670897,121.538949,0,0
2019-08-26T06:43:55Z,29.86708408,121.5389346,0,0
2019-08-26T06:43:56Z,29.86707522,121.5389268,0,0
2019-08-26T06:43:57Z,29.86704346,121.5389299,0,0
2019-08-26T06:43:58Z,29.866999,121.5389277,0,0
2019-08-26T06:43:59Z,29.86697412,121.5389139,0,0
2019-08-26T06:44:00Z,29.86695544,121.5388965,0,0
2019-08-26T06:44:01Z,29.86694032,121.5388776,0,0
2019-08-26T06:44:02Z,29.86691198,121.5388589,0,0
2019-08-26T06:44:03Z,29.8668969,121.5388417,0,0
2019-08-26T06:44:04Z,29.8669017,121.53883,0,0
2019-08-26T06:44:05Z,29.86690012,121.5388168,0,0
2019-08-26T06:44:06Z,29.86689606,121.5388018,0,0
2019-08-26T06:44:07Z,29.86689342,121.5387883,0,0
2019-08-26T06:44:08Z,29.866889,121.5387851,0,0
2019-08-26T06:44:09Z,29.86688518,121.5387827,0,0
2019-08-26T06:44:10Z,29.86688242,121.538775,0,0
2019-08-26T06:44:11Z,29.86688352,121.5387662,0,0
2019-08-26T06:44:12Z,29.86688336,121.5387619,0,0
2019-08-26T06:44:13Z,29.86688412,121.5387593,0,0
2019-08-26T06:44:14Z,29.86688294,121.5387545,0,0
2019-08-26T06:44:15Z,29.8668856,121.538748,0,0
2019-08-26T06:44:16Z,29.8668843,121.5387416,0,0
2019-08-26T06:44:17Z,29.86688418,121.5387301,0,0
2019-08-26T06:44:18Z,29.86688462,121.5387103,0,0
2019-08-26T06:44:19Z,29.86688518,121.5386986,0,0
2019-08-26T06:44:20Z,29.86688292,121.5386863,0,0
2019-08-26T06:44:21Z,29.86688262,121.538675,0,0
2019-08-26T06:44:22Z,29.86688164,121.5386652,0,0
2019-08-26T06:44:23Z,29.86688158,121.5386563,0,0
2019-08-26T06:44:24Z,29.86688592,121.538647,0,0
2019-08-26T06:44:25Z,29.86691598,121.5386141,0,0
2019-08-26T06:44:26Z,29.86694986,121.5385892,0,0
2019-08-26T06:44:27Z,29.86696556,121.5385725,0,0
2019-08-26T06:44:28Z,29.86698146,121.5385577,0,0
2019-08-26T06:44:29Z,29.86700056,121.5385533,0,0
2019-08-26T06:44:30Z,29.86702306,121.538556,0,0
2019-08-26T06:44:31Z,29.86704422,121.5385647,0,0
2019-08-26T06:44:32Z,29.8670752,121.5385807,0,0
2019-08-26T06:44:33Z,29.86709822,121.5385939,0,0
2019-08-26T06:44:34Z,29.86711954,121.5385982,0,0
2019-08-26T06:44:35Z,29.86714004,121.5386002,0,0
2019-08-26T06:44:36Z,29.86715942,121.5386048,0,0
2019-08-26T06:44:37Z,29.86717816,121.5386065,0,0
2019-08-26T06:44:38Z,29.86719328,121.5386122,0,0
2019-08-26T06:44:39Z,29.8672071,121.5386201,0,0
2019-08-26T06:44:40Z,29.8672194,121.5386348,0,0
2019-08-26T06:44:41Z,29.8672273,121.5386423,0,0
2019-08-26T06:44:42Z,29.86723266,121.5386474,0,0
2019-08-26T06:44:43Z,29.86723826,121.5386577,0,0
2019-08-26T06:44:44Z,29.86724428,121.5386677,0,0
2019-08-26T06:44:45Z,29.86724878,121.5386786,0,0
2019-08-26T06:44:46Z,29.86725422,121.5386883,0,0
2019-08-26T06:44:47Z,29.8672575,121.5386975,0,0
2019-08-26T06:44:48Z,29.86725706,121.5387079,0,0
2019-08-26T06:44:49Z,29.86725762,121.5387146,0,0
2019-08-26T06:44:50Z,29.8672658,121.5387229,0,0
2019-08-26T06:44:51Z,29.86727376,121.5387291,0,0
2019-08-26T06:44:52Z,29.8672767,121.538737,0,0
2019-08-26T06:44:53Z,29.8672768,121.5387439,0,0
2019-08-26T06:44:54Z,29.86727284,121.5387502,0,0
2019-08-26T06:44:55Z,29.86727484,121.5387556,0,0
2019-08-26T06:44:56Z,29.8672783,121.5387642,0,0
2019-08-26T06:44:57Z,29.86727628,121.5387697,0,0
2019-08-26T06:44:58Z,29.86727592,121.538769,0,0
2019-08-26T06:44:59Z,29.86727308,121.5387662,0,0
2019-08-26T06:45:00Z,29.8672698,121.5387628,0,0
2019-08-26T06:45:01Z,29.8672625,121.5387567,0,0
2019-08-26T06:45:02Z,29.86724546,121.538749,0,0
2019-08-26T06:45:03Z,29.86722868,121.5387327,0,0
2019-08-26T06:45:04Z,29.86721636,121.5387127,0,0
2019-08-26T06:45:05Z,29.8671978,121.5386896,0,0
2019-08-26T06:45:06Z,29.86719038,121.5386676,0,0
2019-08-26T06:45:07Z,29.86719022,121.5386431,0,0
2019-08-26T06:45:08Z,29.86718116,121.5386121,0,0
2019-08-26T06:45:09Z,29.86716694,121.538588,0,0
2019-08-26T06:45:10Z,29.86715676,121.538577,0,0
2019-08-26T06:45:11Z,29.86715554,121.5385588,0,0
2019-08-26T06:45:12Z,29.8671508,121.5385432,0,0
2019-08-26T06:45:13Z,29.86712778,121.538525,0,0
2019-08-26T06:45:14Z,29.86709068,121.5384974,0,0
2019-08-26T06:45:15Z,29.86707468,121.5384778,0,0
2019-08-26T06:45:16Z,29.86707178,121.5384643,0,0
2019-08-26T06:45:17Z,29.86706722,121.5384474,0,0
2019-08-26T06:45:18Z,29.86706224,121.5384259,0,0
2019-08-26T06:45:19Z,29.86706868,121.5384124,0,0
2019-08-26T06:45:20Z,29.86708488,121.5384069,0,0
2019-08-26T06:45:21Z,29.867095,121.538404,0,0
2019-08-26T06:45:22Z,29.86709998,121.5383971,0,0
2019-08-26T06:45:23Z,29.8671021,121.5383886,0,0
2019-08-26T06:45:24Z,29.86711284,121.5383843,0,0
2019-08-26T06:45:25Z,29.86712406,121.5383808,0,0
2019-08-26T06:45:26Z,29.86713152,121.5383747,0,0
2019-08-26T06:45:27Z,29.8671426,121.5383712,0,0
2019-08-26T06:45:28Z,29.86716866,121.5383749,0,0
2019-08-26T06:45:29Z,29.86718954,121.5383763,0,0
2019-08-26T06:45:30Z,29.867201,121.5383744,0,0
2019-08-26T06:45:31Z,29.86720988,121.5383714,0,0
2019-08-26T06:45:32Z,29.8672201,121.5383688,0,0
2019-08-26T06:45:33Z,29.86723,121.5383652,0,0
2019-08-26T06:45:34Z,29.8672415,121.5383604,0,0
2019-08-26T06:45:35Z,29.8672522,121.5383558,0,0
2019-08-26T06:45:36Z,29.86726158,121.5383506,0,0
2019-08-26T06:45:37Z,29.86727626,121.5383444,0,0
2019-08-26T06:45:38Z,29.8672919,121.53834,0,0
2019-08-26T06:45:39Z,29.86730834,121.5383373,0,0
2019-08-26T06:45:40Z,29.86732248,121.5383367,0,0
2019-08-26T06:45:41Z,29.8673345,121.5383354,0,0
2019-08-26T06:45:42Z,29.86734698,121.5383357,0,0
2019-08-26T06:45:43Z,29.86735782,121.5383408,0,0
2019-08-26T06:45:44Z,29.8673666,121.5383487,0,0
2019-08-26T06:45:45Z,29.86737584,121.5383526,0,0
2019-08-26T06:45:46Z,29.86737824,121.5383585,0,0
2019-08-26T06:45:47Z,29.8673777,121.5383642,0,0
2019-08-26T06:45:48Z,29.8673795,121.5383659,0,0
2019-08-26T06:45:49Z,29.86737822,121.5383801,0,0
2019-08-26T06:45:50Z,29.86737408,121.5383878,0,0
2019-08-26T06:45:51Z,29.86736696,121.5383914,0,0
2019-08-26T06:45:52Z,29.86736274,121.5383912,0,0
2019-08-26T06:45:53Z,29.86735782,121.5383923,0,0
2019-08-26T06:45:54Z,29.8673584,121.5383943,0,0
2019-08-26T06:45:55Z,29.86735956,121.5383974,0,0
2019-08-26T06:45:56Z,29.86736218,121.5383971,0,0
2019-08-26T06:45:57Z,29.8673584,121.5383959,0,0
2019-08-26T06:45:58Z,29.86735478,121.5383939,0,0
2019-08-26T06:45:59Z,29.8673366,121.5383908,0,0
2019-08-26T06:46:00Z,29.86732436,121.5383976,0,0
2019-08-26T06:46:01Z,29.86731907,121.5383961,0,0
2019-08-26T06:46:02Z,29.8673116,121.5383932,0,0
2019-08-26T06:46:03Z,29.86731724,121.5383884,0,0
2019-08-26T06:46:04Z,29.86731292,121.5383875,0,0
2019-08-26T06:46:05Z,29.86731542,121.5383838,0,0
2019-08-26T06:46:06Z,29.867317,121.5383839,0,0
2019-08-26T06:46:07Z,29.86731152,121.5383842,0,0
2019-08-26T06:46:08Z,29.86731206,121.5383842,0,0
2019-08-26T06:46:09Z,29.86731308,121.5383878,0,0
2019-08-26T06:46:10Z,29.86731282,121.5384013,0,0
2019-08-26T06:46:11Z,29.8673157,121.5384196,0,0
2019-08-26T06:46:12Z,29.86730452,121.5384261,0,0
2019-08-26T06:46:13Z,29.86730468,121.5384348,0,0
2019-08-26T06:46:14Z,29.86731314,121.5384367,0,0
2019-08-26T06:46:15Z,29.86731666,121.538442,0,0
2019-08-26T06:46:16Z,29.86731776,121.5384497,0,0
2019-08-26T06:46:17Z,29.8673174,121.5384577,0,0
2019-08-26T06:46:18Z,29.86731604,121.5384668,0,0
2019-08-26T06:46:19Z,29.86730214,121.538467,0,0
2019-08-26T06:46:20Z,29.86726,121.5384448,0,0
2019-08-26T06:46:21Z,29.86724402,121.5384421,0,0
2019-08-26T06:46:22Z,29.86724896,121.5384543,0,0
2019-08-26T06:46:23Z,29.86724942,121.5384643,0,0
2019-08-26T06:46:24Z,29.86725062,121.538473,0,0
2019-08-26T06:46:25Z,29.86723008,121.5384594,0,0
2019-08-26T06:46:26Z,29.86712904,121.5383856,0,0
2019-08-26T06:46:27Z,29.8670257,121.5383192,0,0
2019-08-26T06:46:28Z,29.86691946,121.5382611,0,0
2019-08-26T06:46:29Z,29.86680086,121.5381976,0,0
2019-08-26T06:46:30Z,29.86680916,121.5382114,0,0
2019-08-26T06:46:31Z,29.86688616,121.5382587,0,0
2019-08-26T06:46:32Z,29.86697542,121.5382924,0,0
2019-08-26T06:46:33Z,29.86700074,121.5383094,0,0
2019-08-26T06:46:34Z,29.86702134,121.5383292,0,0
2019-08-26T06:46:35Z,29.86704156,121.5383434,0,0
2019-08-26T06:46:36Z,29.86705896,121.5383588,0,0
2019-08-26T06:46:37Z,29.86707676,121.5383732,0,0
2019-08-26T06:46:38Z,29.86710044,121.5383848,0,0
2019-08-26T06:46:39Z,29.86712872,121.5384087,0,0
2019-08-26T06:46:40Z,29.86715322,121.538431,0,0
2019-08-26T06:46:41Z,29.8671739,121.5384532,0,0
2019-08-26T06:46:42Z,29.8671933,121.5384683,0,0
2019-08-26T06:46:43Z,29.8672117,121.5384762,0,0
2019-08-26T06:46:44Z,29.86722948,121.538486,0,0
2019-08-26T06:46:45Z,29.86724756,121.5384992,0,0
2019-08-26T06:46:46Z,29.867269,121.5385104,0,0
2019-08-26T06:46:47Z,29.86728532,121.5385212,0,0
2019-08-26T06:46:48Z,29.8672886,121.5385298,0,0
2019-08-26T06:46:49Z,29.86728978,121.5385421,0,0
2019-08-26T06:46:50Z,29.86729352,121.5385468,0,0
2019-08-26T06:46:51Z,29.86729638,121.5385514,0,0
2019-08-26T06:46:52Z,29.86729674,121.5385549,0,0
2019-08-26T06:46:53Z,29.86729044,121.5385534,0,0
2019-08-26T06:46:54Z,29.86728118,121.538554,0,0
2019-08-26T06:46:55Z,29.8672752,121.5385568,0,0
2019-08-26T06:46:56Z,29.86725855,121.5385513,0,0
2019-08-26T06:46:57Z,29.86725052,121.5385454,0,0
2019-08-26T06:46:58Z,29.86724992,121.5385355,0,0
2019-08-26T06:46:59Z,29.86724904,121.5385284,0,0
2019-08-26T06:47:00Z,29.86724754,121.5385266,0,0
2019-08-26T06:47:01Z,29.86723844,121.538531,0,0
2019-08-26T06:47:02Z,29.86723816,121.5385374,0,0
2019-08-26T06:47:03Z,29.8672409,121.5385469,0,0
2019-08-26T06:47:04Z,29.86724678,121.5385517,0,0
2019-08-26T06:47:05Z,29.86726098,121.5385391,0,0
2019-08-26T06:47:06Z,29.86725296,121.538525,0,0
2019-08-26T06:47:07Z,29.86724276,121.5385293,0,0
2019-08-26T06:47:08Z,29.8672511,121.5385506,0,0
2019-08-26T06:47:09Z,29.86726474,121.5385991,0,0
2019-08-26T06:47:10Z,29.86726678,121.5386144,0,0
2019-08-26T06:47:11Z,29.8672595,121.5386314,0,0
2019-08-26T06:47:12Z,29.86725056,121.5386445,0,0
2019-08-26T06:47:13Z,29.86724622,121.538651,0,0
2019-08-26T06:47:14Z,29.86724138,121.538657,0,0
2019-08-26T06:47:15Z,29.86723768,121.5386652,0,0
2019-08-26T06:47:16Z,29.86723294,121.5386724,0,0
2019-08-26T06:47:17Z,29.86722748,121.5386774,0,0
2019-08-26T06:47:18Z,29.86721786,121.5386779,0,0
2019-08-26T06:47:19Z,29.86720814,121.538676,0,0
2019-08-26T06:47:20Z,29.86720138,121.5386753,0,0
2019-08-26T06:47:21Z,29.8671939,121.5386767,0,0
2019-08-26T06:47:22Z,29.86719144,121.5386779,0,0
2019-08-26T06:47:23Z,29.8671926,121.5386821,0,0
2019-08-26T06:47:24Z,29.8671912,121.5386881,0,0
2019-08-26T06:47:25Z,29.8671906,121.5386959,0,0
2019-08-26T06:47:26Z,29.86719006,121.5387158,0,0
2019-08-26T06:47:27Z,29.8671848,121.5387297,0,0
2019-08-26T06:47:28Z,29.86716998,121.538736,0,0
2019-08-26T06:47:29Z,29.86715458,121.5387419,0,0
2019-08-26T06:47:30Z,29.86713716,121.538748,0,0
2019-08-26T06:47:31Z,29.86712494,121.5387633,0,0
2019-08-26T06:47:32Z,29.86711816,121.5387965,0,0
2019-08-26T06:47:33Z,29.8671193,121.5388144,0,0
2019-08-26T06:47:34Z,29.86712912,121.5388332,0,0
2019-08-26T06:47:35Z,29.86713774,121.5388446,0,0
2019-08-26T06:47:36Z,29.86714116,121.5388497,0,0
2019-08-26T06:47:37Z,29.86715414,121.5388492,0,0
2019-08-26T06:47:38Z,29.86717072,121.5388271,0,0
2019-08-26T06:47:39Z,29.86718942,121.5388011,0,0
2019-08-26T06:47:40Z,29.86720364,121.5387816,0,0
2019-08-26T06:47:41Z,29.86721302,121.5387594,0,0
2019-08-26T06:47:42Z,29.86721596,121.5387363,0,0
2019-08-26T06:47:43Z,29.86721356,121.5387202,0,0
2019-08-26T06:47:44Z,29.86720882,121.5387045,0,0
2019-08-26T06:47:45Z,29.86720558,121.5386874,0,0
2019-08-26T06:47:46Z,29.86721,121.5386681,0,0
2019-08-26T06:47:47Z,29.86721248,121.5386475,0,0
2019-08-26T06:47:48Z,29.86720718,121.5386207,0,0
2019-08-26T06:47:49Z,29.8671902,121.5385722,0,0
2019-08-26T06:47:50Z,29.86718192,121.5385289,0,0
2019-08-26T06:47:51Z,29.86717584,121.5385049,0,0
2019-08-26T06:47:52Z,29.8671723,121.5385091,0,0
2019-08-26T06:47:53Z,29.86716886,121.5385161,0,0
2019-08-26T06:47:54Z,29.86716108,121.5385131,0,0
2019-08-26T06:47:55Z,29.86713712,121.5384998,0,0
2019-08-26T06:47:56Z,29.86709416,121.5385163,0,0
2019-08-26T06:47:57Z,29.86705762,121.5385244,0,0
2019-08-26T06:47:58Z,29.86703618,121.5385346,0,0
2019-08-26T06:47:59Z,29.86701864,121.5385394,0,0
2019-08-26T06:48:00Z,29.8670095,121.5385401,0,0
2019-08-26T06:48:03Z,29.86685185,121.5382936,0,0
2019-08-26T06:48:04Z,29.86667014,121.5380268,0,0
2019-08-26T06:48:05Z,29.86649954,121.5378076,0,0
2019-08-26T06:48:06Z,29.86633998,121.5376409,0,0
2019-08-26T06:48:07Z,29.8662242,121.5375521,0,0
2019-08-26T06:48:23Z,29.86686857,121.5381975,0,0
2019-08-26T06:48:24Z,29.86691246,121.5386523,0,0
2019-08-26T06:48:25Z,29.86687552,121.5386825,0,0
2019-08-26T06:48:26Z,29.86689394,121.5386751,0,0
2019-08-26T06:48:27Z,29.86690256,121.5386718,0,0
2019-08-26T06:48:28Z,29.86691222,121.5386725,0,0
2019-08-26T06:48:29Z,29.86692216,121.5386767,0,0
2019-08-26T06:48:30Z,29.86693576,121.5386876,0,0
2019-08-26T06:48:31Z,29.86694006,121.5386964,0,0
2019-08-26T06:48:32Z,29.8669517,121.5387129,0,0
2019-08-26T06:48:33Z,29.86696144,121.5387237,0,0
2019-08-26T06:48:34Z,29.86696598,121.5387317,0,0
2019-08-26T06:48:35Z,29.8669644,121.5387359,0,0
2019-08-26T06:48:36Z,29.86696158,121.5387392,0,0
2019-08-26T06:48:37Z,29.86696064,121.5387401,0,0
2019-08-26T06:48:38Z,29.86695906,121.5387429,0,0
2019-08-26T06:48:39Z,29.86695942,121.5387442,0,0
2019-08-26T06:48:40Z,29.86696436,121.5387481,0,0
2019-08-26T06:48:41Z,29.86696318,121.5387527,0,0
2019-08-26T06:48:42Z,29.86696174,121.5387537,0,0
2019-08-26T06:48:43Z,29.86696144,121.5387579,0,0
2019-08-26T06:48:44Z,29.86696548,121.5387641,0,0
2019-08-26T06:48:45Z,29.86696996,121.5387679,0,0
2019-08-26T06:48:46Z,29.86697708,121.5387697,0,0
2019-08-26T06:48:47Z,29.86699086,121.5387683,0,0
2019-08-26T06:48:48Z,29.86699742,121.5387693,0,0
2019-08-26T06:48:49Z,29.866999,121.5387688,0,0
2019-08-26T06:48:50Z,29.86700172,121.5387699,0,0
2019-08-26T06:48:51Z,29.86700456,121.5387728,0,0
2019-08-26T06:48:52Z,29.8670083,121.5387763,0,0
2019-08-26T06:48:53Z,29.86701084,121.5387793,0,0
2019-08-26T06:48:54Z,29.86701528,121.5387847,0,0
2019-08-26T06:48:55Z,29.86702386,121.5387909,0,0
2019-08-26T06:48:56Z,29.86703472,121.5387966,0,0
2019-08-26T06:48:57Z,29.8670484,121.5388052,0,0
2019-08-26T06:48:58Z,29.86706054,121.5388134,0,0
2019-08-26T06:48:59Z,29.86707078,121.5388225,0,0
2019-08-26T06:49:00Z,29.86707934,121.5388332,0,0
2019-08-26T06:49:01Z,29.86708662,121.5388436,0,0
2019-08-26T06:49:02Z,29.86709382,121.5388497,0,0
2019-08-26T06:49:03Z,29.86710202,121.538854,0,0
2019-08-26T06:49:04Z,29.8671088,121.5388594,0,0
2019-08-26T06:49:05Z,29.86711668,121.5388581,0,0
2019-08-26T06:49:06Z,29.86712556,121.5388596,0,0
2019-08-26T06:49:07Z,29.86713488,121.5388627,0,0
2019-08-26T06:49:08Z,29.86714708,121.5388659,0,0
2019-08-26T06:49:09Z,29.86715656,121.5388695,0,0
2019-08-26T06:49:10Z,29.8671639,121.5388749,0,0
2019-08-26T06:49:11Z,29.8671739,121.5388788,0,0
2019-08-26T06:49:12Z,29.86718276,121.538885,0,0
2019-08-26T06:49:13Z,29.8671895,121.5388928,0,0
2019-08-26T06:49:14Z,29.8671966,121.5388976,0,0
2019-08-26T06:49:15Z,29.86720696,121.5389022,0,0
2019-08-26T06:49:16Z,29.86721756,121.538907,0,0
2019-08-26T06:49:17Z,29.86722792,121.5389087,0,0
2019-08-26T06:49:18Z,29.86723958,121.5389071,0,0
2019-08-26T06:49:19Z,29.86724664,121.5389077,0,0
2019-08-26T06:49:20Z,29.86724572,121.5389044,0,0
2019-08-26T06:49:21Z,29.86724436,121.5388978,0,0
2019-08-26T06:49:22Z,29.86723274,121.5388947,0,0
2019-08-26T06:49:23Z,29.86721826,121.5388939,0,0
2019-08-26T06:49:24Z,29.86720604,121.5388888,0,0
2019-08-26T06:49:25Z,29.8671928,121.538878,0,0
2019-08-26T06:49:26Z,29.86718018,121.5388591,0,0
2019-08-26T06:49:27Z,29.86715886,121.5388446,0,0
2019-08-26T06:49:28Z,29.86714622,121.5388372,0,0
2019-08-26T06:49:29Z,29.86713507,121.5388285,0,0
2019-08-26T06:49:32Z,29.86706465,121.5387597,0,0
2019-08-26T06:49:33Z,29.86706174,121.5387839,0,0
2019-08-26T06:49:34Z,29.8671118,121.5388855,0,0
2019-08-26T06:49:35Z,29.86712906,121.5389121,0,0
2019-08-26T06:49:36Z,29.86714798,121.5389461,0,0
2019-08-26T06:49:37Z,29.8671623,121.5389774,0,0
2019-08-26T06:49:38Z,29.8671666,121.5389933,0,0
2019-08-26T06:49:39Z,29.86717228,121.5390107,0,0
2019-08-26T06:49:40Z,29.86717826,121.5390304,0,0
2019-08-26T06:49:41Z,29.86718802,121.5390591,0,0
2019-08-26T06:49:42Z,29.86719842,121.5390995,0,0
2019-08-26T06:49:43Z,29.86720668,121.53914,0,0
2019-08-26T06:49:44Z,29.86720958,121.5391874,0,0
2019-08-26T06:49:45Z,29.86720872,121.5392347,0,0
2019-08-26T06:49:46Z,29.86718382,121.5392574,0,0
2019-08-26T06:49:47Z,29.86714674,121.5392779,0,0
2019-08-26T06:49:48Z,29.86710342,121.5392999,0,0
2019-08-26T06:49:49Z,29.86704758,121.5393113,0,0
2019-08-26T06:49:50Z,29.86700054,121.5393252,0,0
2019-08-26T06:49:51Z,29.86697592,121.539334,0,0
2019-08-26T06:49:52Z,29.86694128,121.5393298,0,0
2019-08-26T06:49:53Z,29.8669176,121.5393262,0,0
2019-08-26T06:49:54Z,29.86690978,121.5393158,0,0
2019-08-26T06:49:55Z,29.86690134,121.5392765,0,0
2019-08-26T06:49:56Z,29.86690976,121.5392072,0,0
2019-08-26T06:49:57Z,29.8669171,121.5391617,0,0
2019-08-26T06:49:58Z,29.8669271,121.5391163,0,0
2019-08-26T06:49:59Z,29.86693462,121.5390701,0,0
2019-08-26T06:50:00Z,29.86694488,121.5390341,0,0
2019-08-26T06:50:01Z,29.86695836,121.5390077,0,0
2019-08-26T06:50:02Z,29.86697258,121.5389841,0,0
2019-08-26T06:50:03Z,29.86698358,121.5389675,0,0
2019-08-26T06:50:04Z,29.86698772,121.5389545,0,0
2019-08-26T06:50:05Z,29.86698832,121.5389409,0,0
2019-08-26T06:50:06Z,29.86699242,121.5389252,0,0
2019-08-26T06:50:07Z,29.86700056,121.5389088,0,0
2019-08-26T06:50:08Z,29.86700764,121.5388926,0,0
2019-08-26T06:50:09Z,29.866992,121.5388753,0,0
2019-08-26T06:50:10Z,29.86695344,121.5388544,0,0
2019-08-26T06:50:11Z,29.86692408,121.5388378,0,0
2019-08-26T06:50:12Z,29.86690212,121.5388289,0,0
2019-08-26T06:50:13Z,29.8668881,121.5388091,0,0
2019-08-26T06:50:14Z,29.86686952,121.5387866,0,0
2019-08-26T06:50:15Z,29.86686366,121.5387671,0,0
2019-08-26T06:50:16Z,29.86685294,121.5387456,0,0
2019-08-26T06:50:17Z,29.8668408,121.5387223,0,0
2019-08-26T06:50:18Z,29.86683554,121.5386959,0,0
2019-08-26T06:50:19Z,29.86683322,121.5386765,0,0
2019-08-26T06:50:20Z,29.86684314,121.5386617,0,0
2019-08-26T06:50:21Z,29.8668565,121.5386499,0,0
2019-08-26T06:50:22Z,29.8668727,121.538639,0,0
2019-08-26T06:50:23Z,29.8668922,121.5386285,0,0
2019-08-26T06:50:24Z,29.8669088,121.5386156,0,0
2019-08-26T06:50:25Z,29.8669196,121.5386082,0,0
2019-08-26T06:50:26Z,29.86693346,121.5385985,0,0
2019-08-26T06:50:27Z,29.86695138,121.5385892,0,0
2019-08-26T06:50:28Z,29.86696864,121.5385802,0,0
2019-08-26T06:50:29Z,29.86698378,121.538573,0,0
2019-08-26T06:50:30Z,29.86699484,121.5385655,0,0
2019-08-26T06:50:31Z,29.86701276,121.5385647,0,0
2019-08-26T06:50:32Z,29.86704558,121.5385698,0,0
2019-08-26T06:50:33Z,29.86707884,121.5385791,0,0
2019-08-26T06:50:34Z,29.8671278,121.5385922,0,0
2019-08-26T06:50:35Z,29.86716456,121.5386003,0,0
2019-08-26T06:50:36Z,29.86719116,121.5386059,0,0
2019-08-26T06:50:37Z,29.86721886,121.5386167,0,0
2019-08-26T06:50:38Z,29.86724144,121.538629,0,0
2019-08-26T06:50:39Z,29.8672534,121.5386322,0,0
2019-08-26T06:50:40Z,29.86726332,121.5386403,0,0
2019-08-26T06:50:41Z,29.8672716,121.5386503,0,0
2019-08-26T06:50:42Z,29.86727766,121.5386623,0,0
2019-08-26T06:50:43Z,29.86728156,121.5386755,0,0
2019-08-26T06:50:44Z,29.86728336,121.5386878,0,0
2019-08-26T06:50:45Z,29.86728426,121.5387001,0,0
2019-08-26T06:50:46Z,29.86728468,121.5387126,0,0
2019-08-26T06:50:47Z,29.86728572,121.5387236,0,0
2019-08-26T06:50:48Z,29.8672874,121.5387333,0,0
2019-08-26T06:50:49Z,29.86728724,121.5387432,0,0
2019-08-26T06:50:50Z,29.86728492,121.5387534,0,0
2019-08-26T06:50:51Z,29.8672821,121.538763,0,0
2019-08-26T06:50:52Z,29.86727944,121.5387718,0,0
2019-08-26T06:50:53Z,29.86727696,121.5387812,0,0
2019-08-26T06:50:54Z,29.86727256,121.538786,0,0
2019-08-26T06:50:55Z,29.8672663,121.5387894,0,0
2019-08-26T06:50:56Z,29.86725608,121.5387915,0,0
2019-08-26T06:50:57Z,29.86724506,121.5387893,0,0
2019-08-26T06:50:58Z,29.86724354,121.5387829,0,0
2019-08-26T06:50:59Z,29.867239,121.5387772,0,0
2019-08-26T06:51:00Z,29.86723514,121.5387768,0,0
2019-08-26T06:51:01Z,29.86723464,121.5387798,0,0
2019-08-26T06:51:02Z,29.86723612,121.5387834,0,0
2019-08-26T06:51:03Z,29.86723964,121.5387789,0,0
2019-08-26T06:51:04Z,29.8672439,121.5387791,0,0
2019-08-26T06:51:05Z,29.8672417,121.5387801,0,0
2019-08-26T06:51:06Z,29.867242,121.5387805,0,0
2019-08-26T06:51:07Z,29.86723773,121.5387796,0,0
2019-08-26T06:51:08Z,29.86721932,121.5387837,0,0
2019-08-26T06:51:09Z,29.8672071,121.5387855,0,0
2019-08-26T06:51:15Z,29.86719005,121.5387853,0,0
2019-08-26T06:51:16Z,29.86721488,121.5387829,0,0
2019-08-26T06:51:17Z,29.86723448,121.5387837,0,0
2019-08-26T06:51:18Z,29.86724864,121.5387823,0,0
2019-08-26T06:51:19Z,29.86725158,121.538785,0,0
2019-08-26T06:51:20Z,29.86724804,121.5387948,0,0
2019-08-26T06:51:21Z,29.86724276,121.5388053,0,0
2019-08-26T06:51:22Z,29.8672444,121.5388053,0,0
2019-08-26T06:51:23Z,29.86724902,121.5388014,0,0
2019-08-26T06:51:24Z,29.86725346,121.5387949,0,0
2019-08-26T06:51:25Z,29.86725478,121.5387839,0,0
2019-08-26T06:51:26Z,29.86725574,121.5387661,0,0
2019-08-26T06:51:27Z,29.86725788,121.5387501,0,0
2019-08-26T06:51:28Z,29.8672609,121.5387389,0,0
2019-08-26T06:51:29Z,29.86726534,121.5387267,0,0
2019-08-26T06:51:30Z,29.8672712,121.5387144,0,0
2019-08-26T06:51:31Z,29.86727554,121.5387041,0,0
2019-08-26T06:51:32Z,29.86727226,121.5386998,0,0
2019-08-26T06:51:33Z,29.86726956,121.5386956,0,0
2019-08-26T06:51:34Z,29.86726654,121.5386917,0,0
2019-08-26T06:51:35Z,29.8672623,121.5386893,0,0
2019-08-26T06:51:36Z,29.86725714,121.538687,0,0
2019-08-26T06:51:37Z,29.86725046,121.5386853,0,0
2019-08-26T06:51:38Z,29.86724156,121.5386898,0,0
2019-08-26T06:51:39Z,29.86722908,121.5386965,0,0
2019-08-26T06:51:40Z,29.86720984,121.5387071,0,0
2019-08-26T06:51:41Z,29.86719822,121.5387062,0,0
2019-08-26T06:51:42Z,29.86718706,121.5387021,0,0
2019-08-26T06:51:43Z,29.86718176,121.5386845,0,0
2019-08-26T06:51:44Z,29.86716804,121.5386749,0,0
2019-08-26T06:51:45Z,29.8671495,121.5386986,0,0
2019-08-26T06:51:46Z,29.86713258,121.5387473,0,0
2019-08-26T06:51:47Z,29.86711448,121.5387872,0,0
2019-08-26T06:51:48Z,29.86710562,121.5387825,0,0
2019-08-26T06:51:49Z,29.86710752,121.5387409,0,0
2019-08-26T06:51:50Z,29.86712294,121.5386765,0,0
2019-08-26T06:51:51Z,29.86712688,121.5386476,0,0
2019-08-26T06:51:52Z,29.86712794,121.5386321,0,0
2019-08-26T06:51:53Z,29.86712704,121.5386184,0,0
2019-08-26T06:51:54Z,29.86712606,121.5386073,0,0
2019-08-26T06:51:55Z,29.8671242,121.5386018,0,0
2019-08-26T06:51:56Z,29.86710906,121.5386002,0,0
2019-08-26T06:51:57Z,29.86709926,121.5385964,0,0
2019-08-26T06:51:58Z,29.8671072,121.5385896,0,0
2019-08-26T06:51:59Z,29.86711468,121.5385841,0,0
2019-08-26T06:52:00Z,29.86711558,121.5385774,0,0
2019-08-26T06:52:01Z,29.86711438,121.5385695,0,0
2019-08-26T06:52:02Z,29.8671154,121.5385622,0,0
2019-08-26T06:52:03Z,29.8671176,121.5385553,0,0
2019-08-26T06:52:04Z,29.86711546,121.5385488,0,0
2019-08-26T06:52:05Z,29.8671138,121.5385424,0,0
2019-08-26T06:52:06Z,29.8671097,121.5385343,0,0
2019-08-26T06:52:07Z,29.86711188,121.5385268,0,0
2019-08-26T06:52:08Z,29.86711512,121.5385201,0,0
2019-08-26T06:52:09Z,29.86711646,121.5385126,0,0
2019-08-26T06:52:10Z,29.867118,121.5385053,0,0
2019-08-26T06:52:11Z,29.86712122,121.5384978,0,0
2019-08-26T06:52:12Z,29.86712414,121.5384906,0,0
2019-08-26T06:52:13Z,29.86712562,121.5384831,0,0
2019-08-26T06:52:14Z,29.86712912,121.5384764,0,0
2019-08-26T06:52:15Z,29.86713344,121.5384692,0,0
2019-08-26T06:52:16Z,29.86713772,121.5384625,0,0
2019-08-26T06:52:17Z,29.8671416,121.5384562,0,0
2019-08-26T06:52:18Z,29.86714334,121.5384496,0,0
2019-08-26T06:52:19Z,29.86715012,121.5384446,0,0
2019-08-26T06:52:20Z,29.8671605,121.5384402,0,0
2019-08-26T06:52:21Z,29.86716634,121.5384351,0,0
2019-08-26T06:52:22Z,29.86717332,121.5384301,0,0
2019-08-26T06:52:23Z,29.86717772,121.5384251,0,0
2019-08-26T06:52:24Z,29.86718282,121.5384204,0,0
2019-08-26T06:52:25Z,29.86719768,121.5384185,0,0
2019-08-26T06:52:26Z,29.86721278,121.5384151,0,0
2019-08-26T06:52:27Z,29.8672244,121.5384108,0,0
2019-08-26T06:52:28Z,29.86723514,121.5384069,0,0
2019-08-26T06:52:29Z,29.86723984,121.5384016,0,0
2019-08-26T06:52:30Z,29.86723954,121.5383939,0,0
2019-08-26T06:52:31Z,29.86724056,121.5383872,0,0
2019-08-26T06:52:32Z,29.86724182,121.5383812,0,0
2019-08-26T06:52:33Z,29.8672431,121.5383758,0,0
2019-08-26T06:52:34Z,29.8672455,121.5383722,0,0
2019-08-26T06:52:35Z,29.8672512,121.5383712,0,0
2019-08-26T06:52:36Z,29.867257,121.5383702,0,0
2019-08-26T06:52:37Z,29.8672643,121.5383703,0,0
2019-08-26T06:52:38Z,29.86727134,121.5383703,0,0
2019-08-26T06:52:39Z,29.86727798,121.5383723,0,0
2019-08-26T06:52:40Z,29.86728364,121.5383728,0,0
2019-08-26T06:52:41Z,29.86728782,121.538374,0,0
2019-08-26T06:52:42Z,29.86728912,121.5383806,0,0
2019-08-26T06:52:43Z,29.86729254,121.5383851,0,0
2019-08-26T06:52:44Z,29.86730432,121.5383866,0,0
2019-08-26T06:52:45Z,29.8673092,121.5383927,0,0
2019-08-26T06:52:46Z,29.8673102,121.5383984,0,0
2019-08-26T06:52:47Z,29.86731176,121.5384085,0,0
2019-08-26T06:52:48Z,29.8673157,121.5384261,0,0
2019-08-26T06:52:49Z,29.8673197,121.5384432,0,0
2019-08-26T06:52:50Z,29.8673219,121.5384554,0,0
2019-08-26T06:52:51Z,29.86732388,121.5384665,0,0
2019-08-26T06:52:52Z,29.86732452,121.5384771,0,0
2019-08-26T06:52:53Z,29.86732022,121.5384869,0,0
2019-08-26T06:52:54Z,29.86731688,121.5384955,0,0
2019-08-26T06:52:55Z,29.86731424,121.5385042,0,0
2019-08-26T06:52:56Z,29.8673129,121.5385126,0,0
2019-08-26T06:52:57Z,29.86731394,121.5385195,0,0
2019-08-26T06:52:58Z,29.86731684,121.538525,0,0
2019-08-26T06:52:59Z,29.86732014,121.5385312,0,0
2019-08-26T06:53:00Z,29.86732372,121.538538,0,0
2019-08-26T06:53:01Z,29.8673275,121.5385456,0,0
2019-08-26T06:53:02Z,29.8673303,121.5385529,0,0
2019-08-26T06:53:03Z,29.86733198,121.5385598,0,0
2019-08-26T06:53:04Z,29.8673334,121.538566,0,0
2019-08-26T06:53:05Z,29.86733524,121.5385721,0,0
2019-08-26T06:53:06Z,29.86733654,121.5385787,0,0
2019-08-26T06:53:07Z,29.86733746,121.5385847,0,0
2019-08-26T06:53:08Z,29.86734004,121.538588,0,0
2019-08-26T06:53:09Z,29.86734062,121.5385945,0,0
2019-08-26T06:53:10Z,29.86734254,121.5386002,0,0
2019-08-26T06:53:11Z,29.86734374,121.5386051,0,0
2019-08-26T06:53:12Z,29.86734648,121.5386065,0,0
2019-08-26T06:53:13Z,29.86735558,121.5386016,0,0
2019-08-26T06:53:14Z,29.86735962,121.5386009,0,0
2019-08-26T06:53:15Z,29.86736446,121.5386032,0,0
2019-08-26T06:53:16Z,29.86736968,121.5386075,0,0
2019-08-26T06:53:17Z,29.86737334,121.5386127,0,0
2019-08-26T06:53:18Z,29.86738366,121.5386174,0,0
2019-08-26T06:53:19Z,29.86738466,121.538623,0,0
2019-08-26T06:53:20Z,29.8673809,121.5386154,0,0
2019-08-26T06:53:21Z,29.86738026,121.5386176,0,0
2019-08-26T06:53:22Z,29.86738134,121.538623,0,0
2019-08-26T06:53:23Z,29.86737346,121.5386151,0,0
2019-08-26T06:53:24Z,29.8673694,121.5386017,0,0
2019-08-26T06:53:25Z,29.86736228,121.5385972,0,0
2019-08-26T06:53:26Z,29.86735328,121.5385927,0,0
2019-08-26T06:53:27Z,29.8673514,121.5386038,0,0
2019-08-26T06:53:28Z,29.86733646,121.5386409,0,0
2019-08-26T06:53:29Z,29.86732576,121.5386495,0,0
2019-08-26T06:53:30Z,29.86731884,121.5386739,0,0
2019-08-26T06:53:31Z,29.86731014,121.5387098,0,0
2019-08-26T06:53:32Z,29.8672973,121.5387769,0,0
2019-08-26T06:53:33Z,29.86730312,121.5388345,0,0
2019-08-26T06:53:34Z,29.86732082,121.5388498,0,0
2019-08-26T06:53:35Z,29.86735128,121.5388322,0,0
2019-08-26T06:53:36Z,29.86740064,121.5388678,0,0
2019-08-26T06:53:37Z,29.8674355,121.5388793,0,0
2019-08-26T06:53:45Z,29.8676371,121.5390083,0,0
2019-08-26T06:53:46Z,29.86759918,121.538973,0,0
2019-08-26T06:53:47Z,29.86758524,121.5389499,0,0
2019-08-26T06:53:48Z,29.86758154,121.5389302,0,0
2019-08-26T06:53:49Z,29.8675895,121.5389146,0,0
2019-08-26T06:53:50Z,29.86760554,121.5389458,0,0
2019-08-26T06:53:51Z,29.8676135,121.5389436,0,0
2019-08-26T06:53:55Z,29.86765205,121.5390333,0,0
2019-08-26T06:54:07Z,29.8676373,121.5388475,0,0
2019-08-26T06:54:08Z,29.8676331,121.5388616,0,0
2019-08-26T06:54:09Z,29.86764664,121.5392667,0,0
2019-08-26T06:54:10Z,29.86772894,121.5397243,0,0
2019-08-26T06:54:11Z,29.86775492,121.5398743,0,0
2019-08-26T06:54:12Z,29.86774448,121.5399333,0,0
2019-08-26T06:54:13Z,29.86771036,121.5399173,0,0
2019-08-26T06:54:14Z,29.86768454,121.5399014,0,0
2019-08-26T06:54:15Z,29.86766464,121.5398996,0,0
2019-08-26T06:54:16Z,29.86764306,121.5398899,0,0
2019-08-26T06:54:18Z,29.8676208,121.5399115,0,0
2019-08-26T06:54:19Z,29.86760683,121.5399565,0,0
2019-08-26T06:54:20Z,29.86759174,121.5399611,0,0
2019-08-26T06:54:21Z,29.86758284,121.5399443,0,0
2019-08-26T06:54:22Z,29.86757358,121.5399456,0,0
2019-08-26T06:54:23Z,29.86756214,121.5399426,0,0
2019-08-26T06:54:24Z,29.8675467,121.539957,0,0
2019-08-26T06:54:25Z,29.86753415,121.5399634,0,0
2019-08-26T06:54:33Z,29.8675545,121.540065,0,0
2019-08-26T06:54:34Z,29.86758174,121.5400134,0,0
2019-08-26T06:54:35Z,29.86760236,121.5399757,0,0
2019-08-26T06:54:36Z,29.867612,121.5399585,0,0
2019-08-26T06:54:39Z,29.86763025,121.5399947,0,0
2019-08-26T06:54:40Z,29.86763084,121.5400132,0,0
2019-08-26T06:54:41Z,29.8676326,121.5400484,0,0
2019-08-26T06:54:42Z,29.8676343,121.5400766,0,0
2019-08-26T06:54:43Z,29.8676549,121.5402282,0,0
2019-08-26T06:54:44Z,29.86767852,121.5404128,0,0
2019-08-26T06:54:45Z,29.8677898,121.5404737,0,0
2019-08-26T06:55:02Z,29.86741805,121.5398492,0,0
2019-08-26T06:55:03Z,29.86736152,121.539933,0,0
2019-08-26T06:55:04Z,29.8672768,121.5399157,0,0
2019-08-26T06:55:05Z,29.86721522,121.5399164,0,0
2019-08-26T06:55:06Z,29.86711956,121.5398302,0,0
2019-08-26T06:55:07Z,29.8670444,121.5397274,0,0
2019-08-26T06:55:08Z,29.86704302,121.5396674,0,0
2019-08-26T06:55:09Z,29.8670788,121.5395997,0,0
2019-08-26T06:55:13Z,29.8670644,121.5392717,0,0
2019-08-26T06:55:14Z,29.86694412,121.5390655,0,0
2019-08-26T06:55:15Z,29.8668949,121.538964,0,0
2019-08-26T06:55:16Z,29.8669453,121.5388933,0,0
2019-08-26T06:55:17Z,29.86698078,121.5389326,0,0
2019-08-26T06:55:18Z,29.86700762,121.5389947,0,0
2019-08-26T06:55:19Z,29.86702062,121.539,0,0
2019-08-26T06:55:20Z,29.86702036,121.5389955,0,0
2019-08-26T06:55:21Z,29.86701186,121.5389806,0,0
2019-08-26T06:55:22Z,29.8670029,121.5389559,0,0
2019-08-26T06:55:23Z,29.86699274,121.5389323,0,0
2019-08-26T06:55:24Z,29.86698786,121.5389125,0,0
2019-08-26T06:55:25Z,29.86699644,121.5388987,0,0
2019-08-26T06:55:26Z,29.86700718,121.5388826,0,0
2019-08-26T06:55:27Z,29.86703652,121.5388595,0,0
2019-08-26T06:55:28Z,29.86704406,121.5388289,0,0
2019-08-26T06:55:29Z,29.86705178,121.538797,0,0
2019-08-26T06:55:30Z,29.867058,121.5387761,0,0
2019-08-26T06:55:33Z,29.86705915,121.5387222,0,0
2019-08-26T06:55:34Z,29.8670679,121.5387244,0,0
2019-08-26T06:55:35Z,29.8670853,121.538729,0,0
2019-08-26T06:55:36Z,29.86712626,121.5387702,0,0
2019-08-26T06:55:37Z,29.8671477,121.5387744,0,0
2019-08-26T06:55:38Z,29.8671489,121.5387679,0,0
2019-08-26T06:55:39Z,29.86714514,121.5387706,0,0
2019-08-26T06:55:40Z,29.86714078,121.5387783,0,0
2019-08-26T06:55:41Z,29.86713896,121.538785,0,0
2019-08-26T06:55:42Z,29.86713616,121.5387888,0,0
2019-08-26T06:55:43Z,29.86713348,121.5387903,0,0
2019-08-26T06:55:44Z,29.8671305,121.5387932,0,0
2019-08-26T06:55:45Z,29.86712728,121.5387954,0,0
2019-08-26T06:55:46Z,29.86712324,121.5387946,0,0
2019-08-26T06:55:47Z,29.86711658,121.5387984,0,0
2019-08-26T06:55:48Z,29.86711054,121.538801,0,0
2019-08-26T06:55:49Z,29.86710592,121.5388055,0,0
2019-08-26T06:55:50Z,29.86711022,121.5388038,0,0
2019-08-26T06:55:51Z,29.8671117,121.5388043,0,0
2019-08-26T06:55:52Z,29.86711424,121.5388031,0,0
2019-08-26T06:55:53Z,29.867117,121.5388028,0,0
2019-08-26T06:55:54Z,29.8671185,121.5388063,0,0
2019-08-26T06:55:55Z,29.86712242,121.5388094,0,0
2019-08-26T06:55:56Z,29.86712752,121.538812,0,0
2019-08-26T06:55:57Z,29.86712888,121.5388128,0,0
2019-08-26T06:55:58Z,29.8671261,121.5388129,0,0
2019-08-26T06:55:59Z,29.86712806,121.5388149,0,0
2019-08-26T06:56:00Z,29.86713138,121.5388179,0,0
2019-08-26T06:56:01Z,29.8671321,121.5388218,0,0
2019-08-26T06:56:02Z,29.86713608,121.5388258,0,0
2019-08-26T06:56:03Z,29.8671533,121.5388268,0,0
2019-08-26T06:56:04Z,29.86716688,121.5388284,0,0
2019-08-26T06:56:05Z,29.86717434,121.5388293,0,0
2019-08-26T06:56:06Z,29.86718782,121.5388285,0,0
2019-08-26T06:56:07Z,29.86719698,121.5388291,0,0
2019-08-26T06:56:08Z,29.86720478,121.5388273,0,0
2019-08-26T06:56:09Z,29.86720344,121.5388375,0,0
2019-08-26T06:56:10Z,29.86720934,121.5388352,0,0
2019-08-26T06:56:11Z,29.86720238,121.538843,0,0
2019-08-26T06:56:12Z,29.867198,121.5388508,0,0
2019-08-26T06:56:13Z,29.8672022,121.5388497,0,0
2019-08-26T06:56:14Z,29.86720478,121.5388519,0,0
2019-08-26T06:56:15Z,29.86720788,121.5388567,0,0
2019-08-26T06:56:16Z,29.86720556,121.5388642,0,0
2019-08-26T06:56:17Z,29.86719782,121.5388726,0,0
2019-08-26T06:56:18Z,29.86719224,121.5388807,0,0
2019-08-26T06:56:19Z,29.86718682,121.5388871,0,0
2019-08-26T06:56:20Z,29.8671781,121.5388833,0,0
2019-08-26T06:56:21Z,29.86716624,121.5388784,0,0
2019-08-26T06:56:22Z,29.8671589,121.5388776,0,0
2019-08-26T06:56:23Z,29.86715176,121.5388798,0,0
2019-08-26T06:56:24Z,29.8671467,121.5388804,0,0
2019-08-26T06:56:25Z,29.8671369,121.5388815,0,0
2019-08-26T06:56:26Z,29.86713128,121.538878,0,0
2019-08-26T06:56:27Z,29.86712626,121.5388781,0,0
2019-08-26T06:56:28Z,29.86711826,121.5388749,0,0
2019-08-26T06:56:29Z,29.86711464,121.5388694,0,0
2019-08-26T06:56:30Z,29.86711302,121.538865,0,0
2019-08-26T06:56:31Z,29.86711672,121.538865,0,0
2019-08-26T06:56:32Z,29.86711972,121.5388654,0,0
2019-08-26T06:56:33Z,29.86712344,121.5388687,0,0
2019-08-26T06:56:34Z,29.86712962,121.5388734,0,0
2019-08-26T06:56:35Z,29.8671365,121.5388791,0,0
2019-08-26T06:56:36Z,29.86714378,121.5388853,0,0
2019-08-26T06:56:37Z,29.86715306,121.5388916,0,0
2019-08-26T06:56:38Z,29.86716412,121.5388973,0,0
2019-08-26T06:56:39Z,29.86717274,121.5389047,0,0
2019-08-26T06:56:40Z,29.86718142,121.5389143,0,0
2019-08-26T06:56:41Z,29.86719172,121.5389215,0,0
2019-08-26T06:56:42Z,29.8672057,121.5389283,0,0
2019-08-26T06:56:43Z,29.86721514,121.5389377,0,0
2019-08-26T06:56:44Z,29.86722486,121.5389462,0,0
2019-08-26T06:56:45Z,29.86723378,121.538942,0,0
2019-08-26T06:56:46Z,29.86724426,121.5389361,0,0
2019-08-26T06:56:47Z,29.86725618,121.5389354,0,0
2019-08-26T06:56:48Z,29.86726718,121.5389422,0,0
2019-08-26T06:56:49Z,29.8672739,121.538954,0,0
2019-08-26T06:56:50Z,29.8672794,121.5389647,0,0
2019-08-26T06:56:51Z,29.8672825,121.5389768,0,0
2019-08-26T06:56:52Z,29.86728478,121.5389929,0,0
2019-08-26T06:56:53Z,29.86728942,121.5390111,0,0
2019-08-26T06:56:54Z,29.86729664,121.5390349,0,0
2019-08-26T06:56:55Z,29.86731326,121.5390558,0,0
2019-08-26T06:56:56Z,29.86732914,121.5390867,0,0
2019-08-26T06:56:57Z,29.86734206,121.539117,0,0
2019-08-26T06:56:58Z,29.86735664,121.5391535,0,0
2019-08-26T06:56:59Z,29.86735588,121.5391966,0,0
2019-08-26T06:57:00Z,29.86735404,121.5392304,0,0
2019-08-26T06:57:01Z,29.86735008,121.5392465,0,0
2019-08-26T06:57:02Z,29.86734284,121.5392541,0,0
2019-08-26T06:57:03Z,29.86732224,121.5392467,0,0
2019-08-26T06:57:04Z,29.86730458,121.5392362,0,0
2019-08-26T06:57:05Z,29.86728994,121.5392214,0,0
2019-08-26T06:57:06Z,29.86727348,121.5392019,0,0
2019-08-26T06:57:07Z,29.86725676,121.5391893,0,0
2019-08-26T06:57:08Z,29.86724086,121.5391757,0,0
2019-08-26T06:57:09Z,29.86723128,121.5391581,0,0
2019-08-26T06:57:10Z,29.86722676,121.5391258,0,0
2019-08-26T06:57:11Z,29.86721314,121.5390949,0,0
2019-08-26T06:57:12Z,29.86719016,121.5390591,0,0
2019-08-26T06:57:13Z,29.86716348,121.5390249,0,0
2019-08-26T06:57:14Z,29.86714194,121.5389991,0,0
2019-08-26T06:57:15Z,29.8671353,121.538979,0,0
2019-08-26T06:57:16Z,29.86712364,121.5389639,0,0
2019-08-26T06:57:17Z,29.86711402,121.5389485,0,0
2019-08-26T06:57:18Z,29.86710014,121.5389325,0,0
2019-08-26T06:57:19Z,29.8670755,121.5389116,0,0
2019-08-26T06:57:20Z,29.8670436,121.5388781,0,0
2019-08-26T06:57:21Z,29.8670184,121.53886,0,0
2019-08-26T06:57:22Z,29.86700432,121.5388598,0,0
2019-08-26T06:57:23Z,29.86699118,121.5388668,0,0
2019-08-26T06:57:24Z,29.86697026,121.538885,0,0
2019-08-26T06:57:25Z,29.86695008,121.5388956,0,0
2019-08-26T06:57:26Z,29.86693768,121.5388993,0,0
2019-08-26T06:57:27Z,29.86693216,121.5388883,0,0
2019-08-26T06:57:28Z,29.8669263,121.5388728,0,0
2019-08-26T06:57:29Z,29.86691938,121.5388626,0,0
2019-08-26T06:57:30Z,29.86691566,121.5388506,0,0
2019-08-26T06:57:31Z,29.86691264,121.5388331,0,0
2019-08-26T06:57:32Z,29.86690758,121.5388066,0,0
2019-08-26T06:57:33Z,29.86690284,121.5387876,0,0
2019-08-26T06:57:34Z,29.86690772,121.5387741,0,0
2019-08-26T06:57:35Z,29.86691206,121.5387608,0,0
2019-08-26T06:57:36Z,29.8669157,121.5387457,0,0
2019-08-26T06:57:37Z,29.86692432,121.5387321,0,0
2019-08-26T06:57:38Z,29.86692918,121.53872,0,0
2019-08-26T06:57:39Z,29.86693246,121.5387095,0,0
2019-08-26T06:57:40Z,29.86693644,121.5387013,0,0
2019-08-26T06:57:41Z,29.86693566,121.5386921,0,0
2019-08-26T06:57:42Z,29.86693776,121.5386935,0,0
2019-08-26T06:57:43Z,29.8669449,121.5386956,0,0
2019-08-26T06:57:44Z,29.86694806,121.5386942,0,0
2019-08-26T06:57:45Z,29.86694722,121.5386885,0,0
2019-08-26T06:57:46Z,29.86694494,121.5386826,0,0
2019-08-26T06:57:47Z,29.86694392,121.5386765,0,0
2019-08-26T06:57:48Z,29.86694844,121.538671,0,0
2019-08-26T06:57:49Z,29.86694988,121.5386658,0,0
2019-08-26T06:57:50Z,29.86695782,121.5386613,0,0
2019-08-26T06:57:51Z,29.86696518,121.5386551,0,0
2019-08-26T06:57:52Z,29.86696524,121.5386483,0,0
2019-08-26T06:57:53Z,29.86697294,121.538642,0,0
2019-08-26T06:57:54Z,29.8669786,121.5386358,0,0
2019-08-26T06:57:55Z,29.86698652,121.5386257,0,0
2019-08-26T06:57:56Z,29.86699586,121.5386186,0,0
2019-08-26T06:57:57Z,29.86700814,121.5386115,0,0
2019-08-26T06:57:58Z,29.86701546,121.5386042,0,0
2019-08-26T06:57:59Z,29.86702238,121.5385978,0,0
2019-08-26T06:58:00Z,29.86702842,121.5385911,0,0
2019-08-26T06:58:01Z,29.86703184,121.5385832,0,0
2019-08-26T06:58:02Z,29.8670387,121.5385778,0,0
2019-08-26T06:58:03Z,29.86705074,121.538578,0,0
2019-08-26T06:58:04Z,29.86705702,121.5385767,0,0
2019-08-26T06:58:05Z,29.86705932,121.5385759,0,0
2019-08-26T06:58:06Z,29.86706432,121.5385784,0,0
2019-08-26T06:58:07Z,29.86706974,121.538578,0,0
2019-08-26T06:58:08Z,29.86707486,121.5385772,0,0
2019-08-26T06:58:09Z,29.86708048,121.5385724,0,0
2019-08-26T06:58:10Z,29.8670885,121.5385715,0,0
2019-08-26T06:58:11Z,29.86709534,121.5385722,0,0
2019-08-26T06:58:12Z,29.8671013,121.5385757,0,0
2019-08-26T06:58:13Z,29.86710478,121.5385811,0,0
2019-08-26T06:58:14Z,29.86711128,121.5385835,0,0
2019-08-26T06:58:15Z,29.86711912,121.538586,0,0
2019-08-26T06:58:16Z,29.86712524,121.5385914,0,0
2019-08-26T06:58:17Z,29.86713352,121.5386,0,0
2019-08-26T06:58:18Z,29.86714098,121.538605,0,0
2019-08-26T06:58:19Z,29.86714584,121.5386086,0,0
2019-08-26T06:58:20Z,29.8671547,121.5386085,0,0
2019-08-26T06:58:21Z,29.86716402,121.5386068,0,0
2019-08-26T06:58:22Z,29.8671774,121.538602,0,0
2019-08-26T06:58:23Z,29.86718944,121.5386003,0,0
2019-08-26T06:58:24Z,29.86720222,121.5385991,0,0
2019-08-26T06:58:25Z,29.86721508,121.538599,0,0
2019-08-26T06:58:26Z,29.8672291,121.5385997,0,0
2019-08-26T06:58:27Z,29.86724308,121.5385984,0,0
2019-08-26T06:58:28Z,29.86725586,121.5385957,0,0
2019-08-26T06:58:29Z,29.86725862,121.5386023,0,0
2019-08-26T06:58:30Z,29.86725016,121.5386222,0,0
2019-08-26T06:58:31Z,29.8672404,121.5386405,0,0
2019-08-26T06:58:32Z,29.86722992,121.5386581,0,0
2019-08-26T06:58:33Z,29.8672227,121.538673,0,0
2019-08-26T06:58:34Z,29.86721734,121.5386848,0,0
2019-08-26T06:58:35Z,29.86720852,121.5386921,0,0
2019-08-26T06:58:36Z,29.86719878,121.5386939,0,0
2019-08-26T06:58:37Z,29.86718974,121.538694,0,0
2019-08-26T06:58:38Z,29.86718246,121.5386888,0,0
2019-08-26T06:58:39Z,29.86717094,121.5386766,0,0
2019-08-26T06:58:40Z,29.8671579,121.5386561,0,0
2019-08-26T06:58:41Z,29.8671451,121.5386398,0,0
2019-08-26T06:58:42Z,29.86712884,121.5386285,0,0
2019-08-26T06:58:43Z,29.86710618,121.5386146,0,0
2019-08-26T06:58:44Z,29.86708222,121.5386036,0,0
2019-08-26T06:58:45Z,29.86706276,121.538595,0,0
2019-08-26T06:58:46Z,29.86703686,121.5385894,0,0
2019-08-26T06:58:47Z,29.86700846,121.5385836,0,0
2019-08-26T06:58:48Z,29.86697708,121.5385805,0,0
2019-08-26T06:58:49Z,29.8669461,121.5385741,0,0
2019-08-26T06:58:50Z,29.86693108,121.5385729,0,0
2019-08-26T06:58:51Z,29.8669318,121.5385742,0,0
2019-08-26T06:58:52Z,29.866943,121.5385706,0,0
2019-08-26T06:58:53Z,29.8669499,121.5385695,0,0
2019-08-26T06:58:54Z,29.8669607,121.5385665,0,0
2019-08-26T06:58:55Z,29.8669768,121.5385622,0,0
2019-08-26T06:58:56Z,29.86699644,121.5385624,0,0
2019-08-26T06:58:57Z,29.86701912,121.5385625,0,0
2019-08-26T06:58:58Z,29.86703888,121.5385621,0,0
2019-08-26T06:58:59Z,29.8670548,121.5385577,0,0
2019-08-26T06:59:00Z,29.86706712,121.5385518,0,0
2019-08-26T06:59:01Z,29.8670713,121.5385401,0,0
2019-08-26T06:59:02Z,29.8670507,121.5385192,0,0
2019-08-26T06:59:03Z,29.8670182,121.5384941,0,0
2019-08-26T06:59:04Z,29.86701972,121.5384777,0,0
2019-08-26T06:59:05Z,29.86701906,121.5384582,0,0
2019-08-26T06:59:06Z,29.86702934,121.5384472,0,0
2019-08-26T06:59:07Z,29.86704662,121.5384428,0,0
2019-08-26T06:59:08Z,29.86706364,121.5384369,0,0
2019-08-26T06:59:09Z,29.86707724,121.5384349,0,0
2019-08-26T06:59:10Z,29.86709588,121.5384324,0,0
2019-08-26T06:59:11Z,29.8671057,121.5384248,0,0
2019-08-26T06:59:12Z,29.86711654,121.538424,0,0
2019-08-26T06:59:13Z,29.86712994,121.5384216,0,0
2019-08-26T06:59:14Z,29.86715214,121.5384198,0,0
2019-08-26T06:59:15Z,29.8671717,121.5384169,0,0
2019-08-26T06:59:16Z,29.86720206,121.538421,0,0
2019-08-26T06:59:17Z,29.86722884,121.5384249,0,0
2019-08-26T06:59:18Z,29.8672471,121.5384214,0,0
2019-08-26T06:59:19Z,29.86725794,121.5384124,0,0
2019-08-26T06:59:20Z,29.8672664,121.5384025,0,0
2019-08-26T06:59:21Z,29.86727288,121.5383922,0,0
2019-08-26T06:59:22Z,29.86727962,121.5383848,0,0
2019-08-26T06:59:23Z,29.8672911,121.5383816,0,0
2019-08-26T06:59:24Z,29.8672968,121.5383716,0,0
2019-08-26T06:59:25Z,29.86729642,121.5383618,0,0
2019-08-26T06:59:26Z,29.86729808,121.5383478,0,0
2019-08-26T06:59:27Z,29.86730466,121.538331,0,0
2019-08-26T06:59:28Z,29.86729616,121.5383087,0,0
2019-08-26T06:59:29Z,29.8672829,121.5382835,0,0
2019-08-26T06:59:30Z,29.8672581,121.5382623,0,0
2019-08-26T06:59:31Z,29.8672425,121.5382556,0,0
2019-08-26T06:59:32Z,29.8672301,121.5382371,0,0
2019-08-26T06:59:33Z,29.86721676,121.5382188,0,0
2019-08-26T06:59:34Z,29.8672104,121.5382128,0,0
2019-08-26T06:59:35Z,29.86720198,121.5382106,0,0
2019-08-26T06:59:36Z,29.86720392,121.5382182,0,0
2019-08-26T06:59:37Z,29.86721438,121.5382317,0,0
2019-08-26T06:59:38Z,29.86722562,121.538248,0,0
2019-08-26T06:59:39Z,29.86723642,121.5382674,0,0
2019-08-26T06:59:40Z,29.86724688,121.5382898,0,0
2019-08-26T06:59:41Z,29.86725546,121.5383147,0,0
2019-08-26T06:59:42Z,29.86726244,121.5383377,0,0
2019-08-26T06:59:43Z,29.86726858,121.5383602,0,0
2019-08-26T06:59:44Z,29.86727254,121.5383802,0,0
2019-08-26T06:59:45Z,29.8672773,121.5383988,0,0
2019-08-26T06:59:46Z,29.8672836,121.5384147,0,0
2019-08-26T06:59:47Z,29.8672972,121.5384414,0,0
2019-08-26T06:59:48Z,29.86730938,121.5384641,0,0
2019-08-26T06:59:49Z,29.86731848,121.538484,0,0
2019-08-26T06:59:50Z,29.86732524,121.5385005,0,0
2019-08-26T06:59:51Z,29.86733014,121.5385159,0,0
2019-08-26T06:59:52Z,29.86732964,121.5385352,0,0
2019-08-26T06:59:53Z,29.86733336,121.538549,0,0
2019-08-26T06:59:54Z,29.86733756,121.5385631,0,0
2019-08-26T06:59:55Z,29.86734486,121.5385717,0,0
2019-08-26T06:59:56Z,29.86735034,121.5385843,0,0
2019-08-26T06:59:57Z,29.8673562,121.5385947,0,0
2019-08-26T06:59:58Z,29.86736312,121.5386016,0,0
2019-08-26T06:59:59Z,29.86736802,121.5386095,0,0
2019-08-26T07:00:00Z,29.86737148,121.5386172,0,0
2019-08-26T07:00:01Z,29.86737122,121.5386253,0,0
2019-08-26T07:00:02Z,29.86737244,121.538633,0,0
2019-08-26T07:00:03Z,29.86738096,121.5386365,0,0
2019-08-26T07:00:04Z,29.86738966,121.5386368,0,0
2019-08-26T07:00:05Z,29.86739664,121.5386395,0,0
2019-08-26T07:00:06Z,29.8673988,121.5386444,0,0
2019-08-26T07:00:07Z,29.86740164,121.538648,0,0
2019-08-26T07:00:08Z,29.86740774,121.5386605,0,0
2019-08-26T07:00:09Z,29.86740846,121.5386652,0,0
2019-08-26T07:00:10Z,29.86740514,121.5386704,0,0
2019-08-26T07:00:11Z,29.86739826,121.5386694,0,0
2019-08-26T07:00:12Z,29.8673998,121.5386758,0,0
2019-08-26T07:00:13Z,29.86740704,121.5386854,0,0
2019-08-26T07:00:14Z,29.8674118,121.5386881,0,0
2019-08-26T07:00:15Z,29.8674075,121.5386873,0,0
2019-08-26T07:00:19Z,29.86736597,121.538684,0,0
2019-08-26T07:00:20Z,29.86731782,121.5387239,0,0
2019-08-26T07:00:21Z,29.86729294,121.5386801,0,0
2019-08-26T07:00:22Z,29.86726466,121.538601,0,0
2019-08-26T07:00:23Z,29.86721798,121.5385144,0,0
2019-08-26T07:00:24Z,29.86719124,121.5385145,0,0
2019-08-26T07:00:25Z,29.86720724,121.5385652,0,0
2019-08-26T07:00:26Z,29.86724784,121.5386119,0,0
2019-08-26T07:00:27Z,29.86730342,121.5386385,0,0
2019-08-26T07:00:28Z,29.8673394,121.53867,0,0
2019-08-26T07:00:29Z,29.86735006,121.5386874,0,0
2019-08-26T07:00:30Z,29.86735384,121.5386966,0,0
2019-08-26T07:00:31Z,29.8673513,121.5387009,0,0
2019-08-26T07:00:32Z,29.86734444,121.5387027,0,0
2019-08-26T07:00:33Z,29.86733828,121.5386938,0,0
2019-08-26T07:00:34Z,29.8673318,121.5386775,0,0
2019-08-26T07:00:35Z,29.8673223,121.5386725,0,0
2019-08-26T07:00:36Z,29.8673173,121.5386825,0,0
2019-08-26T07:00:37Z,29.867309,121.5386898,0,0
2019-08-26T07:00:38Z,29.86730308,121.5386989,0,0
2019-08-26T07:00:39Z,29.86729974,121.5387129,0,0
2019-08-26T07:00:40Z,29.86729664,121.5387298,0,0
2019-08-26T07:00:41Z,29.86729638,121.5387355,0,0
2019-08-26T07:00:42Z,29.86729372,121.5387356,0,0
2019-08-26T07:00:43Z,29.86729134,121.5387431,0,0
2019-08-26T07:00:44Z,29.86727854,121.5387482,0,0
2019-08-26T07:00:45Z,29.8672654,121.5387548,0,0
2019-08-26T07:00:46Z,29.86726422,121.5387572,0,0
2019-08-26T07:00:47Z,29.86726568,121.5387617,0,0
2019-08-26T07:00:48Z,29.86726232,121.5387636,0,0
2019-08-26T07:00:49Z,29.8672623,121.5387607,0,0
2019-08-26T07:00:50Z,29.8672611,121.5387533,0,0
2019-08-26T07:00:51Z,29.86726054,121.5387573,0,0
2019-08-26T07:00:52Z,29.8672613,121.5387643,0,0
2019-08-26T07:00:53Z,29.86725112,121.5387664,0,0
2019-08-26T07:00:54Z,29.86724282,121.5387706,0,0
2019-08-26T07:00:55Z,29.8672375,121.5387754,0,0
2019-08-26T07:00:56Z,29.86723228,121.5387779,0,0
2019-08-26T07:00:57Z,29.8672276,121.538764,0,0
2019-08-26T07:00:58Z,29.86722354,121.5387499,0,0
2019-08-26T07:00:59Z,29.86722234,121.538752,0,0
2019-08-26T07:01:00Z,29.86721902,121.5387523,0,0
2019-08-26T07:01:01Z,29.86721716,121.5387479,0,0
2019-08-26T07:01:02Z,29.86721876,121.5387496,0,0
2019-08-26T07:01:03Z,29.8672135,121.5387453,0,0
2019-08-26T07:01:04Z,29.8672087,121.5387362,0,0
2019-08-26T07:01:05Z,29.86721266,121.5387241,0,0
2019-08-26T07:01:06Z,29.86722172,121.5387149,0,0
2019-08-26T07:01:07Z,29.86723094,121.5387043,0,0
2019-08-26T07:01:08Z,29.86724352,121.5386952,0,0
2019-08-26T07:01:09Z,29.8672501,121.5386891,0,0
2019-08-26T07:01:10Z,29.86725314,121.5386682,0,0
2019-08-26T07:01:11Z,29.86727406,121.5386522,0,0
2019-08-26T07:01:12Z,29.86728838,121.538643,0,0
2019-08-26T07:01:13Z,29.86730078,121.5385862,0,0
2019-08-26T07:01:14Z,29.86737144,121.5384195,0,0
2019-08-26T07:01:15Z,29.867387,121.5383908,0,0
2019-08-26T07:01:16Z,29.86731682,121.5384933,0,0
2019-08-26T07:01:17Z,29.86725352,121.5385558,0,0
2019-08-26T07:01:18Z,29.86721564,121.5385869,0,0
2019-08-26T07:01:19Z,29.86718156,121.5386183,0,0
2019-08-26T07:01:20Z,29.86715684,121.5386315,0,0
2019-08-26T07:01:21Z,29.86712992,121.5386364,0,0
2019-08-26T07:01:22Z,29.86709368,121.5386472,0,0
2019-08-26T07:01:23Z,29.86706272,121.5386641,0,0
2019-08-26T07:01:24Z,29.86702628,121.5386826,0,0
2019-08-26T07:01:25Z,29.86699168,121.538703,0,0
2019-08-26T07:01:26Z,29.86698092,121.5387214,0,0
2019-08-26T07:01:27Z,29.86698048,121.5387201,0,0
2019-08-26T07:01:28Z,29.866991,121.5387117,0,0
2019-08-26T07:01:29Z,29.86697126,121.5386824,0,0
2019-08-26T07:01:30Z,29.86697168,121.5386523,0,0
2019-08-26T07:01:31Z,29.86697568,121.5386261,0,0
2019-08-26T07:01:32Z,29.86697416,121.5386048,0,0
2019-08-26T07:01:33Z,29.86697016,121.5386017,0,0
2019-08-26T07:01:34Z,29.86698296,121.5386171,0,0
2019-08-26T07:01:35Z,29.8669911,121.5386183,0,0
2019-08-26T07:01:36Z,29.8669992,121.5386132,0,0
2019-08-26T07:01:37Z,29.8670122,121.5386177,0,0
2019-08-26T07:01:38Z,29.86701926,121.5386249,0,0
2019-08-26T07:01:39Z,29.86702442,121.538631,0,0
2019-08-26T07:01:40Z,29.86702672,121.5386344,0,0
2019-08-26T07:01:41Z,29.86703098,121.5386365,0,0
2019-08-26T07:01:42Z,29.86703502,121.538631,0,0
2019-08-26T07:01:43Z,29.86703726,121.5386259,0,0
2019-08-26T07:01:44Z,29.86703654,121.53863,0,0
2019-08-26T07:01:45Z,29.867035,121.5386325,0,0
2019-08-26T07:01:49Z,29.86703787,121.5386349,0,0
2019-08-26T07:01:50Z,29.86703966,121.5386464,0,0
2019-08-26T07:01:51Z,29.86703366,121.5386573,0,0
2019-08-26T07:01:52Z,29.86702566,121.538649,0,0
2019-08-26T07:01:53Z,29.86701426,121.538641,0,0
2019-08-26T07:01:54Z,29.86700368,121.538638,0,0
2019-08-26T07:01:55Z,29.86699602,121.5386492,0,0
2019-08-26T07:01:56Z,29.86698738,121.5386619,0,0
2019-08-26T07:01:57Z,29.8669815,121.5386698,0,0
2019-08-26T07:02:03Z,29.86680342,121.538732,0,0
2019-08-26T07:02:04Z,29.86666166,121.5387653,0,0
2019-08-26T07:02:05Z,29.86650808,121.5388379,0,0
2019-08-26T07:02:06Z,29.86635366,121.5389029,0,0
2019-08-26T07:02:07Z,29.86623386,121.5389189,0,0
2019-08-26T07:02:08Z,29.86616264,121.5388265,0,0
2019-08-26T07:02:09Z,29.86608878,121.5387837,0,0
2019-08-26T07:02:10Z,29.86602686,121.5387288,0,0
2019-08-26T07:02:11Z,29.8659598,121.5386783,0,0
2019-08-26T07:02:12Z,29.8658849,121.5386237,0,0
2019-08-26T07:02:13Z,29.8657995,121.5385294,0,0
2019-08-26T07:02:14Z,29.8656638,121.5383669,0,0
2019-08-26T07:02:15Z,29.86550592,121.5382533,0,0
2019-08-26T07:02:16Z,29.86532778,121.5381921,0,0
2019-08-26T07:02:17Z,29.865139,121.5381159,0,0
2019-08-26T07:02:18Z,29.86494402,121.538025,0,0
2019-08-26T07:02:19Z,29.86473994,121.5379339,0,0
2019-08-26T07:02:20Z,29.86454544,121.5378598,0,0
2019-08-26T07:02:21Z,29.8644214,121.5378532,0,0
2019-08-26T07:02:22Z,29.86430338,121.5378144,0,0
2019-08-26T07:02:23Z,29.86416944,121.5377595,0,0
2019-08-26T07:02:24Z,29.86402664,121.5376987,0,0
2019-08-26T07:02:25Z,29.86386734,121.5376303,0,0
2019-08-26T07:02:26Z,29.86371228,121.5375563,0,0
2019-08-26T07:02:27Z,29.86368678,121.5375237,0,0
2019-08-26T07:02:28Z,29.86373312,121.5375193,0,0
2019-08-26T07:02:29Z,29.86378458,121.5375189,0,0
2019-08-26T07:02:30Z,29.8638459,121.5375311,0,0
2019-08-26T07:02:31Z,29.86391766,121.5375501,0,0
2019-08-26T07:02:32Z,29.86397598,121.537567,0,0
2019-08-26T07:02:33Z,29.8640212,121.5375918,0,0
2019-08-26T07:02:34Z,29.86404958,121.53763,0,0
2019-08-26T07:02:35Z,29.86407088,121.5376615,0,0
2019-08-26T07:02:36Z,29.86408738,121.5376913,0,0
2019-08-26T07:02:37Z,29.86407516,121.5377161,0,0
2019-08-26T07:02:38Z,29.86382,121.5376807,0,0
2019-08-26T07:02:39Z,29.86354202,121.537637,0,0
2019-08-26T07:02:40Z,29.86326248,121.5375911,0,0
2019-08-26T07:02:41Z,29.86299872,121.5375524,0,0
2019-08-26T07:02:42Z,29.8628475,121.5375313,0,0
2019-08-26T07:02:51Z,29.86195997,121.5374022,0,0
2019-08-26T07:02:52Z,29.862713,121.5375826,0,0
2019-08-26T07:02:53Z,29.86339336,121.5377338,0,0
2019-08-26T07:02:54Z,29.86361376,121.537737,0,0
2019-08-26T07:02:55Z,29.8637671,121.5377682,0,0
2019-08-26T07:02:59Z,29.86410806,121.5377497,0,0
2019-08-26T07:03:00Z,29.86452135,121.5377581,0,0
2019-08-26T07:03:01Z,29.86558974,121.5380918,0,0
2019-08-26T07:03:02Z,29.86578566,121.5381095,0,0
2019-08-26T07:03:03Z,29.86592308,121.5381462,0,0
2019-08-26T07:03:04Z,29.8660687,121.5381944,0,0
2019-08-26T07:03:05Z,29.8661888,121.5382334,0,0
2019-08-26T07:03:06Z,29.86626972,121.5382587,0,0
2019-08-26T07:03:07Z,29.86634526,121.5382796,0,0
2019-08-26T07:03:08Z,29.86640672,121.5382931,0,0
2019-08-26T07:03:09Z,29.86646108,121.5383092,0,0
2019-08-26T07:03:10Z,29.8665153,121.5383309,0,0
2019-08-26T07:03:11Z,29.86655276,121.5383463,0,0
2019-08-26T07:03:12Z,29.86657304,121.5383548,0,0
2019-08-26T07:03:13Z,29.86659538,121.538362,0,0
2019-08-26T07:03:14Z,29.8666164,121.5383685,0,0
2019-08-26T07:03:15Z,29.86661208,121.5383659,0,0
2019-08-26T07:03:16Z,29.86661464,121.5383641,0,0
2019-08-26T07:03:17Z,29.86663242,121.5383608,0,0
2019-08-26T07:03:18Z,29.8666536,121.53836,0,0
2019-08-26T07:03:19Z,29.86667426,121.5383621,0,0
2019-08-26T07:03:20Z,29.866681,121.5383591,0,0
2019-08-26T07:03:21Z,29.86667918,121.5383527,0,0
2019-08-26T07:03:22Z,29.86667898,121.5383499,0,0
2019-08-26T07:03:23Z,29.86668124,121.5383494,0,0
2019-08-26T07:03:24Z,29.86668016,121.5383469,0,0
2019-08-26T07:03:25Z,29.86667872,121.5383444,0,0
2019-08-26T07:03:26Z,29.86668124,121.538339,0,0
2019-08-26T07:03:27Z,29.86667874,121.53834,0,0
2019-08-26T07:03:28Z,29.8666768,121.5383396,0,0
2019-08-26T07:03:29Z,29.86666792,121.5383349,0,0
2019-08-26T07:03:30Z,29.86665662,121.5383385,0,0
2019-08-26T07:03:31Z,29.86665226,121.5383393,0,0
2019-08-26T07:03:32Z,29.86664876,121.5383258,0,0
2019-08-26T07:03:33Z,29.86664226,121.5383109,0,0
2019-08-26T07:03:34Z,29.86663532,121.538298,0,0
2019-08-26T07:03:35Z,29.86662684,121.5382953,0,0
2019-08-26T07:03:36Z,29.86662392,121.5382942,0,0
2019-08-26T07:03:37Z,29.86662532,121.5382894,0,0
2019-08-26T07:03:38Z,29.8666297,121.5382796,0,0
2019-08-26T07:03:39Z,29.8666314,121.5382709,0,0
2019-08-26T07:03:40Z,29.8666353,121.5382617,0,0
2019-08-26T07:03:41Z,29.86663864,121.538256,0,0
2019-08-26T07:03:42Z,29.86664026,121.5382475,0,0
2019-08-26T07:03:43Z,29.86663744,121.5382451,0,0
2019-08-26T07:03:44Z,29.86663726,121.538238,0,0
2019-08-26T07:03:45Z,29.8666456,121.5382276,0,0
2019-08-26T07:03:46Z,29.86664972,121.538219,0,0
2019-08-26T07:03:47Z,29.86665086,121.5382134,0,0
2019-08-26T07:03:48Z,29.8666481,121.5382087,0,0
2019-08-26T07:03:49Z,29.86664374,121.5382052,0,0
2019-08-26T07:03:50Z,29.86663784,121.538203,0,0
2019-08-26T07:03:51Z,29.8666353,121.5382047,0,0
2019-08-26T07:03:52Z,29.86663642,121.5382067,0,0
2019-08-26T07:03:53Z,29.86663724,121.5382086,0,0
2019-08-26T07:03:54Z,29.8666321,121.5382097,0,0
2019-08-26T07:03:55Z,29.86663056,121.53821,0,0
2019-08-26T07:03:56Z,29.86662746,121.5382082,0,0
2019-08-26T07:03:57Z,29.86661846,121.5382029,0,0
2019-08-26T07:03:58Z,29.86661582,121.538201,0,0
2019-08-26T07:03:59Z,29.8666159,121.538196,0,0
2019-08-26T07:04:00Z,29.86661558,121.5381885,0,0
2019-08-26T07:04:01Z,29.86661628,121.5381852,0,0
2019-08-26T07:04:02Z,29.86661258,121.538181,0,0
2019-08-26T07:04:03Z,29.866611,121.5381788,0,0